array,site,array_visit,snow_cover_days_avg5yr,mean_winter_temp_avg5yr,max_winter_temp_avg5yr,min_winter_temp_avg5yr,extreme_cold_days_avg5yr,cold_degree_days_avg5yr,mean_precip_avg5yr,max_precip_avg5yr,min_precip_avg5yr,total_precip_avg5yr,cumulative_swe_avg5yr,mean_vapor_pressire_avg5yr,freeze_thaw_events_avg5yr,first_snow_day_year_n-5,first_snow_day_year_n-4,first_snow_day_year_n-3,first_snow_day_year_n-2,first_snow_day_year_n-1,first_snow_day_year_n,last_snow_day_year_n-5,last_snow_day_year_n-4,last_snow_day_year_n-3,last_snow_day_year_n-2,last_snow_day_year_n-1,last_snow_day_year_n,mean_swe_year_n-5,mean_swe_year_n-4,mean_swe_year_n-3,mean_swe_year_n-2,mean_swe_year_n-1,mean_swe_year_n,peak_swe_year_n-5,peak_swe_year_n-4,peak_swe_year_n-3,peak_swe_year_n-2,peak_swe_year_n-1,peak_swe_year_n,snow_cover_days_year_n-5,snow_cover_days_year_n-4,snow_cover_days_year_n-3,snow_cover_days_year_n-2,snow_cover_days_year_n-1,snow_cover_days_year_n,mean_winter_temp_year_n-5,mean_winter_temp_year_n-4,mean_winter_temp_year_n-3,mean_winter_temp_year_n-2,mean_winter_temp_year_n-1,mean_winter_temp_year_n,max_winter_temp_year_n-5,max_winter_temp_year_n-4,max_winter_temp_year_n-3,max_winter_temp_year_n-2,max_winter_temp_year_n-1,max_winter_temp_year_n,min_winter_temp_year_n-5,min_winter_temp_year_n-4,min_winter_temp_year_n-3,min_winter_temp_year_n-2,min_winter_temp_year_n-1,min_winter_temp_year_n,extreme_cold_days_year_n-5,extreme_cold_days_year_n-4,extreme_cold_days_year_n-3,extreme_cold_days_year_n-2,extreme_cold_days_year_n-1,extreme_cold_days_year_n,cold_degree_days_year_n-5,cold_degree_days_year_n-4,cold_degree_days_year_n-3,cold_degree_days_year_n-2,cold_degree_days_year_n-1,cold_degree_days_year_n,mean_precip_year_n-5,mean_precip_year_n-4,mean_precip_year_n-3,mean_precip_year_n-2,mean_precip_year_n-1,mean_precip_year_n,max_precip_year_n-5,max_precip_year_n-4,max_precip_year_n-3,max_precip_year_n-2,max_precip_year_n-1,max_precip_year_n,min_precip_year_n-5,min_precip_year_n-4,min_precip_year_n-3,min_precip_year_n-2,min_precip_year_n-1,min_precip_year_n,total_precip_year_n-5,total_precip_year_n-4,total_precip_year_n-3,total_precip_year_n-2,total_precip_year_n-1,total_precip_year_n,cumulative_swe_year_n-5,cumulative_swe_year_n-4,cumulative_swe_year_n-3,cumulative_swe_year_n-2,cumulative_swe_year_n-1,cumulative_swe_year_n,mean_vapor_pressire_year_n-5,mean_vapor_pressire_year_n-4,mean_vapor_pressire_year_n-3,mean_vapor_pressire_year_n-2,mean_vapor_pressire_year_n-1,mean_vapor_pressire_year_n,freeze_thaw_events_year_n-5,freeze_thaw_events_year_n-4,freeze_thaw_events_year_n-3,freeze_thaw_events_year_n-2,freeze_thaw_events_year_n-1,freeze_thaw_events_year_n
LU1,LU1_10,LU1_2022,170.2,-8.945729281767957,18.206,-40.724,47,2592.316,0.6333701657458564,9.434,0,114.64,101.864,221.2378784530387,56,305,308,309,305,315,306,120,120,120,120,120,119,40.34585635359116,24.18729281767956,30.879060773480663,39.38209944751381,86.71519337016575,27.77950276243094,72.82,44.35,70.79,67.04,152.02,65.32,181,167,173,175,170,166,-9.831823204419889,-9.040718232044199,-9.202265193370167,-7.226546961325967,-9.599779005524862,-9.659337016574586,26.03,18.48,19.59,20.7,14.27,17.99,-38.63,-39.22,-39.39,-43.23,-41.75,-40.03,49,52,52,34,52,45,2731.52,2585.63,2634.68,2322.1,2730.99,2688.18,0.48154696132596686,0.5060773480662983,0.4802209944751381,0.3885635359116022,1.0186187845303867,0.7733701657458564,13.52,7.62,8.07,7.95,15.19,8.34,0,0,0,0,0,0,87.16,91.6,86.92,70.33,184.37,139.98,82.78999999999999,67.92999999999999,81.64000000000001,82.37,157.05,120.33,204.41696132596684,208.7043093922652,218.18872928176796,221.23972375690607,243.5049723756906,214.55165745856354,50,51,50,71,60,48
LU1,LU1_11,LU1_2022,170.2,-8.87607182320442,18.456,-40.602,47.2,2586.948,0.6197790055248619,9.388,0,112.17999999999999,99.92399999999999,220.13560220994475,56,305,308,307,305,315,306,120,120,120,120,120,118,39.51066298342541,23.73303867403315,29.611270718232046,38.51254143646409,85.99486187845304,27.10132596685083,71.57,43.55,68.46,65.3,150.48,64.25,181,166,175,175,170,165,-9.675801104972376,-8.96756906077348,-9.098618784530387,-7.143149171270719,-9.564640883977901,-9.606381215469613,26.38,18.89,19.91,20.98,14.29,18.21,-38.47,-39.08,-39.17,-43.14,-41.54,-40.08,48,52,52,34,53,45,2708.3,2579.12,2623.55,2312.85,2733.17,2686.05,0.48613259668508285,0.4991160220994475,0.4620441988950276,0.3712707182320442,1.013646408839779,0.752817679558011,13.78,7.37,8.06,7.81,15.2,8.5,0,0,0,0,0,0,87.99,90.34,83.63,67.2,183.47,136.26,82.27999999999999,66.86,78.96,80.69999999999999,155.60999999999999,117.49,206.27016574585636,207.98933701657458,217.16270718232045,219.23756906077347,243.20513812154695,213.08325966850828,52,48,51,73,60,48
LU1,LU1_13,LU1_2022,170,-8.945348066298342,18.084,-40.998000000000005,47,2589.154,0.6389171270718232,9.588000000000001,0,115.64399999999999,103.008,222.2020994475138,55.6,305,308,309,305,315,306,120,120,120,120,120,117,40.335801104972376,25.131878453038674,30.571546961325968,39.72138121546961,87.70580110497238,26.303149171270718,73,47.09,69.82,67.19,154.66,66.69,181,168,173,175,170,164,-9.874696132596686,-9.050994475138122,-9.230635359116022,-7.259419889502762,-9.57439226519337,-9.611298342541437,25.88,18.25,19.43,20.53,14.28,17.93,-38.82,-39.28,-39.57,-43.35,-42.02,-40.77,50,52,52,35,51,45,2736.74,2584.83,2636.82,2325.43,2721.46,2677.23,0.4702209944751381,0.5241988950276243,0.4805524861878453,0.39209944751381215,1.0321546961325967,0.7655801104972376,13.32,7.84,8.07,8.05,15.39,8.59,0,0,0,0,0,0,85.11,94.88,86.98,70.97,186.82,138.57,82.85000000000001,71.39,81,84.97,159.80999999999997,117.87,203.6588950276243,211.9067955801105,218.26629834254143,222.42370165745857,245.02325966850827,213.39044198895027,50,51,50,73,60,44
LU1,LU1_22,LU1_2022,170.2,-8.906607734806629,18.29,-40.558,46.8,2587.118,0.639889502762431,9.732,0,115.82000000000001,103.82000000000001,221.6742320441989,55.4,305,308,309,305,315,306,120,120,120,120,120,119,40.263922651933704,23.892928176795582,29.73718232044199,39.63033149171271,89.55640883977901,28.58060773480663,70.95,43.7,68.52,67,157.21,67.23,181,167,173,175,170,166,-9.733839779005525,-8.987182320441988,-9.145801104972376,-7.200359116022099,-9.636657458563535,-9.56303867403315,26.17,18.58,19.73,20.81,14.3,18.03,-38.35,-38.82,-39.18,-43.18,-41.55,-40.06,48,52,51,34,53,44,2715.75,2576.83,2627.94,2320.82,2741.42,2668.58,0.4956906077348066,0.5120441988950276,0.4659668508287293,0.3769060773480663,1.0493370165745857,0.7951933701657459,13.93,7.18,7.96,7.7,16.89,8.93,0,0,0,0,0,0,89.72,92.68,84.34,68.22,189.93,143.93,81.8,69.08,78.95,84.39,162.48000000000002,124.2,206.26414364640883,208.30044198895027,217.54756906077347,220.349226519337,244.28723756906078,217.88668508287293,51,48,49,73,58,49
LU1,LU1_25,LU1_2022,170.2,-8.885635359116021,18.222,-40.636,46.2,2580.292,0.6413370165745856,9.75,0,116.082,104.096,222.7987955801105,55.6,305,308,309,305,315,306,120,120,120,120,120,119,39.60414364640884,23.60243093922652,29.188011049723755,39.50563535911602,89.51591160220994,28.28740331491713,69.34,43.33,67.84,67.28,157.77,67.29,181,167,173,175,170,166,-9.735110497237569,-8.97196132596685,-9.143839779005525,-7.210966850828729,-9.627016574585635,-9.47439226519337,26.09,18.41,19.66,20.7,14.33,18.01,-38.38,-38.76,-39.31,-43.27,-41.69,-40.15,48,51,49,34,53,44,2714.66,2572.03,2626,2321.3,2736.55,2645.58,0.48922651933701655,0.5096685082872928,0.46624309392265195,0.37662983425414365,1.0530386740331492,0.8011049723756906,13.62,7.17,7.89,7.66,17,9.03,0,0,0,0,0,0,88.55,92.25,84.39,68.17,190.6,145,80.45,68.95,78.47,84.86,163.18000000000004,125.02000000000001,206.1024861878453,208.2050828729282,217.82944751381214,221.34198895027623,245.56441988950277,221.05303867403316,51,48,48,74,58,50
LU1,LU1_27,LU1_2022,170.6,-8.907530386740332,18.002,-40.94,46.8,2577.942,0.6548066298342541,9.905999999999999,0,118.52,106.49,224.31060773480664,55.4,305,308,309,305,315,306,120,120,120,120,120,120,38.34950276243094,23.85011049723757,29.73939226519337,39.80707182320442,91.38696132596685,28.59950276243094,68.49,44.05,68.74,68.16,161.97,69.89,181,168,173,175,170,167,-9.853480662983426,-9.01524861878453,-9.213950276243095,-7.268646408839779,-9.592127071823205,-9.44767955801105,25.79,18.04,19.38,20.44,14.26,17.89,-38.69,-39.01,-39.65,-43.42,-42.03,-40.59,49,53,50,35,52,44,2731.95,2575.03,2632.42,2326.58,2721.2400000000002,2634.44,0.4611602209944751,0.5129834254143646,0.4733149171270718,0.3888950276243094,1.0711049723756907,0.8277348066298342,13.13,7.64,7.96,7.89,17.09,8.95,0,0,0,0,0,0,83.47,92.85,85.67,70.39,193.87,149.82,78.96,69.82,79.85,86.04,167.35999999999999,129.38,201.26292817679558,208.66011049723758,218.79259668508288,223.6953038674033,247.15839779005523,223.24662983425415,49,49,49,72,59,48
LU1,LU1_30,LU1_2022,170.4,-8.83592817679558,18.01,-40.974000000000004,46,2562.822,0.6324972375690607,9.834,0,114.482,103.70199999999998,225.35019889502763,55.6,305,308,309,305,315,306,120,120,120,120,120,119,37.750055248618786,23.61497237569061,28.406519337016576,39.246906077348065,83.34712707182321,29.211767955801104,65.98,44.26,65.88,67.72,149.57,68.08,181,168,173,175,170,166,-9.776712707182321,-8.949779005524862,-9.149861878453038,-7.230497237569061,-9.55243093922652,-9.29707182320442,25.85,18.01,19.44,20.43,14.09,18.08,-38.75,-38.99,-39.86,-43.52,-42.17,-40.33,49,53,49,35,51,42,2719.12,2564.56,2622.18,2320.16,2713.21,2594,0.45679558011049726,0.5125966850828729,0.46022099447513815,0.3811602209944751,1.0059668508287294,0.8025414364640884,12.54,7.8,7.97,7.88,16.62,8.9,0,0,0,0,0,0,82.67999999999999,92.78,83.3,68.99,182.08,145.26,77.04,70.67999999999999,77.24999999999999,85.88000000000001,155.15999999999997,129.54,201.86237569060773,209.67022099447513,218.74729281767955,224.3650276243094,247.9543093922652,226.01414364640885,48,49,48,72,60,49
LU1,LU1_32,LU1_2022,170.4,-8.977972375690609,17.908,-40.68,47.2,2587.962,0.6680552486187845,10.206,0,120.918,108.30600000000001,224.46669613259667,53.8,305,308,309,305,315,306,120,120,120,120,120,120,40.13171270718232,23.976298342541437,30.173314917127072,40.80524861878453,93.51458563535911,30.1407182320442,71.06,44.17,69.84,69.97,165.16,70.91,181,167,173,175,170,167,-9.907955801104972,-9.05671270718232,-9.271685082872928,-7.330220994475138,-9.737292817679558,-9.493950276243094,25.67,17.92,19.28,20.41,14.33,17.6,-38.27,-38.69,-39.38,-43.27,-41.69,-40.37,49,52,51,36,54,43,2740.6,2577.51,2640.95,2337.96,2746.72,2636.67,0.4940331491712707,0.5224309392265193,0.48204419889502764,0.39171270718232043,1.095524861878453,0.8485635359116022,13.57,7.46,7.82,7.57,18.58,9.6,0,0,0,0,0,0,89.42,94.56,87.25,70.9,198.29,153.59,81.86000000000001,69.91,80.39000000000001,87.5,170.68,133.05,204.28237569060772,210.07331491712708,218.5346408839779,222.49613259668507,246.19624309392265,225.0331491712707,48,46,46,71,58,48
LU1,LU1_36,LU1_2022,170.4,-8.969740331491712,17.984,-40.662,47,2588.994,0.6620441988950276,10.126,0,119.83,107.37599999999999,223.75466298342542,54.2,305,308,309,305,315,306,120,120,120,120,120,120,40.12767955801105,23.95828729281768,30.075027624309392,40.61209944751381,92.51055248618785,30.04342541436464,70.78,44.06,69.51,69.44,163.07,70.07,181,167,173,175,170,167,-9.87842541436464,-9.046823204419889,-9.251077348066298,-7.307044198895028,-9.723480662983425,-9.520276243093923,25.76,18.05,19.37,20.49,14.34,17.67,-38.28,-38.72,-39.33,-43.26,-41.65,-40.35,49,52,50,35,54,44,2736.56,2578.09,2639.19,2335.18,2746.73,2645.78,0.4934806629834254,0.5203867403314917,0.4777900552486188,0.38900552486187845,1.08292817679558,0.840110497237569,13.66,7.41,7.84,7.59,18.19,9.6,0,0,0,0,0,0,89.32,94.19,86.48,70.41,196.01,152.06,81.56,69.69000000000001,80,86.90999999999998,168.52999999999997,131.75,204.47469613259668,209.3096685082873,218.0739226519337,222.0171270718232,245.68491712707183,223.68767955801104,49,46,47,71,58,49
LU1,LU1_40,LU1_2022,170.2,-8.931298342541437,18.276,-40.702,47,2591.882,0.6284861878453039,9.396,0,113.756,101.10799999999999,220.61237569060773,56,305,308,309,305,315,306,120,120,120,120,120,119,40.389779005524865,24.139613259668508,30.354088397790054,39.24022099447514,86.38303867403314,27.55209944751381,72.85,44.2,69.77,66.68,151.28,64.94,181,167,173,175,170,166,-9.794917127071823,-9.026353591160222,-9.178232044198895,-7.205110497237569,-9.588121546961325,-9.658674033149172,26.13,18.6,19.67,20.78,14.28,18.05,-38.59,-39.2,-39.33,-43.2,-41.69,-40.09,49,52,52,34,52,45,2726.34,2584.98,2632.44,2319.9,2731.3,2690.79,0.48270718232044196,0.5045303867403315,0.47259668508287295,0.3853038674033149,1.0153591160220994,0.7646408839779005,13.6,7.57,8.08,7.92,15.13,8.28,0,0,0,0,0,0,87.37,91.32,85.54,69.74,183.78,138.4,82.92999999999999,67.8,80.49,82.03,156.30999999999997,118.91,204.94044198895028,208.04314917127073,217.5832044198895,220.7981767955801,243.2946408839779,213.34270718232045,51,51,50,72,60,47
LU1,LU1_41,LU1_2022,169,-8.893171270718232,18.536,-40.42,47.6,2594.014,0.6219889502762431,9.798,0,112.58,100.916,219.11375690607736,55.4,305,308,309,312,315,306,120,120,120,120,120,119,39.53287292817679,23.01303867403315,29.916685082872927,39.05624309392265,87.71696132596685,28.52657458563536,70.02,41.63,69.92,65.96,151,66.99,181,165,170,174,170,166,-9.656049723756906,-8.981767955801105,-9.096519337016575,-7.135193370165746,-9.625994475138121,-9.626381215469614,26.47,19.06,20.05,21.16,14.27,18.14,-38.05,-39.03,-39.08,-43,-40.92,-40.07,48,53,51,34,55,45,2710.4,2585.63,2627.3,2315.57,2748.71,2692.86,0.490939226519337,0.4935911602209945,0.45795580110497236,0.3670718232044199,1.0174585635359117,0.7738674033149171,13.88,7.4,8.02,7.68,15.96,9.93,0,0,0,0,0,0,88.86,89.34,82.89,66.44,184.16,140.07,81.4,65.73,78.69000000000001,81.35,157.10999999999999,121.69999999999999,207.20011049723757,205.13872928176795,216.9100552486188,218.53872928176796,241.70276243093923,213.27850828729282,52,48,47,73,59,50
LU1,LU1_43,LU1_2022,169.8,-8.873314917127072,18.428,-40.612,47,2585.278,0.6209944751381216,9.402,0,112.39999999999999,100.298,220.45601104972377,56,305,308,309,305,315,306,120,120,120,120,120,118,39.452596685082874,23.75475138121547,29.508729281767955,38.57580110497238,86.33055248618784,27.130165745856353,70.84,43.46,68.16,65.54,151.26,64.55,181,166,173,175,170,165,-9.679917127071823,-8.963922651933702,-9.101187845303867,-7.1499447513812155,-9.567955801104972,-9.583563535911603,26.34,18.82,19.88,20.94,14.3,18.2,-38.48,-39.05,-39.21,-43.18,-41.59,-40.03,48,52,51,34,53,45,2708.41,2577.39,2623.31,2313.47,2732.69,2679.53,0.4847513812154696,0.4969060773480663,0.4616022099447514,0.3722099447513812,1.0171270718232044,0.7571270718232044,13.71,7.36,8.04,7.81,15.35,8.45,0,0,0,0,0,0,87.74,89.94,83.55,67.37,184.1,137.04,81.61,67.27,78.72000000000001,81.02000000000001,156.42000000000002,118.06,206.2285635359116,207.63441988950277,217.29718232044198,219.71563535911602,243.5961325966851,214.03668508287294,52,48,50,73,60,49
LU1,LU1_44,LU1_2022,170,-8.886701657458563,18.426,-40.588,47,2588.092,0.6247624309392266,9.488,0,113.082,100.78,220.4073370165746,56.2,305,308,309,305,315,306,120,120,120,120,120,119,39.61502762430939,23.798839779005526,29.738342541436463,38.72254143646409,86.95977900552487,27.583756906077348,71.76,43.66,68.72,65.7,152.21,65.03,181,166,173,175,170,166,-9.688756906077348,-8.974585635359116,-9.109944751381216,-7.155414364640884,-9.584779005524862,-9.60878453038674,26.35,18.84,19.88,20.96,14.29,18.16,-38.43,-39.02,-39.14,-43.14,-41.51,-40.13,48,52,51,34,53,45,2710.19,2579.22,2624.89,2314.89,2736.1,2685.36,0.48839779005524864,0.5004419889502763,0.4634254143646409,0.37248618784530385,1.0234254143646409,0.7640331491712707,13.91,7.3,8.05,7.79,15.66,8.64,0,0,0,0,0,0,88.4,90.58,83.88,67.42,185.24,138.29,82.49000000000001,67.03,79.14999999999999,81.09,157.34000000000003,119.28999999999999,206.2950828729282,208.17049723756907,217.22845303867405,219.35265193370165,243.33303867403316,213.95204419889504,52,48,50,73,60,50
LU1,LU1_45,LU1_2022,169.8,-9.062408839779005,18.076,-40.61,47.8,2612.1620000000003,0.652,10.282,0,118.012,104.886,220.51672928176797,53.6,305,308,309,305,315,306,120,120,120,120,120,120,40.41337016574585,24.105745856353593,32.11889502762431,40.834198895027626,90.1892817679558,31.205580110497237,71.61,43.88,74.05,69.16,155.47,69.46,181,167,170,175,170,167,-9.946602209944752,-9.133977900552486,-9.299364640883978,-7.307016574585635,-9.764558011049724,-9.807127071823205,25.84,18.39,19.47,20.7,14.27,17.55,-38.14,-38.91,-39.31,-43,-41.1,-40.73,49,53,51,34,55,46,2752.67,2598.71,2650.09,2338.2,2759.51,2714.3,0.5007734806629834,0.519281767955801,0.48353591160220993,0.39430939226519335,1.0404419889502763,0.8224309392265193,13.89,8.34,8.03,7.72,16.83,10.49,0,0,0,0,0,0,90.64,93.99,87.52,71.37,188.32,148.85999999999999,81.69,67.86,82.839999999999975,84.00999999999999,160.59,129.13,203.7581767955801,208.65403314917128,217.96790055248619,219.63060773480663,241.31182320441988,215.0192817679558,49,49,44,72,58,45
LU1,LU1_46,LU1_2022,169.8,-8.877801104972376,18.4,-40.61,47,2585.244,0.6231933701657458,9.396,0,112.798,100.638,220.67373480662982,56,305,308,309,305,315,306,120,120,120,120,120,118,39.41480662983425,23.73817679558011,29.542265193370167,38.686408839779006,86.62436464088398,27.30154696132597,70.8,43.45,68.19,65.79,151.84,64.79,181,166,173,175,170,165,-9.689530386740332,-8.967182320441989,-9.108812154696132,-7.158618784530387,-9.577900552486188,-9.576491712707183,26.31,18.77,19.85,20.91,14.29,18.18,-38.46,-39.02,-39.22,-43.19,-41.6,-40.02,48,52,51,34,53,45,2709.71,2577.17,2623.98,2314.61,2733.75,2676.71,0.48464088397790056,0.4971270718232044,0.46243093922651934,0.37337016574585635,1.0206629834254144,0.7623756906077348,13.69,7.34,8.03,7.8,15.5,8.31,0,0,0,0,0,0,87.72,89.98,83.7,67.58,184.74,137.99,81.56,67.27,78.75,81.28,157.02000000000004,118.87,206.09419889502763,207.63801104972376,217.3381767955801,219.86767955801105,243.70773480662984,214.81707182320443,52,48,50,73,60,49
LU1,LU1_47,LU1_2022,170,-8.889198895027624,18.392,-40.578,47,2587.3,0.6293149171270719,9.542,0,113.90599999999999,101.658,220.81755801104973,56,305,308,309,305,315,306,120,120,120,120,120,119,39.683370165745856,23.79657458563536,29.719447513812156,38.86519337016575,87.80629834254144,27.872154696132597,70.48,43.64,68.61,66.07,153.84,65.72,181,166,173,175,170,166,-9.695497237569061,-8.974198895027625,-9.116215469613259,-7.165414364640884,-9.598508287292818,-9.591657458563535,26.3,18.77,19.85,20.92,14.29,18.13,-38.4,-38.95,-39.15,-43.15,-41.53,-40.11,48,52,51,34,53,45,2710.73,2577.88,2625.16,2316.11,2737.53,2679.82,0.4886740331491713,0.5048618784530386,0.4638674033149171,0.373646408839779,1.0309392265193371,0.7732596685082873,13.92,7.26,8.02,7.76,16.04,8.63,0,0,0,0,0,0,88.45,91.38,83.96,67.63,186.6,139.96,81.28999999999999,67.92999999999999,79.05000000000001,81.52999999999999,159.04,120.74000000000001,206.63314917127073,208.21657458563536,217.35756906077347,219.73408839779006,243.67353591160222,215.1060220994475,52,47,50,73,60,50
LU1,LU1_48,LU1_2022,169.4,-8.90675138121547,18.402,-40.54,47.4,2591.45,0.6312486187845304,9.684,0,114.256,101.822,220.8220552486188,55.2,305,308,309,305,315,306,120,120,120,120,120,119,39.718453038674035,23.78524861878453,30.268729281767957,39.167955801104974,87.63022099447514,28.467292817679557,70.47,43.54,70.15,66.44,153.16,65.46,181,166,170,175,170,166,-9.7046408839779,-8.988314917127072,-9.126077348066298,-7.170303867403315,-9.626436464088398,-9.622624309392265,26.31,18.82,19.87,20.96,14.29,18.07,-38.27,-38.91,-39.1,-43.09,-41.33,-40.27,48,52,51,34,55,45,2713.55,2580.96,2627.49,2318.02,2743.53,2687.25,0.4907182320441989,0.5060220994475139,0.4642541436464088,0.3741436464088398,1.0321546961325967,0.7796685082872928,13.9,7.38,8.02,7.72,16.06,9.24,0,0,0,0,0,0,88.82,91.59,84.03,67.72,186.82,141.12,81.35,67.75,79.37000000000002,81.80999999999997,158.36,121.82,206.64635359116022,208.2954143646409,217.79651933701658,219.48756906077347,243.0471270718232,215.48364640883977,52,47,47,73,59,50
LU1,LU1_6,LU1_2022,169.2,-8.845812154696132,18.476,-40.716,46.8,2581.384,0.6110276243093923,9.228,0,110.596,98.546,220.10085082872928,56.4,305,308,309,312,315,306,120,120,120,120,120,117,39.86303867403315,23.45779005524862,29.41049723756906,38.55281767955801,84.07546961325967,25.694419889502765,71.32,42.99,68.16,65.36,147.24,62.95,181,166,172,174,170,164,-9.672403314917126,-8.955055248618784,-9.082707182320442,-7.121049723756906,-9.487182320441988,-9.583066298342542,26.4,18.89,19.91,20.94,14.28,18.36,-38.72,-39.36,-39.39,-43.24,-41.8,-39.79,49,52,52,34,51,45,2707.69,2578.6,2620.63,2307.33,2718.53,2681.83,0.4769060773480663,0.49497237569060776,0.463646408839779,0.3734254143646409,0.9937569060773481,0.7293370165745856,13.52,7.74,8.11,8.01,14.15,8.13,0,0,0,0,0,0,86.32,89.59,83.92,67.59,179.87,132.01,81.74,67.26,79.10000000000001,80.92,152.28,113.17,206.33530386740333,207.37022099447515,217.75751381215468,220.5957458563536,243.5757458563536,211.2050276243094,52,50,49,74,61,48
LU1,LU1_60,LU1_2022,169.8,-8.937149171270718,18.158,-40.608,46.6,2588.546,0.6512817679558012,10.024,0,117.88199999999999,105.688,222.71900552486187,54.6,305,308,309,305,315,306,120,120,120,120,120,120,40.267845303867404,23.953149171270717,29.818397790055247,40.11226519337016,91.47563535911603,29.743480662983426,70.85,43.89,68.56,68.18,160.86,69,181,167,170,175,170,167,-9.796160220994475,-9.013397790055249,-9.19292817679558,-7.2490883977900555,-9.684198895027624,-9.546132596685084,25.99,18.35,19.58,20.67,14.33,17.86,-38.29,-38.79,-39.23,-43.21,-41.57,-40.24,48,51,50,34,54,44,2724.76,2577.33,2633.14,2327.66,2745.59,2659.01,0.495524861878453,0.5160773480662983,0.46348066298342544,0.38243093922651933,1.07,0.8244198895027625,13.92,7.25,7.9,7.63,17.81,9.53,0,0,0,0,0,0,89.69,93.41,83.89,69.22,193.67,149.22,81.71999999999998,69.44,77.97999999999999,85.59000000000002,166.23,129.2,205.58370165745856,208.82342541436464,217.45524861878454,221.09723756906078,244.97546961325966,221.24364640883977,51,47,45,74,58,49
LU1,LU1_63,LU1_2022,169.6,-8.929265193370167,18.242,-40.542,46.4,2589.71,0.6487624309392266,10.056000000000001,0,117.426,105.368,222.18457458563537,54.6,305,308,309,305,315,306,120,120,120,120,120,120,40.089723756906075,23.407237569060776,29.89353591160221,40.21403314917127,91.30182320441989,30.108121546961325,70.65,42.6,69.46,68.29,160.03,68.54,181,166,170,175,170,167,-9.737375690607735,-8.990690607734807,-9.159944751381216,-7.223867403314917,-9.715524861878453,-9.556298342541437,26.12,18.52,19.71,20.8,14.32,17.86,-38.05,-38.93,-39.05,-43.09,-41.33,-40.31,48,51,49,33,55,44,2715.07,2574.08,2629.16,2325.32,2755.01,2664.98,0.5014917127071823,0.5074585635359116,0.46447513812154695,0.3783425414364641,1.0704419889502763,0.8230939226519337,13.99,7.19,7.86,7.53,17.92,9.78,0,0,0,0,0,0,90.77,91.85,84.07000000000001,68.48,193.75,148.98,81.96,68.01,78.50999999999998,85.56,165.49,129.27,206.74900552486187,207.2764640883978,218.09906077348066,220.617182320442,244.11309392265193,220.81707182320443,51,47,45,74,58,49
LU1,LU1_64,LU1_2022,169.4,-8.954696132596684,18.232,-40.52,47,2595.15,0.6493922651933701,10.164,0,117.53999999999999,105.48,221.69790055248617,53.8,305,308,309,305,315,306,120,120,120,120,120,120,40.08226519337017,23.116077348066298,29.42082872928177,40.392265193370164,91.66403314917127,31.340883977900553,70.67,41.91,68.75,68.54,158.62,70.38,181,165,170,175,170,167,-9.760220994475137,-9.01292817679558,-9.17975138121547,-7.235801104972376,-9.750220994475137,-9.594779005524861,26.1,18.54,19.71,20.83,14.3,17.78,-37.93,-39.02,-39.05,-43.04,-41.13,-40.36,48,52,50,33,55,45,2720.49,2578.64,2633.2,2328.42,2761.85,2673.64,0.5029281767955801,0.5016574585635359,0.46685082872928174,0.3783977900552486,1.0602762430939225,0.839779005524862,13.95,7.35,7.82,7.49,17.95,10.21,0,0,0,0,0,0,91.03,90.8,84.5,68.49,191.91,152,82.05000000000001,66.67,77.58,85.67000000000002,164.92000000000002,132.56,206.51524861878454,206.32055248618784,218.02475138121548,220.23988950276242,243.01198895027625,220.89232044198894,51,45,44,74,57,49
LU1,LU1_66,LU1_2022,170.4,-8.85739226519337,18.094,-40.872,46,2570.42,0.6485745856353591,9.879999999999999,0,117.392,105.52199999999999,224.61039779005526,55.6,305,308,309,305,315,306,120,120,120,120,120,119,37.77635359116022,23.992983425414366,29.006187845303867,38.86375690607735,90.7978453038674,28.07613259668508,65.86,44.26,67.16,66.82,161.33,69.16,181,168,173,175,170,166,-9.776657458563536,-8.968591160220994,-9.159060773480663,-7.230055248618784,-9.562596685082873,-9.366657458563536,25.92,18.15,19.5,20.52,14.27,18.03,-38.64,-38.93,-39.65,-43.43,-42.02,-40.33,49,52,49,35,51,43,2719.7,2568.87,2625.24,2321.3,2718.51,2618.18,0.462707182320442,0.5069613259668508,0.4687292817679558,0.381878453038674,1.0640883977900553,0.8212154696132596,13.11,7.56,7.93,7.83,17.23,8.85,0,0,0,0,0,0,83.75,91.76,84.84,69.12,192.6,148.64,76.80999999999999,69.36,78.24999999999999,84.73,166.79999999999998,128.47,201.9343093922652,208.47950276243094,218.59541436464087,223.32519337016575,247.6824861878453,224.96939226519336,48,49,48,73,59,49
LU1,LU1_67,LU1_2022,171,-9.06232044198895,17.692,-40.724,47.4,2597.676,0.6853812154696133,10.508,0,124.054,110.932,224.9463093922652,54,305,308,305,305,315,306,120,120,120,120,120,120,40.49740331491713,24.389226519337015,31.19889502762431,41.76209944751381,95.82082872928177,31.441878453038672,71.75,44.99,71.87,71.7,169.14,73.18,181,168,174,176,170,167,-10.053784530386741,-9.136325966850828,-9.377734806629835,-7.419171270718232,-9.817983425414365,-9.560386740331491,25.36,17.6,19.01,20.21,14.34,17.3,-38.23,-38.66,-39.56,-43.25,-41.67,-40.48,49,51,51,36,55,44,2763.75,2585.89,2654.55,2350.66,2754.76,2642.52,0.4992817679558011,0.5328176795580111,0.49480662983425416,0.4040331491712707,1.1180662983425413,0.877182320441989,13.58,7.92,7.8,7.89,19.33,9.6,0,0,0,0,0,0,90.37,96.44,89.56,73.13,202.37,158.77,82.30999999999999,70.63000000000001,82.34,89.19,174.65999999999997,137.84,202.5809944751381,210.8224861878453,218.87220994475138,222.92099447513812,246.0153591160221,226.10049723756907,44,46,47,72,57,48
LU1,LU1_70,LU1_2022,170,-8.897701657458564,18.310000000000002,-40.662,47,2586.154,0.626707182320442,9.41,0,113.434,101.026,221.11893922651933,55.6,305,308,309,305,315,306,120,120,120,120,120,119,40.05668508287293,23.867679558011048,29.735469613259667,38.98524861878453,86.57629834254143,27.359558011049725,72.36,43.76,68.42,66.47,151.94,64.98,181,166,173,175,170,166,-9.747403314917127,-8.992762430939226,-9.144364640883978,-7.18585635359116,-9.577348066298343,-9.588176795580111,26.18,18.62,19.73,20.8,14.28,18.12,-38.57,-39.12,-39.33,-43.23,-41.72,-39.91,49,52,51,34,53,45,2718.52,2579.75,2627.72,2317.22,2730.4,2675.68,0.48839779005524864,0.49988950276243094,0.4662983425414365,0.3806629834254144,1.019281767955801,0.7674033149171271,13.56,7.5,8.04,7.88,15.34,8.29,0,0,0,0,0,0,88.4,90.48,84.39999999999999,68.9,184.49,138.9,82.78,67.5,79.18,81.94,157.07,119.44,205.58541436464088,207.91259668508286,217.3067403314917,221.16712707182322,243.91077348066298,215.2974585635359,51,48,50,72,60,48
LU1,LU1_71,LU1_2022,170,-8.893740331491713,18.316,-40.592,46.8,2585.302,0.631646408839779,9.542,0,114.328,101.89999999999999,221.39529281767955,55.6,305,308,309,305,315,306,120,120,120,120,120,119,39.089723756906075,23.750165745856354,29.598508287292816,38.99027624309392,87.94121546961325,27.870994475138122,68.78,43.53,68.2,66.53,154.39,65.92,181,166,173,175,170,166,-9.724281767955802,-8.980580110497238,-9.135828729281767,-7.188453038674033,-9.608895027624309,-9.554944751381216,26.2,18.62,19.75,20.82,14.3,18.09,-38.42,-38.92,-39.23,-43.21,-41.61,-39.99,48,52,51,34,53,44,2714.5,2576.82,2626.7,2318.72,2736.65,2667.62,0.4879558011049724,0.5024309392265194,0.46447513812154695,0.3761878453038674,1.0347513812154696,0.7803867403314917,13.69,7.27,7.98,7.75,16.15,8.56,0,0,0,0,0,0,88.32,90.94,84.07,68.09,187.29,141.25,79.55999999999999,67.41,78.75,82.08,159.63999999999996,121.62,205.80596685082872,208.1367955801105,217.32922651933703,220.34486187845303,244.19132596685083,216.97425414364642,51,47,49,73,60,49
LU1,LU1_72,LU1_2022,169.8,-8.922298342541437,18.294,-40.546,47,2590.4539999999997,0.6424530386740331,9.888,0,116.28399999999999,103.86999999999999,221.46750276243094,55,305,308,309,305,315,306,120,120,120,120,120,120,40.33767955801105,23.572651933701657,30.20707182320442,39.53580110497238,90.04707182320442,29.366685082872927,71.03,42.83,69.86,67.43,157.74,67.55,181,167,170,175,170,167,-9.733977900552485,-8.993812154696133,-9.151602209944752,-7.206491712707182,-9.672016574585635,-9.58756906077348,26.18,18.62,19.75,20.84,14.3,17.96,-38.22,-38.89,-39.11,-43.12,-41.41,-40.2,48,52,51,34,54,44,2715.85,2577.49,2629.15,2322.74,2748.5,2674.39,0.4991160220994475,0.5087292817679558,0.46569060773480664,0.3776243093922652,1.0550828729281767,0.8051381215469613,14.05,7.27,7.94,7.64,17.2,9.39,0,0,0,0,0,0,90.34,92.08,84.29,68.35,190.97,145.73,82.00999999999999,68.19,79.05,82.89,163.04999999999998,126.17,206.5336464088398,207.1018232044199,217.96375690607735,220.13055248618784,243.7950276243094,218.3463535911602,51,48,47,73,58,49
LU1,LU1_73,LU1_2022,170.4,-8.919453038674034,18.028,-40.976,46.4,2581.62,0.6527403314917127,9.82,0,118.146,105.79,223.88008839779005,55.2,305,308,309,305,315,306,120,120,120,120,120,119,39.88005524861878,24.456685082872927,30.04303867403315,39.8439226519337,90.47580110497238,28.42585635359116,71.51,45.05,69.36,68.02,160.16,69,181,168,173,175,170,166,-9.855165745856354,-9.02317679558011,-9.217016574585635,-7.266491712707182,-9.592430939226519,-9.498149171270718,25.82,18.1,19.4,20.47,14.28,17.89,-38.69,-39.04,-39.6,-43.39,-42.01,-40.84,49,52,50,35,51,44,2732.6,2577.23,2633.5,2326.54,2722.42,2648.41,0.47911602209944754,0.5135359116022099,0.48011049723756904,0.3894475138121547,1.0620441988950275,0.8185635359116022,13.24,7.65,7.98,7.9,16.75,8.82,0,0,0,0,0,0,86.72,92.95,86.9,70.49,192.23,148.16,81.86,69.78999999999999,80.47,85.82,165.51000000000002,127.36,204.03734806629834,209.0665193370166,218.79939226519338,223.35342541436464,246.65060773480664,221.53049723756905,49,50,49,71,59,47
LU1,LU1_74,LU1_2022,169.4,-8.93364640883978,18.362,-40.442,47,2595.76,0.6390165745856353,10.152,0,115.662,103.97999999999999,220.65108287292819,54.8,305,308,309,305,315,306,120,120,120,120,120,120,39.57546961325967,22.86303867403315,29.906795580110497,39.719171270718235,90.74613259668509,30.39425414364641,69.89,41.52,70.57,67.71,156.62,69.68,181,165,170,175,170,167,-9.709806629834254,-8.999972375690607,-9.1453591160221,-7.198425414364641,-9.723342541436464,-9.601132596685083,26.26,18.75,19.87,20.99,14.29,17.91,-37.88,-39.1,-39.02,-43.02,-40.93,-40.14,48,52,51,33,55,44,2715.78,2581.65,2631.46,2324.78,2761.52,2679.39,0.498232044198895,0.49425414364640885,0.4629281767955801,0.37193370165745854,1.0486740331491713,0.817292817679558,13.85,7.32,7.84,7.51,17.45,10.64,0,0,0,0,0,0,90.17999999999999,89.46,83.79,67.32,189.81,147.93,81.47,65.67,79.30999999999999,83.13,162.92,128.87,207.00154696132597,205.51055248618783,217.69265193370165,219.53994475138123,242.4663535911602,218.04591160220994,51,46,46,73,58,51
LU1,LU1_75,LU1_2022,170.6,-8.918828729281769,18.038,-40.938,46.8,2581.824,0.652,9.83,0,118.012,105.69999999999999,223.75186740331492,55.4,305,308,309,305,315,306,120,120,120,120,120,120,39.82038674033149,23.972265193370166,29.95453038674033,39.38254143646409,90.70486187845303,28.67513812154696,71.39,44.18,69.2,67.4,160.66,69.1,181,168,173,175,170,167,-9.842182320441989,-9.017265193370166,-9.210745856353592,-7.264723756906077,-9.608149171270718,-9.493259668508287,25.84,18.12,19.42,20.49,14.29,17.87,-38.62,-38.95,-39.54,-43.37,-41.95,-40.88,49,53,50,35,52,44,2730.47,2576.06,2632.87,2326.81,2725.94,2647.44,0.4864088397790055,0.5085082872928177,0.4790055248618785,0.3883425414364641,1.0616022099447513,0.8225414364640884,13.31,7.54,7.95,7.84,17.02,8.8,0,0,0,0,0,0,88.04,92.04,86.7,70.29,192.15,148.88,81.91,68.92999999999999,80.2,85.19,166.01,128.17,204.4464640883978,208.3996685082873,218.72182320441988,223.17657458563536,246.5667403314917,221.89453038674034,49,49,49,73,59,47
LU1,LU1_76,LU1_2022,170.4,-8.877662983425415,18.082,-40.898,46.4,2574.522,0.6499668508287293,9.866,0,117.644,105.64000000000001,224.29604419889503,55.6,305,308,309,305,315,306,120,120,120,120,120,119,37.91779005524862,24.11729281767956,29.306298342541435,39.0146408839779,90.83121546961326,28.334972375690608,66.08,44.45,67.81,66.97,161.21,69.17,181,168,173,175,170,166,-9.794088397790055,-8.982845303867403,-9.173563535911603,-7.239585635359116,-9.578176795580111,-9.41414364640884,25.91,18.15,19.48,20.52,14.28,17.98,-38.63,-38.93,-39.6,-43.41,-41.99,-40.56,49,52,49,35,52,44,2722.59,2571.11,2627.49,2322.98,2721.31,2629.72,0.47121546961325966,0.5086740331491713,0.47171270718232045,0.3835911602209945,1.0642541436464088,0.8216022099447514,13.21,7.54,7.93,7.83,17.2,8.83,0,0,0,0,0,0,85.29,92.07,85.38,69.43,192.63,148.71,76.9,69.45,78.85000000000002,84.83,166.65,128.42000000000002,202.18817679558012,208.61314917127072,218.61950276243093,223.14082872928176,247.2978453038674,223.80889502762432,48,49,48,73,59,49
LU1,LU1_77,LU1_2022,170.2,-8.902513812154696,18.18,-40.638,46.2,2582.1459999999997,0.6471712707182321,9.872,0,117.13799999999999,105.062,223.1318232044199,55.4,305,308,309,305,315,306,120,120,120,120,120,119,39.6714364640884,23.679944751381214,29.37088397790055,39.773480662983424,90.36005524861878,28.926906077348068,69.32,43.47,68.2,67.81,159.23,68.06,181,167,173,175,170,166,-9.761243093922651,-8.985911602209944,-9.164751381215469,-7.23085635359116,-9.650773480662984,-9.480276243093922,26.03,18.34,19.61,20.67,14.34,17.94,-38.33,-38.75,-39.29,-43.27,-41.66,-40.22,48,51,49,34,53,44,2718.76,2573.04,2628.72,2324.49,2739.6,2644.88,0.4901657458563536,0.5122651933701657,0.46883977900552487,0.37900552486187844,1.0619889502762432,0.8137569060773481,13.67,7.11,7.87,7.63,17.42,9.33,0,0,0,0,0,0,88.72,92.72,84.86,68.6,192.22,147.29,80.39,69.14,78.77,85.37,164.67999999999998,127.35,205.81342541436464,208.42441988950276,217.85563535911604,221.44668508287293,245.6496132596685,222.28276243093921,51,48,48,73,58,50
LU1,LU1_78,LU1_2022,169.6,-8.915469613259669,18.28,-40.528,46.4,2588.136,0.6462762430939226,10.026,0,116.976,104.92399999999999,222.14354696132597,55.4,305,308,309,305,315,306,120,120,120,120,120,120,39.736519337016574,23.30845303867403,29.726298342541437,40.069944751381215,90.80756906077347,29.929889502762432,69.52,42.41,69.14,68.05,159.17,68.04,181,166,170,175,170,167,-9.708066298342542,-8.975331491712707,-9.140690607734808,-7.207845303867403,-9.709558011049724,-9.543922651933702,26.18,18.58,19.76,20.85,14.31,17.9,-38.01,-38.96,-39,-43.08,-41.29,-40.31,48,51,49,33,55,44,2710.22,2571.98,2626.45,2323.04,2755.1,2664.11,0.5011049723756906,0.505414364640884,0.4629281767955801,0.37574585635359115,1.0681767955801105,0.8191160220994476,13.98,7.12,7.84,7.51,17.84,9.82,0,0,0,0,0,0,90.7,91.48,83.79,68.01,193.34,148.26,81.01,67.81,78.23,85.33999999999999,164.64999999999995,128.59,207.2567403314917,207.12342541436465,218.12116022099448,220.55375690607735,244.06259668508287,220.8567955801105,51,47,47,74,58,51
LU1,LU1_79,LU1_2022,169.6,-8.920458563535911,18.286,-40.516,46.4,2589.676,0.6458121546961326,10.064,0,116.892,104.60600000000001,221.87497237569062,55,305,308,309,305,315,306,120,120,120,120,120,120,39.66883977900552,22.969447513812156,28.991546961325966,40.108342541436464,90.876408839779,30.132762430939227,69.36,41.67,67.84,68.12,159.19,68.03,181,166,170,175,170,167,-9.707541436464089,-8.979198895027624,-9.141906077348066,-7.2083701657458565,-9.722375690607734,-9.550441988950276,26.19,18.6,19.78,20.87,14.3,17.88,-37.95,-39,-38.98,-43.06,-41.2,-40.34,48,51,49,33,55,44,2710.92,2573.18,2627.23,2323.81,2758.09,2666.07,0.500939226519337,0.5011049723756906,0.4624861878453039,0.37480662983425417,1.06939226519337,0.8212707182320442,13.96,7.14,7.82,7.48,17.9,9.98,0,0,0,0,0,0,90.67,90.7,83.71,67.84,193.56,148.65,80.94,67.01,76.81,85.33000000000001,164.68,129.2,207.25016574585635,206.03447513812154,218.09116022099448,220.40127071823204,243.81154696132597,221.036408839779,51,47,45,74,58,51
LU1,LU1_80,LU1_2022,170.2,-8.914701657458565,18.122,-40.65,46.6,2582.592,0.6500662983425414,9.914,0,117.662,105.504,223.33381215469612,55,305,308,309,305,315,306,120,120,120,120,120,119,39.67806629834254,23.71817679558011,29.42596685082873,39.92955801104972,90.8571270718232,28.99618784530387,69.38,43.58,68.23,68.18,160.24,68.51,181,167,173,175,170,166,-9.789309392265194,-8.997596685082874,-9.18450276243094,-7.250441988950277,-9.66439226519337,-9.47657458563536,25.95,18.25,19.54,20.61,14.33,17.88,-38.34,-38.72,-39.3,-43.28,-41.7,-40.25,49,52,49,35,53,44,2722.68,2573.39,2630.69,2326.94,2740.06,2641.88,0.48955801104972374,0.5135359116022099,0.47033149171270716,0.3813259668508287,1.066961325966851,0.8181767955801105,13.6,7.13,7.86,7.63,17.56,9.39,0,0,0,0,0,0,88.61,92.95,85.13,69.02,193.12,148.09,80.4,69.3,78.86,85.73,165.67000000000004,127.96000000000001,205.42707182320441,208.5881767955801,217.88734806629833,221.69088397790054,245.77624309392266,222.726408839779,51,47,48,73,58,49
LU1,LU1_82,LU1_2022,169.6,-9.049314917127072,18.246,-40.025999999999996,47.2,2611.554,0.651292817679558,10.918,0,117.884,107.378,218.7409502762431,52.8,305,308,309,305,315,306,120,120,120,120,120,120,39.84569060773481,22.539337016574585,30.95889502762431,41.294696132596684,95.25491712707182,34.85364640883978,69.73,40.44,72.55,70.31,163.76,73.82,181,164,170,176,171,167,-9.795,-9.070580110497238,-9.222734806629834,-7.266574585635359,-9.854171270718233,-9.832513812154696,26.11,18.66,19.79,21,14.08,17.7,-37.41,-39.33,-38.98,-42.89,-40.33,-38.6,50,52,50,33,55,46,2733.03,2592.45,2644.82,2338.54,2783.68,2698.28,0.5019889502762431,0.49386740331491713,0.46674033149171273,0.3834254143646409,1.0549171270718232,0.8575138121546961,13.68,7.61,7.68,7.32,18.97,13.01,0,0,0,0,0,0,90.86,89.39,84.48,69.4,190.94,155.21,81.68,65.07,80.81,85.50999999999998,169.19000000000003,136.31,206.10977900552487,203.68878453038673,217.30276243093923,219.77248618784532,239.02259668508287,213.91812154696132,48,44,43,73,58,46
LU1,LU1_83,LU1_2022,170.4,-8.94960773480663,18,-40.668,46.6,2585.512,0.6596795580110497,10.096,0,119.402,107.02600000000001,223.87975690607735,54.2,305,308,309,305,315,306,120,120,120,120,120,120,39.77182320441989,23.841546961325967,29.72939226519337,40.414309392265196,92.39016574585635,29.656519337016576,69.6,43.87,68.75,69.2,163.05,69.92,181,167,173,175,170,167,-9.85378453038674,-9.029033149171271,-9.23232044198895,-7.29524861878453,-9.706961325966851,-9.484475138121548,25.79,18.06,19.4,20.49,14.33,17.72,-38.3,-38.7,-39.32,-43.28,-41.7,-40.34,49,52,50,35,53,43,2732.22,2575.34,2636.27,2333.2,2744.09,2638.66,0.49099447513812156,0.5183425414364641,0.4748618784530387,0.38696132596685084,1.0826519337016574,0.8355801104972376,13.59,7.3,7.83,7.59,18.16,9.6,0,0,0,0,0,0,88.87,93.82000000000001,85.95,70.04,195.96,151.24,80.51,69.61,79.35,86.74,168.53000000000003,130.9,204.77116022099446,209.1660220994475,218.0546961325967,222.18458563535913,246.01414364640883,223.9793370165746,49,46,47,71,58,49
LU1,LU1_84,LU1_2022,169.8,-8.970812154696132,18.008,-40.652,46.8,2589.932,0.6643314917127072,10.208,0,120.244,107.852,223.81238674033148,53.8,305,308,309,305,315,306,120,120,120,120,120,120,40.24883977900553,23.994198895027626,30.254475138121546,40.68596685082873,93.42104972375691,30.39204419889503,70.88,44.09,70.19,69.53,164.6,70.79,181,167,170,175,170,167,-9.868729281767957,-9.044585635359116,-9.245911602209945,-7.303066298342541,-9.732099447513813,-9.528397790055248,25.79,18.09,19.4,20.52,14.36,17.67,-38.22,-38.77,-39.29,-43.23,-41.58,-40.39,49,52,50,34,54,44,2735.31,2578.12,2638.88,2335.17,2749.22,2648.27,0.496353591160221,0.5204972375690607,0.47502762430939227,0.38861878453038673,1.0912154696132597,0.8462983425414364,13.85,7.37,7.84,7.55,18.68,9.6,0,0,0,0,0,0,89.84,94.21,85.98,70.34,197.51,153.18,81.75,69.74000000000001,79.56,86.96000000000001,170.1,132.9,204.80541436464088,209.3342541436464,218.38430939226518,221.8945856353591,245.72988950276243,223.7188950276243,49,46,45,71,58,49
LU1,LU1_85,LU1_2022,170.6,-8.893414364640883,17.95,-40.77,46.4,2571.782,0.6625303867403315,10.094,0,119.918,107.68599999999999,225.48973480662983,55.2,305,308,309,305,315,306,120,120,120,120,120,120,37.87270718232044,24.135082872928177,29.498232044198897,39.40204419889503,93.13674033149171,28.976132596685083,66.06,44.58,68.07,67.91,165.73,71.03,181,168,173,175,170,167,-9.854861878453038,-9.006629834254143,-9.216574585635358,-7.285110497237569,-9.620193370165746,-9.338563535911602,25.72,17.91,19.34,20.39,14.27,17.84,-38.56,-38.8,-39.63,-43.43,-41.99,-40,49,52,49,35,53,43,2731.66,2571.04,2631.84,2329.4,2724.19,2602.44,0.4707734806629834,0.5127624309392265,0.47513812154696133,0.38640883977900553,1.0929834254143647,0.8453591160220995,13.08,7.47,7.89,7.76,18.24,9.11,0,0,0,0,0,0,85.21,92.81,86,69.94,197.83,153.01,76.91,69.75999999999999,79.07,85.8,171.26999999999998,132.53,201.2314364640884,209.09,218.8732596685083,223.4906629834254,248.18198895027624,227.81276243093922,48,48,48,71,59,50
LU1,LU1_86,LU1_2022,169.8,-9.04757458563536,17.954,-40.442,46.8,2602.366,0.6742651933701658,10.58,0,122.042,109.01000000000002,222.9668729281768,53.2,305,308,309,305,315,306,120,120,120,120,120,120,40.97701657458563,23.51292817679558,30.512375690607733,41.591160220994475,94.6021546961326,32.79917127071823,72.11,42.64,70.65,70.95,165.8,71.72,181,167,170,175,170,167,-9.922790055248619,-9.09074585635359,-9.299696132596685,-7.347790055248619,-9.845193370165745,-9.654447513812155,25.7,18.06,19.33,20.53,14.41,17.44,-37.84,-38.95,-39.26,-43.04,-41.27,-39.69,49,52,50,33,55,44,2744.09,2583.39,2646.8,2343.4,2769.79,2668.45,0.5077348066298343,0.5203314917127072,0.47828729281767957,0.3960220994475138,1.1052486187845303,0.8714364640883978,13.94,7.71,7.76,7.4,19.24,10.79,0,0,0,0,0,0,91.9,94.18,86.57,71.67999999999999,200.05,157.73,83.19,68.83,79.39000000000001,88.05000000000003,171.44000000000003,137.34,204.7810497237569,207.8529281767956,218.4389502762431,221.4075138121547,244.2221546961326,222.912817679558,48,46,44,72,57,47
LU13,LU13_11,LU13_2022,178.6,-12.29889502762431,15.758000000000001,-42.062,69.6,3233.538,0.6493038674033149,5.86,0,117.524,109.71600000000001,172.84169060773482,41.2,305,308,305,305,314,305,120,120,120,120,120,120,76.03160220994475,48.600386740331494,70.0839226519337,56.20436464088398,77.48110497237569,24.640055248618783,124.92,78.93,131.6,85.7,126.03,52.63,181,178,181,181,172,181,-13.372127071823204,-11.946187845303868,-12.592624309392265,-11.33049723756906,-13.321077348066298,-12.304088397790055,19.26,17.74,16.61,15.47,10.46,18.51,-41.6,-42.67,-40.47,-46.24,-41.31,-39.62,75,69,66,64,83,66,3443.25,3144.5099999999998,3269.28,3084.05,3459.43,3210.42,0.8558563535911602,0.735524861878453,0.6448618784530387,0.542707182320442,0.7952486187845303,0.5281767955801105,8.49,7.08,6.88,5.63,5.04,4.67,0,0,0,0,0,0,154.91,133.13,116.72,98.23,143.94,95.6,147.65,112.15,131.69,87.68,130.66,86.4,163.14955801104972,190.50635359116023,172.24917127071822,171.17348066298342,175.4117679558011,154.86767955801105,27,47,35,54,39,31
LU13,LU13_12,LU13_2022,175.4,-10.904138121546962,17.792,-40.083999999999996,62.6,2963.416,0.5052707182320442,4.694,0,91.45400000000001,81.38,184.8307955801105,46.2,305,308,305,305,317,306,120,120,120,120,120,112,47.31038674033149,29.06889502762431,49.43552486187845,39.154088397790055,53.98596685082873,15.954364640883979,74.49,55.47,94.96,60.41,94.22,34.87,181,174,181,181,169,172,-11.894309392265193,-10.572624309392266,-11.170828729281768,-9.740690607734807,-12.027127071823205,-11.009419889502762,21.56,19.65,18.71,17.69,12.38,20.53,-39.5,-40.72,-38.57,-43.98,-39.44,-37.71,67,65,58,54,77,59,3164.13,2874.38,2993.25,2773.4,3212.29,2963.7599999999998,0.573646408839779,0.5197237569060773,0.48701657458563535,0.4704419889502762,0.6693370165745857,0.3798342541436464,9.43,3.79,4.82,5.97,4.11,4.78,0,0,0,0,0,0,103.83,94.07000000000001,88.15,85.15,121.15,68.75,95.78,76.84,100.16,68.03,98.96,62.91,168.94707182320442,196.47707182320443,187.12906077348066,184.77867403314917,190.9043093922652,164.86486187845304,34,45,43,66,42,35
LU13,LU13_128,LU13_2022,175.4,-10.877524861878452,17.862,-40.052,62.4,2958.416,0.4999558011049724,4.6579999999999995,0,90.492,80.56,184.95285082872928,46.6,305,308,305,305,317,306,120,120,120,120,120,112,46.42337016574586,28.560662983425413,48.84513812154696,38.69524861878453,53.24187845303867,15.716574585635358,72.98,54.84,93.92,59.71,93.09,34.38,181,174,181,181,169,172,-11.863425414364642,-10.548011049723756,-11.14292817679558,-9.712403314917127,-12.003480662983426,-10.980801104972375,21.64,19.73,18.77,17.75,12.45,20.61,-39.45,-40.71,-38.51,-43.92,-39.46,-37.66,67,65,58,54,77,58,3158.39,2869.75,2987.6,2767.94,3207.67,2959.12,0.5641436464088397,0.512817679558011,0.4821546961325967,0.4674585635359116,0.6630386740331492,0.3743093922651934,9.39,3.72,4.76,5.97,4.08,4.76,0,0,0,0,0,0,102.11,92.82,87.27,84.61,120.01,67.75,94.19999999999999,76.05,99.32000000000001,67.53,97.82,62.08,168.94441988950277,196.4064640883978,187.41314917127073,184.93651933701656,191.06132596685083,164.9467955801105,34,45,44,66,42,36
LU13,LU13_13,LU13_2022,176.4,-10.964386740331491,17.74,-40.14,62.6,2974.744,0.5082209944751381,4.71,0,91.988,81.908,184.19761325966851,47,305,308,305,305,317,306,120,120,120,120,120,113,48.19972375690608,29.652265193370166,50.12475138121547,39.321381215469614,54.2228729281768,16.069558011049725,76.17,56.23,96.2,60.59,94.5,34.95,181,178,181,181,169,173,-11.95511049723757,-10.629779005524862,-11.230580110497238,-9.81196132596685,-12.089171270718232,-11.060441988950275,21.49,19.61,18.64,17.62,12.34,20.49,-39.58,-40.77,-38.62,-44.06,-39.47,-37.78,67,65,58,54,77,59,3175.34,2885.21,3004.58,2786.94,3223.77,2973.22,0.5820441988950277,0.5266850828729281,0.49171270718232046,0.47121546961325966,0.6696685082872929,0.3818232044198895,9.31,3.87,4.88,5.95,4.1,4.75,0,0,0,0,0,0,105.35,95.33,89,85.29,121.21,69.11,97.29,77.79999999999998,101.17,68.15,99.22,63.2,168.8286187845304,195.90176795580112,186.57878453038674,183.89320441988951,190.14232044198894,164.47198895027626,34,49,43,66,42,35
LU13,LU13_131,LU13_2022,175.4,-10.877524861878452,17.862,-40.052,62.4,2958.416,0.4999558011049724,4.6579999999999995,0,90.492,80.56,184.95285082872928,46.6,305,308,305,305,317,306,120,120,120,120,120,112,46.42337016574586,28.560662983425413,48.84513812154696,38.69524861878453,53.24187845303867,15.716574585635358,72.98,54.84,93.92,59.71,93.09,34.38,181,174,181,181,169,172,-11.863425414364642,-10.548011049723756,-11.14292817679558,-9.712403314917127,-12.003480662983426,-10.980801104972375,21.64,19.73,18.77,17.75,12.45,20.61,-39.45,-40.71,-38.51,-43.92,-39.46,-37.66,67,65,58,54,77,58,3158.39,2869.75,2987.6,2767.94,3207.67,2959.12,0.5641436464088397,0.512817679558011,0.4821546961325967,0.4674585635359116,0.6630386740331492,0.3743093922651934,9.39,3.72,4.76,5.97,4.08,4.76,0,0,0,0,0,0,102.11,92.82,87.27,84.61,120.01,67.75,94.19999999999999,76.05,99.32000000000001,67.53,97.82,62.08,168.94441988950277,196.4064640883978,187.41314917127073,184.93651933701656,191.06132596685083,164.9467955801105,34,45,44,66,42,36
LU13,LU13_14,LU13_2022,177,-11.481121546961326,16.994,-40.826,65.2,3072.112,0.5550497237569061,5.05,0,100.464,89.892,179.76341436464088,43.4,305,308,305,305,316,305,120,120,120,120,120,114,59.04530386740331,36.42767955801105,57.706187845303866,43.5939226519337,61.0971270718232,18.618839779005526,95.1,64.15,109.75,66.5,104.13,39.56,181,178,181,181,170,175,-12.50110497237569,-11.126823204419889,-11.75682320441989,-10.40574585635359,-12.586049723756906,-11.530165745856353,20.59,18.92,17.87,16.77,11.66,19.75,-40.33,-41.32,-39.29,-44.91,-40.12,-38.49,70,66,63,58,79,60,3276.04,2979.97,3105.98,2900.24,3317.29,3057.08,0.6885635359116022,0.6055801104972376,0.5491160220994475,0.4896685082872928,0.7103867403314917,0.42049723756906077,8.93,4.97,5.63,5.79,4.16,4.7,0,0,0,0,0,0,124.63,109.61,99.39,88.63,128.58,76.11,119.47999999999998,88,112.44,71.36999999999999,108.78,68.87,167.5146408839779,194.71563535911602,181.13696132596684,177.22591160220995,184.42011049723757,161.31845303867402,31,48,37,62,39,31
LU13,LU13_15,LU13_2022,172.8,-10.249558011049723,19.082,-39.458,59.4,2842.5099999999998,0.4203425414364641,4.3740000000000006,0,76.082,68.104,189.33219889502763,46.8,305,308,305,305,317,306,119,120,120,120,120,107,30.839171270718232,20.95524861878453,38.31259668508287,32.87453038674033,41.83314917127072,12.740773480662984,46.37,45.37,74.73,50.07,75.62,25.4,180,166,181,181,169,167,-11.1746408839779,-9.954226519337016,-10.52450276243094,-9.067458563535912,-11.359033149171271,-10.342569060773481,22.95,20.83,19.78,18.87,13.75,22.18,-38.61,-40.33,-37.47,-42.63,-39.53,-37.33,60,64,51,53,73,56,3029.53,2760.22,2870.01,2643.24,3085.15,2853.93,0.4208839779005525,0.39955801104972377,0.4021546961325967,0.40950276243093925,0.5754696132596685,0.3150276243093923,9.77,3.17,4.37,6.08,3.56,4.69,0,0,0,0,0,0,76.18,72.32,72.79,74.12,104.16,57.02,62.879999999999995,61.919999999999995,83.33,60.35,83.77,51.15,165.563591160221,196.6418232044199,192.903591160221,187.85955801104973,197.5665193370166,171.68950276243095,36,40,44,71,47,32
LU13,LU13_16,LU13_2022,173.2,-10.322022099447514,18.994,-39.501999999999995,59.4,2855.456,0.42565745856353593,4.358,0,77.044,69.152,188.5576132596685,46.6,305,308,305,305,317,306,120,120,120,120,120,108,31.94790055248619,21.613591160220995,39.46569060773481,33.365524861878455,42.58403314917127,12.948342541436464,48.31,46.31,76.93,50.79,76.6,25.92,181,167,181,181,169,168,-11.248232044198895,-10.016132596685082,-10.594226519337017,-9.15232044198895,-11.43646408839779,-10.410966850828729,22.85,20.75,19.68,18.77,13.66,22.11,-38.63,-40.37,-37.55,-42.72,-39.54,-37.33,62,64,51,53,73,56,3042.75,2771.45,2882.69,2658.85,3098.57,2865.72,0.43320441988950276,0.4087292817679558,0.40895027624309394,0.41243093922651936,0.580110497237569,0.31806629834254146,9.83,3.14,4.36,6.06,3.52,4.71,0,0,0,0,0,0,78.41,73.98,74.02,74.65,105,57.57,64.89,63.78,85.20000000000002,60.53999999999999,84.51999999999998,51.72,165.76839779005525,196.45270718232044,192.17872928176794,186.79226519337016,196.63381215469613,170.73055248618783,37,42,43,71,47,30
LU13,LU13_17,LU13_2022,178.4,-12.06278453038674,16.102,-41.734,68.2,3185.142,0.62246408839779,5.598,0,112.666,103.896,175.17269613259668,42,305,308,305,305,314,305,120,120,120,120,120,119,71.08552486187845,45.50983425414365,67.34734806629834,51.892541436464086,71.78353591160221,22.54950276243094,116.98,73.85,126.78,79.08,118.56,47.56,181,178,181,181,172,180,-13.114171270718233,-11.700552486187846,-12.348480662983425,-11.061408839779006,-13.125276243093923,-12.078204419889502,19.62,18.06,16.96,15.84,10.8,18.85,-41.23,-42.26,-40.14,-45.9,-41.04,-39.33,74,69,65,62,82,63,3392.3,3094.59,3221.27,3027.79,3420.72,3161.34,0.8113259668508287,0.6998342541436464,0.6193370165745856,0.5295027624309392,0.7710497237569061,0.4925966850828729,8.66,6.47,6.51,5.67,4.66,4.68,0,0,0,0,0,0,146.85,126.67,112.1,95.84,139.56,89.16,140.12,106.91,127.49,81.57,123.2,80.31,164.8524309392265,192.01486187845305,175.02314917127072,173.80187845303868,177.79044198895028,157.23314917127072,29,48,35,58,39,30
LU13,LU13_18,LU13_2022,173.4,-10.373707182320443,18.939999999999998,-39.54,59.4,2864.498,0.4272154696132597,4.3420000000000005,0,77.326,69.288,188.07372375690608,46.6,305,308,305,305,317,306,120,120,120,120,120,108,32.94038674033149,22.020055248618785,40.08591160220995,33.590718232044196,42.01685082872928,12.688508287292818,50.42,46.93,78.02,51.06,75.65,25.79,181,168,181,181,169,168,-11.305138121546962,-10.057154696132596,-10.63925414364641,-9.218591160220994,-11.492872928176796,-10.460662983425415,22.77,20.72,19.62,18.68,13.6,22.08,-38.65,-40.43,-37.6,-42.78,-39.55,-37.34,62,64,51,53,73,56,3052.85,2778.78,2890.47,2670.8,3108.14,2874.3,0.4430939226519337,0.4150828729281768,0.4133149171270718,0.4134806629834254,0.5824309392265193,0.311767955801105,9.87,3.12,4.34,6.04,3.48,4.73,0,0,0,0,0,0,80.2,75.13,74.81,74.84,105.42,56.43,67.1,64.55,86.13,60.44,84.77,50.55,166.1624309392265,196.42022099447513,191.83530386740333,185.8888950276243,196.00580110497236,170.21839779005523,37,43,43,70,47,30
LU13,LU13_19,LU13_2022,177.2,-11.634342541436464,16.82,-41.008,66,3100.832,0.5680773480662984,5.116,0,102.822,93.134,178.66603314917126,43.2,305,308,305,305,316,305,120,120,120,120,120,115,61.32193370165746,37.95861878453039,59.49331491712707,47.66867403314917,63.78430939226519,19.487127071823206,99.43,65.73,112.96,73.11,107.04,41.76,181,178,181,181,170,176,-12.656740331491713,-11.281685082872928,-11.914751381215469,-10.580718232044198,-12.733370165745857,-11.661187845303868,20.36,18.77,17.68,16.56,11.52,19.57,-40.5,-41.5,-39.42,-45.14,-40.35,-38.63,72,67,63,59,81,60,3304.32,3009.67,3135.3,2933.07,3345.37,3080.75,0.7095027624309392,0.622707182320442,0.5620441988950277,0.5043093922651933,0.7138674033149172,0.4374585635359116,8.71,5.25,5.83,5.71,4.12,4.67,0,0,0,0,0,0,128.42,112.71,101.73,91.28,129.21,79.17999999999999,123.04,90.25,115.2,76.88999999999999,111.67,71.66,166.78497237569061,193.31662983425414,179.51718232044198,177.88662983425414,182.47845303867402,160.13127071823203,30,49,36,62,39,30
LU13,LU13_20,LU13_2022,178.4,-12.044082872928177,16.172,-41.67,68,3181.418,0.6144198895027624,5.5360000000000005,0,111.21000000000001,103.178,175.2881546961326,41.8,305,308,305,305,314,305,120,120,120,120,120,119,70.38022099447514,45.03966850828729,66.76519337016575,53.79530386740331,70.13740331491712,21.90972375690608,115.82,73.3,125.82,82.06,114.97,44.75,181,178,181,181,172,180,-13.090635359116021,-11.685911602209945,-12.32950276243094,-11.043867403314916,-13.112679558011049,-12.048453038674033,19.69,18.14,17.01,15.89,10.89,18.93,-41.18,-42.2,-40.06,-45.83,-40.99,-39.27,74,69,65,62,82,62,3387.83,3092.18,3217.29,3024.37,3418.26,3154.99,0.8039226519337016,0.6944198895027625,0.6149723756906077,0.5308839779005525,0.7556353591160221,0.47618784530386743,8.58,6.36,6.45,5.66,4.57,4.64,0,0,0,0,0,0,145.51,125.69,111.31,96.09,136.77,86.19,138.84,106.13999999999999,126.61999999999999,84.52999999999999,121.07000000000001,77.53,164.94812154696132,191.9517127071823,175.22237569060775,173.80375690607735,177.85740331491712,157.60552486187845,30,48,35,58,39,29
LU13,LU13_21,LU13_2022,173.4,-10.40789502762431,18.906,-39.556,59.8,2870.512,0.4295027624309392,4.328,0,77.74000000000001,69.694,187.72155801104972,46.6,305,308,305,305,317,306,120,120,120,120,120,108,33.176464088397786,22.175082872928176,40.408563535911604,33.679060773480664,43.04950276243094,12.978729281767956,50.94,47.14,78.59,51.15,77.15,26.24,181,168,181,181,169,168,-11.341353591160221,-10.087044198895027,-10.675,-9.257237569060774,-11.529447513812155,-10.490745856353591,22.71,20.7,19.58,18.63,13.57,22.05,-38.67,-40.43,-37.61,-42.83,-39.56,-37.35,62,64,52,53,74,56,3059.4,2783.92,2897,2677.8,3114.61,2879.23,0.4448066298342541,0.41734806629834253,0.4147513812154696,0.413646408839779,0.5821546961325966,0.3196132596685083,9.78,3.11,4.31,6.04,3.47,4.71,0,0,0,0,0,0,80.51,75.53999999999999,75.07000000000001,74.87,105.37,57.85,67.37,64.82000000000001,86.59,60.33,84.75,51.98,166.09745856353592,196.34701657458564,191.47779005524862,185.38298342541435,195.4785635359116,169.9214364640884,36,43,43,70,47,30
LU13,LU13_22,LU13_2022,177.4,-11.761513812154696,16.652,-41.192,66.6,3125.666,0.5785193370165745,5.194,0,104.712,94.594,177.62734806629834,43.2,305,308,305,305,316,305,120,120,120,120,120,116,63.856298342541436,39.717016574585635,61.5760773480663,48.54596685082873,64.1707182320442,19.76441988950276,104.09,67.87,116.58,74.27,107.58,41.17,181,178,181,181,170,177,-12.788867403314917,-11.40914364640884,-12.043397790055248,-10.72599447513812,-12.854779005524861,-11.77425414364641,20.17,18.61,17.49,16.37,11.38,19.41,-40.69,-41.69,-39.58,-45.34,-40.54,-38.81,73,67,64,60,82,60,3329.54,3035.57,3160.33,2961.46,3368.7400000000002,3102.23,0.7357458563535911,0.642707182320442,0.5765745856353591,0.5107734806629834,0.722817679558011,0.43972375690607735,8.6,5.55,6,5.68,4.11,4.63,0,0,0,0,0,0,133.17,116.33,104.36,92.45,130.83,79.59,127.44,92.96000000000001,118.41999999999999,77.57999999999998,112.22,71.79,166.2774585635359,193.12906077348066,178.22491712707182,176.52121546961325,181.02154696132595,159.24,29,50,35,61,39,31
LU13,LU13_26,LU13_2022,176.4,-11.044331491712708,17.63,-40.224,62.8,2989.896,0.5157016574585636,4.756,0,93.342,83.12,183.5328950276243,46.4,305,308,305,305,317,306,120,120,120,120,120,113,49.81436464088398,30.71828729281768,51.299558011049726,39.889502762430936,55.086243093922654,16.382983425414366,79.07,57.51,98.29,61.39,95.74,35.45,181,178,181,181,169,173,-12.041546961325967,-10.705745856353591,-11.31243093922652,-9.905773480662983,-12.166132596685083,-11.13157458563536,21.35,19.51,18.52,17.48,12.25,20.39,-39.7,-40.83,-38.73,-44.19,-39.48,-37.89,67,65,58,55,77,59,3191.12,2899.62,3020.45,2804.84,3238.5,2986.07,0.5987292817679558,0.5395580110497238,0.5007734806629834,0.4740331491712707,0.6757458563535912,0.3883977900552486,9.23,4.01,4.99,5.93,4.11,4.74,0,0,0,0,0,0,108.37,97.66,90.64,85.8,122.31,70.3,100.05999999999999,79.4,102.88000000000001,68.67,100.44999999999999,64.2,168.62403314917128,195.85193370165746,185.7379005524862,182.81475138121547,189.26767955801105,163.99220994475138,34,48,42,66,42,34
LU13,LU13_27,LU13_2022,176.6,-11.189917127071823,17.416,-40.412,63.6,3017.324,0.5293149171270718,4.848,0,95.806,85.372,182.1893591160221,46,305,308,305,305,316,306,120,120,120,120,120,113,52.861049723756906,32.71983425414365,53.48154696132597,41.65099447513812,57.152375690607734,16.8332044198895,84.51,59.93,102.19,63.93,98.36,36.55,181,178,181,181,170,173,-12.197513812154696,-10.84475138121547,-11.460276243093922,-10.072955801104973,-12.306491712707182,-11.265110497237568,21.08,19.3,18.3,17.24,12.07,20.17,-39.91,-40.92,-38.92,-44.44,-39.69,-38.09,69,65,59,55,79,60,3219.9,2925.88,3048.9,2836.67,3265.29,3009.88,0.6298895027624309,0.5632044198895028,0.5170718232044199,0.4798342541436464,0.6883425414364641,0.39812154696132596,9.14,4.28,5.21,5.88,4.14,4.73,0,0,0,0,0,0,114.01,101.94,93.59,86.85,124.59,72.06,105.33000000000001,82.47,106.04,69.77,103.06,65.52,168.1929281767956,195.72867403314916,184.1717679558011,180.8692817679558,187.66027624309393,162.5167955801105,35,48,40,65,43,34
LU13,LU13_3,LU13_2022,174.2,-10.594453038674033,18.454,-39.727999999999994,61,2907.436,0.46169060773480664,4.406,0,83.566,74.02199999999999,186.53797790055248,46.8,305,308,305,305,317,306,120,120,120,120,120,109,38.915027624309396,25.1,44.553756906077346,35.18430939226519,46.85729281767956,13.747734806629834,61.27,50.5,86.02,53.99,83.7,29.25,181,171,181,181,169,169,-11.557182320441989,-10.282569060773481,-10.87171270718232,-9.438480662983425,-11.706767955801105,-10.672734806629835,22.28,20.23,19.2,18.27,13.13,21.44,-39.03,-40.48,-38.05,-43.3,-39.51,-37.3,65,65,53,55,75,57,3102,2822.03,2936.9,2715.78,3151.9,2910.57,0.4987845303867403,0.46016574585635356,0.4469060773480663,0.4446408839779005,0.6199447513812155,0.33679558011049726,9.59,3.23,4.36,6.09,3.75,4.6,0,0,0,0,0,0,90.28,83.28999999999999,80.89,80.48,112.21,60.96,76.17,69.72999999999999,92.75,64.09,88.49,55.05,168.0546408839779,196.0832044198895,189.47950276243094,186.0646408839779,193.96723756906079,167.09530386740332,33,43,44,69,45,33
LU13,LU13_30,LU13_2022,175,-10.752911602209945,18.008,-39.946,61.6,2935.738,0.49186740331491713,4.602,0,89.028,79.19,186.06309392265194,46.4,305,308,305,305,317,306,120,120,120,120,120,112,44.49077348066298,27.37088397790055,47.42723756906077,38.19707182320442,52.299558011049726,15.352375690607735,69.41,53.24,91.35,59,91.82,33.86,181,172,181,181,169,172,-11.748977900552486,-10.43049723756906,-11.01317679558011,-9.584364640883978,-11.872845303867404,-10.863674033149172,21.76,19.87,18.91,17.87,12.62,20.77,-39.26,-40.66,-38.39,-43.74,-39.43,-37.51,66,65,55,54,77,57,3137.37,2848.67,2963.64,2743.4,3184.15,2938.83,0.545414364640884,0.4967403314917127,0.4716574585635359,0.46569060773480664,0.6579005524861878,0.36734806629834255,9.61,3.53,4.6,6.04,4.07,4.77,0,0,0,0,0,0,98.72,89.91,85.37,84.29,119.08,66.49,91.01999999999998,73.97,97.23,67.16999999999999,96.56999999999998,61.01,168.8674585635359,196.7853591160221,188.5446408839779,186.48160220994475,192.6303867403315,165.8734806629834,35,44,44,66,43,35
LU13,LU13_32,LU13_2022,175.2,-10.792458563535911,17.97,-39.974,61.6,2942.898,0.49371270718232046,4.614,0,89.362,79.514,185.65388950276244,46.6,305,308,305,305,317,306,120,120,120,120,120,112,45.00447513812155,27.694972375690607,47.823867403314914,38.283977900552486,52.482596685082875,15.434364640883977,70.39,53.69,92.07,59.11,92.04,33.94,181,173,181,181,169,172,-11.783646408839779,-10.467624309392265,-11.054613259668509,-9.624475138121547,-11.915524861878453,-10.900055248618784,21.73,19.83,18.87,17.85,12.57,20.73,-39.33,-40.67,-38.42,-43.79,-39.44,-37.55,66,65,55,54,77,57,3143.72,2855.31,2971.19,2751.1,3191.7,2945.19,0.5501104972375691,0.501049723756906,0.4748618784530387,0.46574585635359117,0.6583977900552487,0.3685082872928177,9.52,3.58,4.64,6.02,4.07,4.76,0,0,0,0,0,0,99.57,90.69,85.95,84.3,119.17,66.7,91.83000000000001,74.55,97.80999999999999,67.21000000000001,96.78999999999999,61.21,168.90944751381215,196.48204419889504,188.20961325966852,185.9450276243094,192.0849723756906,165.5477900552486,35,44,44,66,43,36
LU13,LU13_33,LU13_2022,175.2,-10.8176408839779,17.936,-39.996,62,2947.388,0.4953812154696133,4.63,0,89.664,79.792,185.46616574585636,46.4,305,308,305,305,317,306,120,120,120,120,120,112,45.371160220994476,27.923314917127072,48.07348066298343,38.386906077348065,52.71005524861879,15.517348066298343,71.07,53.99,92.54,59.28,92.36,34.09,181,173,181,181,169,172,-11.806243093922651,-10.492154696132596,-11.082127071823205,-9.648453038674033,-11.94135359116022,-10.924116022099447,21.7,19.8,18.84,17.82,12.53,20.69,-39.36,-40.68,-38.44,-43.83,-39.45,-37.58,66,65,56,54,77,58,3147.81,2859.5,2976.16,2755.7,3196.4900000000002,2949.09,0.5537016574585635,0.5043093922651933,0.47646408839779003,0.46591160220994476,0.6597790055248619,0.37044198895027625,9.48,3.62,4.68,6,4.08,4.77,0,0,0,0,0,0,100.22,91.28,86.24,84.33,119.42,67.05,92.39999999999999,74.98,98.17,67.24000000000001,97.09,61.480000000000004,168.9397237569061,196.50762430939227,187.96596685082872,185.6782320441989,191.79546961325966,165.38353591160222,35,44,44,66,42,36
LU13,LU13_34,LU13_2022,174.4,-10.705541436464088,18.284,-39.832,61.6,2927.794,0.4720552486187845,4.424,0,85.442,76.116,185.80519337016574,46.4,305,308,305,305,317,306,120,120,120,120,120,109,41.05154696132597,26.208342541436465,46.12342541436464,36.218011049723756,48.85767955801105,14.258066298342541,65.14,51.91,88.87,55.62,86.56,31.08,181,172,181,181,169,169,-11.675580110497238,-10.38707182320442,-10.981629834254143,-9.556906077348067,-11.823314917127071,-10.77878453038674,22.08,20.09,19.05,18.1,12.95,21.23,-39.19,-40.57,-38.2,-43.5,-39.52,-37.37,65,65,54,55,77,57,3123.75,2841.12,2957.47,2738.28,3173.91,2928.19,0.519889502762431,0.4770718232044199,0.4583425414364641,0.45138121546961324,0.6301104972375691,0.3433701657458564,9.45,3.27,4.38,6.07,3.83,4.57,0,0,0,0,0,0,94.1,86.35,82.96,81.7,114.05,62.15,79.75,71.72,95.14,65.24000000000001,91.29999999999998,57.18,168.47524861878452,196.10060773480663,188.66618784530388,185.36524861878453,192.71154696132598,166.18237569060773,34,44,45,66,44,33
LU13,LU13_35,LU13_2022,174.6,-10.76825414364641,18.158,-39.916,61.8,2939.616,0.48106077348066295,4.488,0,87.072,77.526,185.38804419889502,46.4,305,308,305,305,317,306,120,120,120,120,120,110,43.53513812154696,27.076740331491713,47.272872928176795,37.08850828729282,49.99425414364641,14.581270718232044,67.99,53.01,90.93,56.98,88.22,31.77,181,172,181,181,169,170,-11.747845303867404,-10.445441988950277,-11.042762430939227,-9.626022099447514,-11.885469613259668,-10.841574585635358,21.93,19.97,18.94,17.97,12.83,21.08,-39.3,-40.64,-38.31,-43.64,-39.51,-37.48,65,65,55,55,77,57,3137.34,2852.29,2969.25,2751.68,3185.94,2938.92,0.5367955801104972,0.48939226519337015,0.467292817679558,0.45740331491712705,0.639889502762431,0.35132596685082873,9.44,3.42,4.48,6.07,3.89,4.58,0,0,0,0,0,0,97.16,88.58,84.58,82.79,115.82,63.589999999999996,89.64999999999999,73.21000000000001,96.88000000000001,66.23,92.96,58.349999999999994,168.5988950276243,196.09944751381215,188.10872928176795,184.95027624309392,192.07397790055248,165.7077900552486,35,44,45,66,44,33
LU13,LU13_36,LU13_2022,174.6,-10.792751381215469,18.14,-39.924,61.8,2943.488,0.47990055248618785,4.497999999999999,0,86.862,77.37,185.183226519337,46.4,305,308,305,305,317,306,120,120,120,120,120,110,43.410441988950275,26.994198895027623,47.15779005524862,36.974088397790055,49.8675138121547,14.563149171270718,67.9,52.89,90.8,56.85,87.98,31.72,181,172,181,181,169,170,-11.770552486187846,-10.470801104972375,-11.068204419889502,-9.647099447513812,-11.914309392265194,-10.863342541436465,21.89,19.97,18.94,17.95,12.81,21.03,-39.3,-40.64,-38.29,-43.68,-39.54,-37.47,65,65,55,55,77,57,3141.01,2855.92,2973.3,2755.19,3191.35,2941.68,0.5333701657458564,0.48977900552486187,0.46624309392265195,0.4549723756906077,0.6381767955801105,0.35033149171270717,9.29,3.44,4.52,6.02,3.91,4.6,0,0,0,0,0,0,96.53999999999999,88.65,84.39,82.35,115.51,63.410000000000004,89.12,73.26,96.75,65.92,92.69000000000001,58.23,168.40309392265195,196.13397790055248,187.91259668508286,184.66077348066298,191.6539779005525,165.55480662983425,35,44,45,66,44,33
LU13,LU13_37,LU13_2022,174.8,-10.79767955801105,18.11,-39.938,61.8,2944.5319999999997,0.4840441988950276,4.518,0,87.612,78.33,185.22822099447515,46.6,305,308,305,305,317,306,120,120,120,120,120,111,43.796961325966855,27.173756906077347,47.35712707182321,37.23762430939227,51.2032044198895,15.050386740331492,68.54,53.11,91.16,57.29,90.01,33.42,181,172,181,181,169,171,-11.781491712707183,-10.47488950276243,-11.070552486187845,-9.65342541436464,-11.918121546961325,-10.871408839779006,21.84,19.95,18.92,17.92,12.78,20.98,-39.31,-40.65,-38.32,-43.71,-39.52,-37.49,65,65,55,55,77,57,3143.14,2856.87,2973.85,2756.56,3192.41,2942.97,0.5377900552486188,0.49232044198895025,0.46806629834254143,0.45707182320441986,0.6417127071823204,0.3610497237569061,9.33,3.47,4.54,6.02,3.94,4.62,0,0,0,0,0,0,97.34,89.11,84.72,82.73,116.15,65.35,89.79,73.57,97.05,66.21000000000001,94.72999999999999,60.09,168.4403314917127,196.23099447513812,187.93171270718233,184.76447513812155,191.65259668508287,165.56132596685083,35,44,45,66,44,34
LU13,LU13_38,LU13_2022,175.2,-10.84246408839779,18.04,-39.988,62,2952.7619999999997,0.48868508287292817,4.552,0,88.452,79.05199999999999,184.85118232044198,46.2,305,308,305,305,317,306,120,120,120,120,120,112,44.71276243093923,27.695193370165747,48.00038674033149,37.60491712707182,51.76994475138122,15.243480662983425,70.18,53.79,92.32,57.85,90.83,33.76,181,173,181,181,169,172,-11.828011049723758,-10.517348066298343,-11.116022099447514,-9.701408839779006,-11.963121546961325,-10.914419889502762,21.77,19.88,18.86,17.85,12.71,20.9,-39.38,-40.69,-38.38,-43.79,-39.53,-37.55,66,65,56,55,77,57,3151.71,2864.74,2982.39,2765.72,3200.83,2950.13,0.54646408839779,0.4997790055248619,0.4728729281767956,0.45955801104972377,0.6457458563535912,0.3654696132596685,9.28,3.56,4.61,6,3.96,4.63,0,0,0,0,0,0,98.91,90.46,85.59,83.18,116.88,66.15,91.33000000000001,74.47999999999999,97.97999999999999,66.53000000000002,95.53999999999999,60.73,168.56309392265194,195.97740331491713,187.5149723756906,184.3165193370166,191.16232044198895,165.28469613259668,34,44,43,66,42,36
LU13,LU13_41,LU13_2022,177.2,-11.580701657458564,16.826,-40.99,65.4,3090.956,0.5693701657458563,5.136,0,103.056,92.354,179.6214585635359,43.4,305,308,305,305,316,305,120,120,120,120,120,115,61.21651933701658,37.898729281767956,59.303480662983425,45.7107182320442,62.64359116022099,19.27779005524862,99.04,65.91,112.57,70.29,106.44,40.64,181,178,181,181,170,176,-12.605718232044199,-11.222237569060773,-11.857624309392264,-10.516436464088398,-12.680773480662983,-11.626436464088398,20.41,18.76,17.71,16.6,11.49,19.57,-40.48,-41.48,-39.44,-45.09,-40.3,-38.64,71,66,63,58,80,60,3295.49,2998.46,3125.62,2921.46,3335.09,3074.15,0.7108839779005525,0.6227624309392266,0.5619337016574586,0.5095580110497238,0.7205524861878453,0.4320441988950276,8.9,5.24,5.79,5.77,4.17,4.71,0,0,0,0,0,0,128.67,112.72,101.71,92.23,130.42,78.2,123.22000000000001,90.24,114.87,74.88999999999997,111.09,70.68,167.3186187845304,194.5213812154696,180.17044198895027,179.35138121546962,183.35480662983426,160.7092817679558,30,49,37,62,39,30
LU13,LU13_43,LU13_2022,177,-11.496734806629835,17.018,-40.800000000000004,65.2,3074.4700000000003,0.5550055248618785,5.018,0,100.456,90.934,179.83318232044198,43.4,305,308,305,305,316,305,120,120,120,120,120,114,58.62292817679558,36.22044198895028,57.46337016574586,46.7710497237569,62.06209944751381,18.678950276243093,94.5,63.92,109.37,71.9,104.44,40.5,181,178,181,181,170,175,-12.51389502762431,-11.14610497237569,-11.774668508287293,-10.429116022099448,-12.599806629834255,-11.533977900552486,20.56,18.97,17.89,16.75,11.7,19.78,-40.29,-41.3,-39.24,-44.92,-40.09,-38.45,70,66,63,58,79,60,3277.09,2983.39,3108.44,2903.82,3319.2400000000002,3057.46,0.6826519337016574,0.6033701657458563,0.5465745856353591,0.49850828729281765,0.7033149171270718,0.4232596685082873,8.8,4.92,5.62,5.75,4.13,4.67,0,0,0,0,0,0,123.56,109.21,98.92999999999999,90.23,127.3,76.61,118.46,87.77000000000001,112.10000000000001,76.23,109.08,69.49,167.1467955801105,194.15585635359116,180.87497237569062,179.21878453038673,184.00143646408839,160.91486187845305,31,48,37,62,39,31
LU13,LU13_45,LU13_2022,177,-11.54186187845304,16.97,-40.856,65.2,3083.09,0.5574475138121547,5.0360000000000005,0,100.898,91.336,179.34192265193371,43.2,305,308,305,305,316,305,120,120,120,120,120,114,59.31872928176796,36.58966850828729,58.024033149171274,46.86436464088398,62.32337016574586,18.86414364640884,95.82,64.1,110.38,71.98,104.84,40.69,181,178,181,181,170,175,-12.559723756906077,-11.19207182320442,-11.820911602209945,-10.480138121546961,-12.644254143646409,-11.571933701657459,20.51,18.92,17.83,16.7,11.67,19.73,-40.35,-41.36,-39.28,-44.98,-40.17,-38.49,70,66,63,58,79,60,3285.96,2992.27,3117.06,2913.6,3327.97,3064.55,0.6891160220994476,0.6070165745856354,0.5505524861878454,0.49906077348066297,0.7041436464088398,0.42646408839779004,8.73,5,5.68,5.73,4.11,4.66,0,0,0,0,0,0,124.73,109.87,99.65,90.33,127.45,77.19,119.58999999999999,88.16999999999999,112.96999999999998,76.14000000000001,109.48,69.92,166.9721546961326,193.51088397790056,180.40657458563535,178.62801104972377,183.45022099447513,160.7139226519337,31,49,37,62,38,30
LU13,LU13_47,LU13_2022,178.4,-12.094624309392264,16.118000000000002,-41.726,68.4,3191.93,0.6183204419889503,5.578,0,111.916,103.89,174.5805856353591,41.2,305,308,305,305,314,305,120,120,120,120,120,119,71.24983425414365,45.61099447513812,67.48994475138122,54.17436464088398,70.82027624309393,22.055414364640885,117.36,73.97,127.05,82.64,115.99,45.45,181,178,181,181,172,180,-13.145055248618785,-11.740303867403314,-12.382707182320441,-11.104198895027624,-13.153618784530387,-12.092292817679558,19.63,18.09,16.94,15.82,10.85,18.89,-41.25,-42.27,-40.12,-45.88,-41.04,-39.32,74,69,65,63,82,63,3398.64,3103.39,3227.5,3037.3,3426.37,3165.09,0.8113812154696133,0.6923756906077349,0.6201104972375691,0.5335359116022099,0.7664088397790055,0.47917127071823207,8.56,6.47,6.51,5.66,4.62,4.63,0,0,0,0,0,0,146.86,125.32,112.24,96.57000000000001,138.72,86.73,140.07,107.08000000000001,127.74,84.92000000000002,121.63,78.08,164.59773480662983,191.0604419889503,174.61596685082873,173.1204419889503,177.3282320441989,156.7778453038674,29,47,34,57,38,30
LU13,LU13_49,LU13_2022,178.4,-12.15153591160221,16.03,-41.806000000000004,68.6,3203.65,0.6236795580110497,5.648,0,112.886,104.862,173.97089502762432,41.2,305,308,305,305,314,305,120,120,120,120,120,119,72.36254143646408,46.339723756906075,68.25381215469613,54.811381215469616,71.53027624309392,22.20756906077348,119.32,74.95,128.35,83.63,117.01,45.83,181,178,181,181,172,180,-13.207845303867403,-11.799226519337017,-12.44096685082873,-11.168922651933702,-13.199530386740332,-12.14903314917127,19.53,18.01,16.86,15.72,10.76,18.8,-41.34,-42.38,-40.2,-45.96,-41.1,-39.39,74,69,66,63,82,63,3410.98,3115.3,3238.9,3050.78,3435.5299999999997,3177.74,0.8219889502762431,0.700828729281768,0.6257458563535911,0.5366298342541437,0.7734254143646409,0.481767955801105,8.55,6.63,6.6,5.67,4.71,4.63,0,0,0,0,0,0,148.78,126.85,113.26,97.13,139.99,87.2,141.83,108.28,128.85999999999999,85.82,122.84,78.51,164.21453038674034,190.6503314917127,173.9482320441989,172.5693370165746,176.68624309392266,156.0003314917127,29,47,34,55,39,31
LU13,LU13_5,LU13_2022,177,-11.448828729281768,17.009999999999998,-40.816,64.8,3066.2200000000003,0.5560883977900553,5.058,0,100.652,90.104,180.09334806629835,43.6,305,308,305,305,316,305,120,120,120,120,120,114,58.81033149171271,36.226519337016576,57.4592817679558,43.72574585635359,61.642983425414364,18.73303867403315,94.54,63.88,109.28,66.77,105.01,40.23,181,178,181,181,170,175,-12.469944751381215,-11.091795580110498,-11.722292817679557,-10.364226519337016,-12.556022099447514,-11.509806629834253,20.62,18.91,17.9,16.81,11.68,19.75,-40.31,-41.3,-39.29,-44.88,-40.14,-38.47,70,65,62,58,79,60,3270.69,2973.05,3099.65,2892.54,3312.46,3053.4,0.687292817679558,0.6032596685082873,0.5481767955801105,0.4908839779005525,0.7134254143646409,0.4246961325966851,9.03,4.95,5.61,5.82,4.18,4.73,0,0,0,0,0,0,124.39999999999999,109.19,99.22,88.85,129.13,76.87,119.21,87.61999999999999,112.03999999999999,71.55,109.69,69.62,167.66618784530388,194.84883977900552,181.4642541436464,177.77585635359117,184.81530386740332,161.5624861878453,31,48,37,62,40,31
LU13,LU13_51,LU13_2022,176.6,-11.175651933701657,17.42,-40.396,63.6,3014.372,0.5288397790055248,4.85,0,95.72,85.33200000000001,182.3580220994475,45.8,305,308,305,305,316,306,120,120,120,120,120,113,52.67624309392265,32.5882320441989,53.305082872928175,41.646298342541435,57.23038674033149,16.84099447513812,84.13,59.76,101.88,63.95,98.49,36.65,181,178,181,181,170,173,-12.181049723756907,-10.829723756906077,-11.444806629834254,-10.051988950276243,-12.293591160220995,-11.258149171270718,21.1,19.31,18.32,17.26,12.05,20.16,-39.89,-40.89,-38.91,-44.42,-39.68,-38.08,69,65,59,55,79,60,3216.86,2922.79,3045.87,2832.63,3262.5,3008.07,0.628232044198895,0.5617127071823205,0.5159116022099447,0.47977900552486186,0.6887845303867404,0.3980110497237569,9.18,4.26,5.2,5.89,4.15,4.75,0,0,0,0,0,0,113.71,101.67,93.38,86.84,124.67,72.04,105.03,82.25,105.78,69.86,103.19000000000001,65.58,168.2918232044199,195.8317679558011,184.3554143646409,181.18082872928176,187.84779005524862,162.5743093922652,35,48,40,65,43,33
LU13,LU13_52,LU13_2022,174.6,-10.751491712707182,18.198,-39.888,61.8,2936.178,0.47723756906077347,4.4719999999999995,0,86.38,76.942,185.47388950276243,46.4,305,308,305,305,317,306,120,120,120,120,120,110,42.82447513812155,26.680607734806628,46.78193370165746,36.76922651933702,49.53707182320442,14.439281767955801,66.78,52.49,90.08,56.5,87.53,31.5,181,172,181,181,169,170,-11.72817679558011,-10.430773480662983,-11.026270718232045,-9.605138121546961,-11.870690607734806,-10.824585635359115,21.96,20.02,18.98,18.01,12.87,21.11,-39.25,-40.62,-38.26,-43.61,-39.52,-37.43,65,65,55,55,77,57,3133.41,2849,2965.66,2747.46,3183.18,2935.59,0.5285635359116022,0.48458563535911603,0.4633701657458564,0.4540883977900552,0.6361878453038674,0.3479558011049724,9.39,3.37,4.46,6.06,3.88,4.59,0,0,0,0,0,0,95.67,87.71,83.87,82.19,115.15,62.98,88.26,72.62,96.16999999999999,65.81,92.27,57.839999999999996,168.40740331491713,196.0417127071823,188.27618784530387,185.0746408839779,192.17386740331492,165.80303867403316,35,44,45,66,44,33
LU13,LU13_53,LU13_2022,176.6,-11.164232044198895,17.503999999999998,-40.35,63.2,3012.606,0.5225856353591161,4.798,0,94.588,84.29599999999999,182.26413259668507,46,305,308,305,305,316,306,120,120,120,120,120,113,51.813701657458566,32.10828729281768,52.852154696132594,41.05425414364641,56.09939226519337,16.5067955801105,82.77,59.22,101.06,63.01,96.74,35.81,181,178,181,181,170,173,-12.168397790055248,-10.823397790055248,-11.437707182320443,-10.050110497237569,-12.281629834254144,-11.228314917127072,21.16,19.39,18.36,17.31,12.17,20.29,-39.86,-40.92,-38.84,-44.37,-39.6,-38.02,69,65,58,55,79,59,3214.46,2921.98,3044.34,2832.32,3260.63,3003.7599999999998,0.6186187845303868,0.5555801104972375,0.5112707182320442,0.47585635359116024,0.6793922651933701,0.390828729281768,9.06,4.18,5.14,5.88,4.1,4.69,0,0,0,0,0,0,111.97,100.56,92.54,86.13,122.97,70.74,103.42,81.52,105.1,69.08,101.41999999999999,64.36,168.1236464088398,195.54801104972375,184.38801104972376,180.88342541436464,187.8289502762431,162.67226519337018,35,48,40,65,43,34
LU13,LU13_55,LU13_2022,175.4,-10.956116022099447,17.866,-40.104,62.6,2973.648,0.49953591160220995,4.632,0,90.416,80.79599999999999,183.97847513812155,46.4,305,308,305,305,317,306,120,120,120,120,120,112,46.937734806629834,29.002044198895028,49.535138121546964,38.434806629834256,53.136629834254144,15.721104972375691,74.19,55.48,95.11,59.11,92.8,34.63,181,174,181,181,169,172,-11.945580110497238,-10.626298342541437,-11.230662983425415,-9.822596685082873,-12.078038674033149,-11.022983425414365,21.56,19.73,18.7,17.67,12.54,20.69,-39.53,-40.77,-38.52,-43.99,-39.54,-37.7,67,65,58,55,77,58,3173.2,2884.73,3004.1,2788.68,3222.32,2968.41,0.5686187845303867,0.5177900552486188,0.4847513812154696,0.4644198895027624,0.6551933701657459,0.375524861878453,9.14,3.76,4.79,5.94,4.02,4.65,0,0,0,0,0,0,102.92,93.72,87.74,84.06,118.59,67.97,94.99,76.74,100.25000000000001,67.21999999999998,97.49,62.28,168.41364640883978,195.89867403314918,186.44375690607734,183.09436464088398,189.90132596685083,164.5542541436464,34,45,43,66,42,36
LU13,LU13_56,LU13_2022,178.4,-12.075160220994475,16.06,-41.764,68.2,3187.538,0.6258895027624309,5.632,0,113.286,104.364,175.2103535911602,41.8,305,308,305,305,314,305,120,120,120,120,120,119,71.51,45.78707182320442,67.4360773480663,52.121767955801104,72.31160220994475,22.739226519337016,117.69,74.18,126.97,79.46,119.37,47.93,181,178,181,181,172,180,-13.129116022099447,-11.710911602209945,-12.360635359116023,-11.074198895027624,-13.134281767955802,-12.095773480662983,19.58,18.01,16.93,15.8,10.75,18.81,-41.26,-42.29,-40.18,-45.93,-41.06,-39.36,74,69,65,62,82,63,3395.13,3096.27,3223.7200000000003,3030.27,3422.4,3165.03,0.8159116022099447,0.7030386740331491,0.6219889502762431,0.5297237569060773,0.7785082872928176,0.4961878453038674,8.68,6.54,6.55,5.67,4.71,4.69,0,0,0,0,0,0,147.68,127.25,112.58,95.88,140.91,89.81,140.89,107.39,127.64,81.92999999999999,124.02000000000001,80.84,164.79071823204418,192.04519337016575,174.90127071823204,173.72867403314916,178.2067955801105,157.16983425414364,29,47,36,57,39,30
LU13,LU13_57,LU13_2022,178.4,-12.202292817679558,15.988,-41.846,68.8,3214.268,0.6238453038674033,5.644,0,112.916,105.17999999999999,173.10847513812155,41.2,305,308,305,305,314,305,120,120,120,120,120,119,72.20132596685083,46.09889502762431,68.51038674033148,55.86591160220994,71.8860773480663,21.88220994475138,118.63,74.52,128.67,85.42,117.37,45.86,181,178,181,181,172,180,-13.261740331491712,-11.855386740331491,-12.494281767955801,-11.231795580110497,-13.242044198895028,-12.187955801104973,19.49,17.98,16.8,15.66,10.73,18.77,-41.4,-42.44,-40.23,-46,-41.13,-39.43,75,69,66,64,82,63,3421.9,3127.26,3249.25,3064.15,3443.78,3186.9,0.8248618784530387,0.6956906077348066,0.6271270718232044,0.5441988950276243,0.7749723756906077,0.47723756906077347,8.58,6.69,6.52,5.69,4.71,4.61,0,0,0,0,0,0,149.3,125.92,113.51,98.5,140.27,86.38,140.85,107.22,129.04999999999998,87.55999999999997,124.13,77.94,163.68734806629834,189.27629834254142,173.19983425414364,172.2007182320442,176.01519337016575,154.8503314917127,29,47,35,54,39,31
LU13,LU13_59,LU13_2022,176.4,-11.130784530386741,17.582,-40.294,63,3006.13,0.5159558011049724,4.758,0,93.388,83.14800000000001,182.45678453038676,46.4,305,308,305,305,317,306,120,120,120,120,120,113,50.76298342541436,31.43878453038674,52.13325966850829,39.88104972375691,54.66022099447514,16.128066298342542,80.98,58.44,99.79,61.23,94.98,34.79,181,178,181,181,169,173,-12.13182320441989,-10.79220994475138,-11.404088397790055,-10.016104972375691,-12.249723756906077,-11.191795580110497,21.23,19.47,18.44,17.37,12.25,20.38,-39.79,-40.91,-38.77,-44.3,-39.54,-37.95,69,65,58,55,78,59,3207.27,2916,3037.5,2825.63,3254.18,2997.34,0.6071270718232045,0.5477900552486188,0.505414364640884,0.47209944751381216,0.672596685082873,0.381878453038674,9.02,4.09,5.07,5.88,4.08,4.67,0,0,0,0,0,0,109.89,99.14999999999999,91.48,85.45,121.74,69.12,101.49999999999999,80.56,104.07000000000001,68.53,99.64000000000001,62.94,168.10370165745857,195.45259668508288,184.76049723756907,181.12055248618785,188.09867403314917,162.85160220994476,34,48,41,66,43,34
LU13,LU13_6,LU13_2022,176.6,-11.294558011049723,17.29,-40.542,64.4,3036.964,0.5365745856353591,4.904,0,97.12,86.63600000000001,181.2180773480663,44.8,305,308,305,305,316,306,120,120,120,120,120,113,54.675414364640886,33.92756906077348,54.83729281767956,42.11563535911602,57.95729281767956,17.1853591160221,87.84,61.43,104.64,64.51,99.5,37.02,181,178,181,181,170,173,-12.30585635359116,-10.947348066298343,-11.568011049723756,-10.194198895027624,-12.408618784530386,-11.354613259668508,20.93,19.19,18.16,17.09,11.96,20.05,-40.05,-41.04,-39.03,-44.6,-39.83,-38.21,69,65,60,58,79,60,3239.98,2945.36,3069.38,2859.8,3284.4,3025.88,0.6480662983425415,0.5779005524861879,0.5266298342541437,0.4816022099447514,0.6924861878453039,0.4042541436464088,9.01,4.49,5.35,5.84,4.13,4.71,0,0,0,0,0,0,117.3,104.6,95.32,87.17,125.34,73.17,108.38,84.42,108.08000000000001,70.05000000000003,104.19,66.44000000000001,167.87116022099448,195.47883977900554,183.03337016574585,179.33839779005524,186.40988950276244,161.82988950276243,33,48,39,65,41,31
LU13,LU13_70,LU13_2022,178.4,-12.202580110497237,15.97,-41.864,68.8,3214.282,0.6266298342541436,5.69,0,113.42,105.378,173.32841988950275,41.2,305,308,305,305,314,305,120,120,120,120,120,119,73.17828729281769,46.72922651933702,68.84939226519337,55.471767955801106,71.68513812154696,21.997513812154697,120.71,75.64,129.35,84.77,117.16,45.56,181,178,181,181,172,180,-13.26267955801105,-11.853922651933702,-12.494337016574585,-11.228950276243093,-13.242265193370166,-12.193425414364642,19.47,17.96,16.79,15.65,10.71,18.74,-41.41,-42.45,-40.26,-46.02,-41.15,-39.44,75,69,66,64,82,63,3421.98,3126.67,3249.37,3063.69,3444.1,3187.58,0.8285635359116023,0.7054143646408839,0.6298342541436464,0.5413812154696133,0.7783977900552487,0.47812154696132597,8.56,6.74,6.65,5.69,4.75,4.62,0,0,0,0,0,0,149.97,127.67999999999999,114,97.99,140.89,86.54,142.85999999999999,108.78,129.73,86.88000000000001,123.55999999999999,77.94,163.82309392265194,190.04259668508288,173.30298342541437,172.13121546961327,176.07104972375691,155.0942541436464,29,47,35,54,39,31
LU13,LU13_8,LU13_2022,177.2,-11.543911602209944,16.912,-40.898,65.2,3083.49,0.5628729281767956,5.08,0,101.88,92.248,179.6989281767956,43.4,305,308,305,305,316,305,120,120,120,120,120,115,59.929944751381214,37.081657458563534,58.399889502762434,47.45651933701657,63.2121546961326,19.12513812154696,96.8,64.94,111.01,72.91,106.17,41.32,181,178,181,181,170,176,-12.564447513812155,-11.190276243093923,-11.821740331491712,-10.478121546961326,-12.6446408839779,-11.584779005524862,20.47,18.86,17.79,16.67,11.58,19.66,-40.38,-41.39,-39.34,-45.01,-40.2,-38.55,70,66,63,58,79,60,3286.89,2991.96,3117.83,2913.52,3327.74,3066.4,0.696353591160221,0.6133149171270719,0.5542541436464088,0.5033149171270718,0.7116574585635359,0.4318232044198895,8.84,5.09,5.72,5.75,4.15,4.69,0,0,0,0,0,0,126.03999999999999,111.01,100.32,91.1,128.81,78.16,120.80999999999999,89.07000000000001,113.49000000000001,77.06,110.81,70.81,167.24856353591161,194.41939226519338,180.50182320441988,179.22121546961327,183.65861878453038,160.693591160221,31,49,37,62,39,30
LU14,LU14_100,LU14_2023,179,-11.040508287292818,16.546,-42.052,62.4,3025.316,0.6209060773480662,6.24,0,112.384,105.218,186.3215138121547,50.4,308,305,305,314,305,305,120,120,120,120,120,120,48.158121546961326,76.79977900552485,59.98900552486188,74.95524861878454,24.625469613259668,37.22254143646409,79.54,141.85,93.25,122.47,46.7,65.98,178,181,181,172,181,180,-11.231491712707182,-11.940524861878453,-10.705165745856354,-12.672292817679558,-11.55596685082873,-8.328591160220995,17.56,16.57,15.98,13.11,20.18,16.89,-42.55,-40.76,-45.03,-39.76,-39.17,-45.54,64,64,61,81,66,40,3037.07,3180.71,2982.27,3335.21,3102.49,2525.9,0.7265193370165746,0.7097790055248618,0.6598342541436464,0.8506629834254144,0.4860773480662983,0.3981767955801105,6.2,6.32,6.33,6.31,4.34,7.9,0,0,0,0,0,0,131.5,128.47,119.43,153.97,87.98,72.07000000000001,102.13000000000001,141.84,95.73,131.07,80.98,76.47,195.73651933701657,179.58900552486188,183.37348066298344,185.63314917127073,161.85060773480663,221.16132596685082,51,38,58,42,36,78
LU14,LU14_102,LU14_2023,174,-10.96903314917127,16.692,-41.903999999999996,61.8,3007.9139999999998,0.6030497237569061,6.048,0,109.152,102.46600000000001,186.40422099447514,49,308,305,305,314,305,305,120,120,120,120,116,120,45.8085635359116,74.58138121546962,59.716906077348064,71.9692817679558,20.210055248618783,35.770441988950274,76.53,137.9,92.93,117.73,43.92,64.9,178,181,181,172,177,159,-11.165552486187845,-11.864613259668507,-10.61743093922652,-12.605662983425415,-11.497458563535911,-8.26,17.81,16.8,16.19,13.07,20.3,17.1,-42.26,-40.5,-44.85,-39.69,-39.15,-45.33,64,64,61,80,65,39,3019.87,3161.06,2962.14,3320.64,3087.47,2508.26,0.7031491712707182,0.6871270718232044,0.6532596685082873,0.838121546961326,0.45447513812154694,0.38226519337016573,5.86,6.08,6.25,5.98,4.39,7.54,0,0,0,0,0,0,127.27,124.37,118.24,151.7,82.26,69.19,98.85,138.4,95.49000000000002,128.76999999999998,75.21,74.46000000000002,195.9721546961326,180.28375690607734,184.76204419889504,186.35375690607734,159.7435359116022,220.87801104972377,51,38,62,41,37,67
LU14,LU14_105,LU14_2023,178.6,-11.243364640883977,16.156,-42.412,63.4,3071.982,0.6589281767955801,6.858,0,119.266,112.348,185.53581215469615,49.6,308,305,305,314,305,305,120,120,120,120,120,120,56.05408839779005,83.47651933701657,62.314309392265194,79.21419889502762,27.413480662983424,39.88,89.46,152.95,97.35,129.07,48.21,69.9,178,181,181,172,181,178,-11.42121546961326,-12.144613259668509,-10.931657458563535,-12.882872928176795,-11.735414364640883,-8.522265193370165,16.98,16.01,15.47,13.15,19.77,16.38,-43.14,-41.35,-45.48,-40.04,-39.1,-46.09,66,65,62,81,68,41,3084.75,3230.96,3033.68,3379.68,3144.21,2571.38,0.7981767955801105,0.77,0.6946961325966851,0.8896685082872928,0.5333149171270718,0.4069613259668508,6.89,6.94,7.16,7.33,4.25,8.61,0,0,0,0,0,0,144.47,139.37,125.74,161.03,96.53,73.66,120.1,151.73,99.77,140.53,89.22,80.49000000000001,195.90497237569062,177.56839779005526,180.90767955801104,183.01596685082873,166.8586187845304,219.32839779005525,51,39,57,40,35,77
LU14,LU14_110,LU14_2023,174.4,-11.041419889502762,16.442,-42.056,62.2,3032.132,0.6373480662983425,6.578,0,115.36,107.764,187.80083977900551,47.8,308,305,305,314,305,305,120,120,120,120,120,120,54.734475138121546,79.6753591160221,57.3839226519337,76.05790055248619,24.409116022099447,37.95552486187845,88.83,145.95,87.85,125.12,47.76,70.16,178,181,181,172,181,157,-11.223453038674034,-11.929337016574586,-10.72292817679558,-12.667790055248618,-11.557265193370165,-8.329779005524863,17.27,16.34,15.8,13.09,20.23,16.75,-42.76,-41.07,-45.08,-39.57,-38.81,-45.75,66,64,61,80,66,40,3048.75,3186.66,2990.03,3334.58,3111.86,2537.53,0.7880110497237569,0.7367955801104973,0.6534806629834254,0.8470718232044199,0.5248618784530387,0.4245303867403315,5.95,6.41,6.54,7.02,4.2,8.72,0,0,0,0,0,0,142.63,133.36,118.28,153.32,95,76.84,120.49,145.12,94.11999999999999,132.25,87.53,79.80000000000001,198.51624309392264,179.96618784530386,180.93508287292818,185.98707182320442,168.2527624309392,223.86309392265193,51,40,59,39,36,65
LU14,LU14_114,LU14_2023,179,-11.248944751381215,16.184,-42.384,63.4,3071.242,0.6442209944751381,6.82,0,116.604,109.626,183.92616574585634,49,308,305,305,314,305,305,120,120,120,120,120,120,53.96176795580111,82.47187845303867,61.14353591160221,78.11519337016574,24.426077348066297,39.72701657458563,85.5,151.9,95.44,127.38,47.54,69.48,178,181,181,172,181,180,-11.42364640883978,-12.15256906077348,-10.939917127071823,-12.889723756906077,-11.741353591160221,-8.521160220994474,17.06,16.07,15.5,13.09,19.8,16.46,-43.08,-41.27,-45.46,-40.03,-39.13,-46.03,66,65,62,81,68,41,3083.0099999999998,3230.36,3034.15,3379.77,3143.53,2568.4,0.778121546961326,0.7637016574585636,0.6849171270718232,0.8745303867403315,0.488121546961326,0.4098342541436464,6.96,6.91,7.08,7.17,4.25,8.69,0,0,0,0,0,0,140.84,138.23,123.97,158.29,88.35,74.17999999999999,115.75999999999999,150.81,98.28999999999999,138.14000000000001,81.10000000000001,79.79,194.1496685082873,177.55839779005524,180.63303867403314,182.8311049723757,159.18651933701656,219.4217679558011,51,37,56,39,35,78
LU14,LU14_115,LU14_2023,179,-11.157243093922652,16.386,-42.222,62.4,3048.678,0.6293922651933701,6.454,0,113.92,106.598,184.7686629834254,49.6,308,305,305,314,305,305,120,120,120,120,120,120,50.90254143646409,78.92983425414364,60.879834254143645,76.33220994475138,24.04342541436464,38.1385635359116,81.89,145.75,94.78,124.41,47.48,67.45,178,181,181,172,181,180,-11.336850828729283,-12.061629834254143,-10.835220994475138,-12.796022099447514,-11.661519337016575,-8.431823204419889,17.38,16.38,15.77,13.06,19.98,16.74,-42.7,-40.92,-45.23,-39.96,-39.26,-45.74,65,64,61,81,66,40,3059.28,3205.9,3009.43,3359.78,3122.99,2545.29,0.748950276243094,0.7298895027624309,0.6711602209944751,0.8588950276243094,0.4806077348066298,0.40640883977900555,6.51,6.56,6.64,6.55,4.31,8.21,0,0,0,0,0,0,135.56,132.11,121.48,155.46,86.99,73.56,111.55999999999999,145.37,97.27,132.83,79.97,77.54999999999998,195.053591160221,178.31149171270718,182.15237569060773,183.94099447513813,158.82773480662982,220.6107182320442,50,37,56,41,36,78
LU14,LU14_120,LU14_2023,174.4,-11.251646408839779,16.086,-42.496,63.8,3076.72,0.6680331491712708,7.0520000000000005,0,120.914,114.17200000000001,185.88516022099446,46.2,308,305,305,314,305,305,120,120,120,120,120,120,61.73745856353591,86.01397790055249,57.48762430939227,79.63580110497237,25.726519337016576,41.02209944751381,98.78,157.06,88.19,131.89,49.93,78.15,178,181,181,172,181,157,-11.412651933701657,-12.142955801104973,-10.96596685082873,-12.884585635359116,-11.747817679558011,-8.516906077348066,17.25,15.91,15.3,13.02,19.83,16.37,-43.18,-41.51,-45.53,-39.93,-39.33,-46.18,67,65,63,82,67,42,3093.06,3234.06,3042.24,3377.62,3151.71,2577.97,0.8734254143646409,0.7997790055248619,0.670939226519337,0.8650276243093923,0.544364640883978,0.46005524861878455,6.32,6.9,7.23,7.75,4.2,9.18,0,0,0,0,0,0,158.09,144.76,121.44,156.57,98.53,83.27,134.67000000000002,155.44,96.5,140.64000000000001,90.98,87.30000000000001,199.2796132596685,177.915635359116,177.95055248618786,183.2410497237569,167.5153038674033,222.80325966850828,51,39,56,36,35,65
LU14,LU14_121,LU14_2023,174.4,-11.072353591160221,16.428,-42.06,62.6,3036.966,0.6343756906077348,6.566,0,114.822,107.26,186.61615469613258,46.8,308,305,305,314,305,305,120,120,120,120,120,120,55.66011049723757,81.22585635359115,57.170110497237566,75.6896132596685,22.786574585635357,38.16767955801105,89.45,148.55,87.46,124.49,47.47,70.54,178,181,181,172,181,157,-11.247348066298343,-11.963812154696132,-10.76121546961326,-12.700690607734806,-11.58632596685083,-8.349723756906076,17.29,16.35,15.76,13.02,20.22,16.79,-42.76,-41.05,-45.11,-39.55,-38.84,-45.75,65,64,62,80,67,40,3052.62,3192.65,2996.43,3339.68,3116.24,2539.83,0.8044198895027624,0.7506629834254144,0.6500552486187845,0.8430386740331491,0.5034254143646408,0.4246961325966851,5.9,6.44,6.52,6.96,4.2,8.71,0,0,0,0,0,0,145.6,135.87,117.66,152.59,91.12,76.87,123.64,147.56,93.55999999999999,131.57,83.65,79.96000000000001,198.48618784530387,179.4914917127072,180.2771270718232,185.51917127071823,164.14325966850828,223.64972375690607,51,40,56,38,36,64
LU14,LU14_131,LU14_2023,179,-11.455762430939227,15.98,-42.58,64.4,3107.1420000000003,0.6519116022099447,7.046,0,117.996,110.732,181.96493922651933,47.6,308,305,305,314,305,305,120,120,120,120,120,120,55.47994475138122,83.83812154696133,61.930773480662985,78.88580110497237,24.962265193370165,40.321657458563536,88.38,154.8,98.13,128.64,48.12,71.09,178,181,181,172,181,180,-11.598756906077348,-12.369640883977901,-11.178784530386741,-13.10939226519337,-11.925248618784531,-8.695745856353591,16.96,15.95,15.2,12.9,19.51,16.34,-42.87,-41.31,-45.77,-40.22,-39.41,-46.19,67,66,64,83,68,41,3111.22,3268.21,3078.61,3421.28,3173.79,2593.82,0.8014364640883977,0.7776795580110497,0.6911049723756906,0.8749171270718232,0.4908839779005525,0.42497237569060775,7.23,7.11,7.35,7.07,4.29,9.41,0,0,0,0,0,0,145.06,140.76,125.09,158.36,88.85,76.92,119.38,153.41,99.19,138.82999999999998,81.88,80.35,193.3807182320442,175.0582320441989,178.41972375690608,179.82475138121546,157.37729281767955,219.1446961325967,50,35,55,37,36,75
LU14,LU14_135,LU14_2023,174.8,-11.551906077348066,15.79,-42.769999999999996,64.8,3129.23,0.6742651933701658,7.41,0,122.042,114.4,181.46594475138122,45.2,308,305,305,314,305,305,120,120,120,120,120,120,59.227237569060776,88.27353591160221,63.12906077348066,81.70259668508287,24.585414364640883,40.43475138121547,95.31,162.33,100.43,134.13,50.09,72.6,178,181,181,172,181,159,-11.684364640883977,-12.468149171270719,-11.296160220994475,-13.209309392265194,-12.011657458563535,-8.77425414364641,16.68,15.7,14.92,12.84,19.36,16.13,-43.43,-41.57,-45.98,-40.35,-39.51,-46.44,68,66,64,83,68,43,3135.3,3293.47,3104.53,3440.92,3193.74,2613.49,0.8356906077348066,0.8170165745856354,0.7125966850828729,0.8945856353591161,0.5180110497237569,0.4291160220994475,7.58,7.49,7.65,7.59,4.3,10.02,0,0,0,0,0,0,151.26,147.88,128.98,161.92,93.76,77.67,124.97,160.17000000000002,102.19000000000003,142.27,86.6,80.77000000000001,193.31121546961327,174.2671270718232,177.21447513812154,178.79552486187845,159.0246408839779,218.02795580110498,50,34,55,36,36,65
LU14,LU14_16,LU14_2023,171.6,-10.136950276243093,17.606,-40.998,55.4,2845.714,0.5757900552486188,6.4239999999999995,0,104.218,92.614,197.95980110497237,52,308,305,305,317,305,305,120,120,120,120,116,120,38.76171270718232,61.762762430939226,49.11127071823204,65.59325966850828,20.5885635359116,27.345580110497238,67.96,114.91,76.6,113.15,41.65,54.19,178,181,181,169,177,150,-10.462127071823204,-11.014116022099447,-9.638839779005524,-11.751767955801105,-10.772679558011049,-7.507348066298342,18.71,17.69,17.58,13.69,21.19,17.88,-41.41,-39.68,-43.53,-38.89,-38.52,-44.37,64,58,53,74,57,35,2877.83,2992.15,2766.69,3160.19,2945.27,2364.27,0.6008839779005525,0.5923204419889503,0.5987845303867403,0.81646408839779006,0.4916022099447514,0.3797790055248619,4.58,5.09,6.39,6.1,4.84,9.7,0,0,0,0,0,0,108.76,107.21,108.38,147.78,88.98,68.74,87.14999999999999,117.04,85.75999999999999,119.35000000000002,78.61,62.31,200.27729281767955,189.22872928176795,194.68337016574586,197.74861878453038,175.5875138121547,232.550773480663,51,44,66,45,40,65
LU14,LU14_17,LU14_2023,172,-10.338491712707182,17.234,-41.27,56.6,2881.386,0.5751270718232044,6.0440000000000005,0,104.098,94.592,194.89017679558012,50.8,308,305,305,316,305,305,120,120,120,120,117,120,39.1207182320442,62.73988950276243,50.66325966850829,67.77044198895028,21.33524861878453,29.902596685082873,67.98,116.94,78.61,115.18,43.34,57.81,178,181,181,170,178,150,-10.635883977900553,-11.198950276243094,-9.848756906077348,-11.974171270718232,-10.970718232044199,-7.699861878453039,18.54,17.46,17.26,13.12,20.79,17.54,-41.7,-39.88,-43.92,-39.22,-38.77,-44.56,64,59,54,74,60,36,2910.08,3026.32,2805.55,3201.21,2977.63,2396.22,0.6150828729281768,0.5966298342541436,0.5972375690607735,0.8149171270718232,0.4952486187845304,0.3716022099447514,5.13,4.98,6.35,5.36,4.71,8.82,0,0,0,0,0,0,111.33,107.99,108.1,147.5,89.64,67.26,88.24000000000001,118.78,84.87,121.06000000000002,80.58,67.67,199.27342541436465,186.92049723756907,191.14254143646409,194.11895027624308,173.77591160220993,228.49298342541437,52,42,66,44,39,63
LU14,LU14_19,LU14_2023,171.8,-10.161375690607734,17.594,-41.072,56.2,2855.67,0.5843977900552486,6.3919999999999995,0,105.776,95.172,197.37962430939228,52,308,305,305,317,305,305,120,120,120,120,117,120,40.05127071823205,63.97049723756906,49.86038674033149,66.36657458563536,20.89171270718232,29.870552486187844,69.95,118.3,77.63,114.37,41.13,56.72,178,181,181,169,178,150,-10.488453038674033,-11.057154696132597,-9.690082872928176,-11.772486187845304,-10.770801104972376,-7.516353591160221,18.5,17.5,17.47,13.84,21.3,17.86,-41.5,-39.88,-43.54,-38.91,-38.47,-44.56,63,59,53,74,59,36,2887.98,3005.94,2780.5,3164.94,2953.34,2373.63,0.6141436464088398,0.6073480662983426,0.6104972375690608,0.8406629834254143,0.49060773480662984,0.37287292817679557,4.78,5.1,6.34,6.85,4.81,8.86,0,0,0,0,0,0,111.16,109.93,110.5,152.16,88.8,67.49,86.68,119.90999999999998,87.76,121.00999999999999,79.47,67.71,200.56618784530386,188.60883977900554,194.08127071823205,198.30530386740332,176.50558011049725,229.3971270718232,51,44,67,44,40,65
LU14,LU14_20,LU14_2023,171.8,-10.17028729281768,17.566,-41.112,56.2,2857.656,0.5908729281767956,6.458,0,106.948,96.20200000000001,197.63998895027623,52,308,305,305,317,305,305,120,120,120,120,117,120,40.45381215469613,64.65160220994476,50.46767955801105,67.20403314917127,21.040165745856353,30.180110497237568,70.49,119.46,78.62,115.79,41.67,57.19,178,181,181,169,178,150,-10.499917127071823,-11.064116022099448,-9.698397790055248,-11.78549723756906,-10.779171270718232,-7.5242541436464085,18.46,17.47,17.43,13.87,21.25,17.81,-41.54,-39.92,-43.58,-38.96,-38.49,-44.61,63,59,53,74,59,36,2890.57,3007.95,2782.18,3167.83,2954.9900000000002,2375.33,0.6198342541436465,0.6120994475138122,0.6187292817679558,0.8505524861878453,0.49591160220994474,0.3770718232044199,4.82,5.13,6.36,6.96,4.85,8.99,0,0,0,0,0,0,112.19,110.79,111.99,153.95,89.76,68.25,87.25999999999999,120.98,88.97000000000003,122.44,80.14,68.48,200.91055248618784,188.72066298342543,194.63839779005525,198.2896685082873,176.6717679558011,229.87944751381215,52,44,67,43,40,66
LU14,LU14_250,LU14_2023,171.6,-10.24260773480663,17.509999999999998,-40.96,55.6,2862.264,0.5495911602209944,5.986,0,99.476,90.02199999999999,194.566408839779,51.2,308,305,305,317,305,305,120,120,120,120,116,120,37.49414364640884,60.22331491712707,46.652651933701655,63.967458563535914,20.20011049723757,27.169558011049723,66.37,112.6,72.09,110.28,41.49,53.87,178,181,181,169,177,150,-10.533480662983425,-11.111602209944751,-9.742596685082873,-11.866795580110496,-10.879696132596685,-7.612348066298343,18.87,17.81,17.57,13.19,21.1,17.88,-41.35,-39.52,-43.62,-38.94,-38.5,-44.22,64,58,54,74,57,35,2887.96,3005.19,2784.96,3179.64,2961.61,2379.92,0.5907734806629834,0.5781767955801105,0.5650276243093922,0.7788397790055248,0.46773480662983424,0.3581767955801105,4.51,4.92,6.42,5.17,4.82,8.6,0,0,0,0,0,0,106.93,104.65,102.27,140.97,84.66,64.83,86.11000000000001,115.06999999999998,80.85,116.13,76.63,61.43,199.01441988950276,187.67381215469612,190.19049723756905,195.46127071823204,171.79441988950276,227.71204419889503,49,43,66,45,39,63
LU14,LU14_3,LU14_2023,172,-10.169381215469613,17.54,-41.1,56,2852.656,0.5871270718232044,6.494,0,106.27,94.922,198.15004419889502,52.4,308,305,305,316,305,305,120,120,120,120,117,120,38.932375690607735,62.65342541436464,51.96552486187845,67.54469613259668,20.88149171270718,28.48331491712707,68.49,116.42,81.27,115.16,42.44,55.18,178,181,181,170,178,150,-10.497734806629834,-11.047845303867403,-9.675138121546961,-11.789226519337017,-10.800193370165745,-7.5345027624309395,18.59,17.59,17.49,13.74,21.1,17.78,-41.51,-39.81,-43.62,-38.99,-38.59,-44.49,64,59,53,74,58,36,2885.44,3000.39,2774.06,3167.94,2950.85,2370.04,0.6082872928176796,0.5976243093922652,0.6161325966850829,0.8319889502762431,0.5004419889502763,0.3894475138121547,4.77,5.11,6.36,6.18,4.82,10,0,0,0,0,0,0,110.1,108.17,111.52,150.59,90.58,70.49,85.99,118.28,88.01,121.38999999999999,79.74,67.19,200.16408839779007,188.85624309392264,195.5475138121547,197.36690607734806,175.6920994475138,233.28745856353592,51,45,66,46,40,65
LU14,LU14_30,LU14_2023,172.4,-10.239596685082873,17.464,-41.21,56.6,2873.138,0.5976906077348066,7.022,0,108.182,98.336,198.00270718232045,52,308,305,305,317,305,305,120,120,120,120,120,120,40.48972375690608,64.6621546961326,49.557237569060774,67.74441988950277,23.930055248618785,31.319613259668508,70.04,119.42,77.1,116.3,50.2,59.31,178,181,181,169,181,150,-10.55267955801105,-11.134530386740332,-9.790828729281769,-11.847872928176796,-10.83389502762431,-7.59085635359116,18.32,17.31,17.27,13.83,21.2,17.71,-41.64,-40.06,-43.72,-39.05,-38.5,-44.72,63,59,54,74,60,36,2904.48,3023.88,2801.59,3180.38,2968.04,2391.8,0.6141436464088398,0.6098342541436464,0.6114364640883978,0.8405524861878453,0.5528729281767956,0.37375690607734807,4.92,5.04,6.17,6.7,8.85,8.35,0,0,0,0,0,0,111.16,110.38,110.67,152.14,100.07,67.65,86.77000000000001,120.74000000000001,87.56999999999998,123.05,90.87,69.45,198.67657458563536,187.3132596685083,192.28270718232045,197.16513812154696,185.27696132596685,227.97546961325966,52,45,67,43,41,64
LU14,LU14_31,LU14_2023,173.4,-10.244198895027624,17.456,-41.23,56.6,2873.704,0.5907734806629834,6.248,0,106.93,96.74399999999999,196.42641988950277,52.6,308,305,305,317,305,305,120,120,120,120,118,120,40.61138121546961,65.12005524861878,50.153093922651934,67.59430939226519,21.470552486187845,31.35121546961326,70.28,120.25,78.07,116.15,42,59.05,178,181,181,169,179,157,-10.560994475138122,-11.138867403314917,-9.791298342541436,-11.854613259668508,-10.840994475138121,-7.595220994475138,18.31,17.31,17.27,13.85,21.16,17.69,-41.66,-40.06,-43.73,-39.07,-38.55,-44.74,63,59,54,74,60,36,2905.33,3024.71,2801.63,3181.92,2968.42,2391.84,0.6174585635359116,0.61353591160221,0.6177348066298343,0.8478453038674033,0.4996685082872928,0.3750828729281768,5.08,5.05,6.22,6.78,4.71,8.48,0,0,0,0,0,0,111.76,111.05,111.81,153.46,90.44,67.89,87.03,121.58000000000001,88.48999999999997,122.89,81.13,69.62999999999998,199.08198895027624,187.46657458563536,192.84254143646407,197.19878453038675,176.4135359116022,228.2106629834254,52,44,67,43,40,69
LU14,LU14_33,LU14_2023,171.6,-10.145254143646408,17.688000000000002,-40.938,55.4,2847.772,0.5666408839779006,6.378,0,102.562,91.478,197.4731049723757,51.4,308,305,305,317,305,305,120,120,120,120,116,120,39.353977900552486,62.42486187845304,48.90469613259668,62.874917127071825,19.96486187845304,27.63574585635359,69.16,115.86,75.79,108.75,38.87,54.59,178,181,181,169,177,150,-10.457265193370166,-11.027845303867403,-9.668701657458564,-11.74596685082873,-10.76696132596685,-7.5167955801104975,18.8,17.76,17.61,13.69,21.37,18.01,-41.31,-39.58,-43.47,-38.91,-38.45,-44.28,64,58,53,74,57,35,2877.28,2993.59,2772.74,3158.02,2946.68,2367.83,0.6020441988950276,0.5977900552486188,0.5939779005524862,0.8032596685082873,0.4681767955801105,0.37,4.3,5.07,6.56,6.11,4.84,9.31,0,0,0,0,0,0,108.97,108.2,107.51,145.39000000000001,84.74,66.97,88.02999999999999,118.13999999999999,85.78999999999999,115.07999999999998,75.9,62.48,200.81232044198896,189.15823204419888,193.77337016574586,197.91734806629833,175.28812154696132,231.22845303867402,50,44,66,45,39,63
LU14,LU14_37,LU14_2023,173.6,-10.470596685082873,17.112,-41.31,57.2,2905.038,0.5717790055248619,5.946,0,103.49199999999999,94.43599999999999,193.3428729281768,51.4,308,305,305,316,305,305,120,120,120,120,118,120,39.12127071823205,62.511602209944755,50.34696132596685,67.05093922651933,22.645690607734807,30.71696132596685,67.81,116.75,78.24,113.75,42.8,59.2,178,181,181,170,179,157,-10.7396408839779,-11.33317679558011,-9.991850828729282,-12.113563535911602,-11.09267955801105,-7.8217127071823205,18.55,17.49,17.14,12.79,20.67,17.47,-41.63,-39.85,-44.09,-39.28,-38.82,-44.51,64,61,55,74,60,36,2928.03,3049.33,2832.7,3226.42,2999.59,2417.15,0.6180662983425415,0.5937569060773481,0.59,0.8035359116022099,0.5004419889502763,0.37116022099447515,5.19,5.04,6.31,5.21,4.74,8.43,0,0,0,0,0,0,111.87,107.47,106.78999999999999,145.44,90.58,67.17999999999999,88.89,118.57,84.01,119.46,82.04,68.1,198.11232044198894,185.04718232044198,188.9960773480663,192.06955801104974,174.04657458563537,226.5549723756906,52,39,66,44,39,69
LU14,LU14_47,LU14_2023,178,-10.353419889502762,17.28,-41.38,57.4,2898.232,0.6110276243093923,6.8580000000000005,0,110.596,101.84599999999999,197.45310497237568,55.6,308,305,305,317,305,305,120,120,120,120,120,120,42.232154696132596,66.37375690607735,50.51292817679558,70.45657458563537,26.303867403314918,33.637458563535915,71.93,122.27,78.96,120.19,53.15,62.97,178,181,181,169,181,178,-10.650469613259668,-11.255331491712708,-9.916933701657458,-11.9753591160221,-10.935773480662982,-7.683701657458563,18.04,17.06,17.04,13.76,21.03,17.51,-41.88,-40.33,-43.92,-39.24,-38.44,-44.97,63,61,54,74,62,36,2927.86,3051.33,2829.8,3205,2991.23,2413.8,0.6307734806629834,0.6218232044198895,0.6281767955801105,0.8485635359116022,0.5615469613259668,0.39502762430939226,5.15,5.08,6.04,6.47,8.57,8.13,0,0,0,0,0,0,114.17,112.55,113.7,153.59,101.64,71.5,88.85000000000001,122.96999999999998,90.03999999999999,127.02,94.16,75.03999999999999,197.78016574585635,185.9932044198895,192.01867403314918,195.52088397790055,184.30867403314917,229.42408839779006,52,43,68,43,41,83
LU14,LU14_48,LU14_2023,178,-10.335795580110497,17.323999999999998,-41.338,57.2,2893.782,0.6069834254143647,6.872,0,109.864,101.148,197.5155138121547,55.2,308,305,305,317,305,305,120,120,120,120,120,120,41.798011049723755,65.92303867403315,50.20950276243094,69.9203867403315,26.14756906077348,33.207348066298344,71.47,121.54,78.36,119.42,52.93,62.29,178,181,181,169,181,178,-10.633011049723757,-11.235690607734806,-9.898011049723756,-11.953977900552486,-10.920220994475137,-7.671077348066299,18.12,17.13,17.09,13.75,21.08,17.57,-41.82,-40.26,-43.88,-39.19,-38.46,-44.9,63,60,54,74,62,36,2923.02,3046.21,2825.03,3200.42,2987.25,2410,0.6265193370165746,0.618232044198895,0.622707182320442,0.8438674033149172,0.5583977900552486,0.39171270718232043,5.04,5.05,6.07,6.49,8.63,8.12,0,0,0,0,0,0,113.4,111.9,112.71000000000001,152.74,101.07000000000001,70.9,88.44999999999999,122.42000000000002,89.26999999999998,126.21999999999998,93.58,74.25,197.9510497237569,186.19635359116023,191.96303867403316,195.847182320442,184.33580110497238,229.23519337016575,52,43,66,43,41,83
LU14,LU14_49,LU14_2023,172,-10.276237569060774,17.42,-41.24,56.8,2880.894,0.5891270718232045,6.088,0,106.63199999999999,96.816,196.1509171270718,51.4,308,305,305,317,305,305,120,120,120,120,118,120,40.90132596685083,64.85486187845304,49.769834254143646,67.72563535911603,21.632320441988952,31.347734806629834,70.44,119.69,77.61,116.18,42.7,60.11,178,181,181,169,179,150,-10.580441988950277,-11.174309392265194,-9.832624309392266,-11.887872928176796,-10.866270718232045,-7.620110497237569,18.26,17.26,17.21,13.76,21.19,17.68,-41.69,-40.12,-43.77,-39.08,-38.46,-44.77,63,59,54,74,61,36,2910.94,3032.39,2810.69,3187.27,2975.6,2398.52,0.6166850828729282,0.6102762430939227,0.6152486187845304,0.8365745856353591,0.5034806629834254,0.38005524861878454,4.83,5.01,6.11,6.57,4.6,8.15,0,0,0,0,0,0,111.62,110.46,111.36,151.42,91.13,68.79,87.28999999999999,120.85,88.25,122.97,82,70.00999999999999,198.26044198895028,186.68734806629834,192.56237569060772,196.7985635359116,176.21773480662984,228.4885635359116,52,43,67,43,40,64
LU14,LU14_51,LU14_2023,171.8,-10.261154696132596,17.497999999999998,-41.146,56.8,2874.52,0.5813812154696133,6.13,0,105.23,95.102,195.76445303867402,51.2,308,305,305,317,305,305,120,120,120,120,117,120,40.00635359116022,64.18541436464088,49.805082872928175,66.35160220994474,21.126519337016575,30.47972375690608,69.68,118.79,77.51,113.71,41.66,57.87,178,181,181,169,178,150,-10.563895027624309,-11.152900552486187,-9.810497237569061,-11.867596685082873,-10.859226519337017,-7.615552486187846,18.45,17.44,17.33,13.69,21.24,17.79,-41.58,-39.93,-43.69,-38.98,-38.53,-44.6,63,59,55,74,60,36,2903.22,3023.91,2804,3182.1,2970.18,2392.41,0.610718232044199,0.6069060773480663,0.6070718232044199,0.8295580110497238,0.4916022099447514,0.371767955801105,4.91,4.98,6.27,6.26,4.68,8.46,0,0,0,0,0,0,110.54,109.85,109.88,150.15,88.98,67.29,86.81000000000002,120.44000000000001,86.99999999999999,120.28999999999999,80.08,67.7,198.98806629834255,187.23734806629835,192.04480662983426,196.64558011049724,175.4342541436464,227.46027624309392,52,44,66,43,39,64
LU14,LU14_54,LU14_2023,178,-10.341939226519337,17.306,-41.328,57.4,2896.246,0.6046187845303868,6.79,0,109.43599999999999,100.15,197.2018232044199,55.8,308,305,305,317,305,305,120,120,120,120,120,120,42.663591160220996,65.61093922651933,49.599944751381216,69.77922651933702,25.86,33.14292817679558,72.85,120.96,77.47,119,51.55,62.63,178,181,181,169,181,178,-10.630497237569061,-11.24060773480663,-9.91279005524862,-11.963038674033148,-10.927127071823204,-7.666132596685083,18.06,17.09,17.06,13.71,21.1,17.57,-41.83,-40.31,-43.89,-39.18,-38.32,-44.94,63,61,54,74,62,36,2925.78,3048.31,2829.02,3201.57,2991.01,2411.32,0.6435359116022099,0.6168508287292818,0.6173480662983425,0.839171270718232,0.5505524861878452,0.39917127071823205,4.94,5.01,5.96,6.31,8.53,8.14,0,0,0,0,0,0,116.48,111.65,111.74,151.89,99.65,72.25,91.96,121.6,88.47000000000001,125.85,92.14,72.69,198.79121546961326,186.01154696132596,191.1538674033149,195.55193370165745,182.91198895027625,230.37977900552485,52,44,68,43,41,83
LU14,LU14_56,LU14_2023,171.8,-10.323729281767957,17.448,-41.176,57,2886.306,0.5763093922651934,5.978,0,104.312,94.466,194.72468508287292,51,308,305,305,317,305,305,120,120,120,120,117,120,40.26331491712707,64.17259668508287,49.666519337016574,65.58817679558011,20.551988950276243,30.793922651933702,69.97,118.82,77.41,112.32,41.14,58.32,178,181,181,169,178,150,-10.607872928176796,-11.216187845303867,-9.889585635359117,-11.925994475138122,-10.911353591160221,-7.675524861878453,18.42,17.43,17.23,13.58,21.24,17.76,-41.61,-39.95,-43.78,-39.01,-38.53,-44.61,64,59,55,74,61,36,2912,3035.75,2819.1,3192.15,2980.46,2404.07,0.6126519337016575,0.6055801104972376,0.6061325966850829,0.8174585635359116,0.47878453038674035,0.3735911602209945,4.75,5.04,6.21,5.89,4.58,8.17,0,0,0,0,0,0,110.89,109.61,109.71,147.96,86.66,67.62,87.52,120.41999999999999,87.03999999999999,118.88999999999999,77.97,68.01,198.4403314917127,186.2924309392265,191.55337016574586,195.95845303867404,173.0899447513812,226.729226519337,52,44,66,43,39,63
LU14,LU14_57,LU14_2023,171.6,-10.183303867403314,17.696,-40.9,55.6,2853.974,0.5517016574585636,6.074,0,99.858,89.50800000000001,195.55478453038674,51.4,308,305,305,317,305,305,120,120,120,120,116,120,38.70740331491713,61.391491712707186,47.78994475138121,61.29403314917127,19.23939226519337,27.527127071823205,68.45,114.18,73.92,105.97,37.83,54.28,178,181,181,169,177,150,-10.48,-11.066767955801105,-9.710662983425415,-11.784060773480663,-10.801546961325966,-7.553480662983425,18.88,17.84,17.62,13.53,21.42,18.07,-41.27,-39.5,-43.46,-38.92,-38.41,-44.21,64,58,54,74,57,35,2880.5,2999.03,2780.43,3163.71,2952.73,2373.97,0.5945303867403315,0.5890055248618784,0.5787292817679558,0.7848066298342542,0.4496685082872928,0.35629834254143644,4.25,4.98,6.56,5.61,4.74,8.48,0,0,0,0,0,0,107.61,106.61,104.75,142.05,81.39,64.49,87.24000000000001,116.69000000000001,83.59,112.20000000000002,73.06,62.00000000000001,200.0778453038674,188.34801104972377,191.85674033149172,197.02486187845304,172.24558011049723,228.29872928176795,49,44,66,46,39,62
LU14,LU14_61,LU14_2023,178,-10.361762430939226,17.288,-41.34,57.4,2899.952,0.6054033149171271,6.768,0,109.578,100.202,197.03198895027623,55.8,308,305,305,317,305,305,120,120,120,120,120,120,42.85364640883978,66.06232044198894,49.57834254143646,69.46585635359116,25.941270718232044,33.25232044198895,73.05,121.75,77.25,118.51,52.11,62.83,178,181,181,169,181,178,-10.6457182320442,-11.260911602209944,-9.936160220994475,-11.98196132596685,-10.946049723756905,-7.683729281767956,18.04,17.08,17.03,13.68,21.09,17.56,-41.85,-40.32,-43.92,-39.19,-38.32,-44.95,63,61,54,74,62,36,2928.72,3052.19,2833.55,3204.65,2994.66,2414.71,0.6461325966850828,0.6196685082872928,0.617182320441989,0.8388950276243093,0.5501104972375691,0.4011602209944751,4.95,5.05,5.97,6.26,8.42,8.14,0,0,0,0,0,0,116.95,112.16,111.71,151.84,99.57,72.61,92.39999999999999,122.36000000000001,88.46000000000001,125.36,92.06,72.77,198.67883977900553,185.82955801104973,190.55232044198894,195.34237569060772,183.07016574585634,230.36552486187844,52,44,68,43,41,83
LU14,LU14_62,LU14_2023,169.6,-10.082734806629833,17.866,-40.632,55,2829.4900000000002,0.5027734806629834,5.824,0,91.00200000000001,81.016,194.01539226519338,51.4,308,305,305,317,306,305,120,120,120,120,114,119,34.1207182320442,54.63911602209945,41.78375690607735,56.69767955801105,17.49160220994475,21.45447513812155,62.6,102.89,64.15,99.26,35.54,44.61,178,181,181,169,174,143,-10.361657458563537,-10.944723756906077,-9.57328729281768,-11.702817679558011,-10.731602209944752,-7.4612430939226515,19.39,18.31,17.93,13.18,21.55,18.36,-40.93,-39.01,-43.27,-39.05,-38.08,-43.75,64,56,53,74,57,35,2852.17,2966.71,2748.53,3146.78,2933.75,2351.68,0.5477348066298342,0.5359668508287293,0.5103867403314917,0.7188397790055249,0.41668508287292816,0.3319889502762431,3.76,4.81,6.38,4.88,4.84,8.21,0,0,0,0,0,0,99.14,97.01,92.38,130.11,75.42,60.09,81.56,106.6,73.7,105.06,67.61,52.11,198.16591160220995,188.8050276243094,188.15779005524863,196.97160220994476,169.03475138121547,227.10779005524861,49,48,67,46,38,58
LU14,LU14_63,LU14_2023,178,-10.416994475138122,17.22,-41.39,57.8,2910.7619999999997,0.6098011049723757,6.712,0,110.374,101.184,196.65509392265193,55.4,308,305,305,317,305,305,120,120,120,120,120,120,43.49243093922652,67.24403314917127,49.6546408839779,69.81022099447513,26.495303867403315,33.7207182320442,73.87,123.87,77.09,118.99,53.76,63.54,178,181,181,169,181,178,-10.68878453038674,-11.315552486187846,-10.001519337016575,-12.038121546961326,-10.996381215469613,-7.733397790055249,17.97,17.02,16.93,13.63,21.02,17.5,-41.92,-40.39,-44.01,-39.23,-38.31,-45.01,63,61,54,75,63,36,2937.46,3063.1,2846.64,3214.91,3004.67,2424.49,0.6539226519337017,0.6280662983425415,0.6190055248618784,0.839171270718232,0.5589502762430939,0.4038121546961326,5.03,5.16,6.01,6.16,8.27,7.96,0,0,0,0,0,0,118.36,113.67999999999999,112.04,151.89,101.17,73.09,93.47000000000001,124.38,88.79,125.86999999999999,93.67999999999999,73.19999999999999,198.5818232044199,185.4207182320442,189.4635359116022,194.64734806629835,183.79685082872928,229.94701657458563,52,44,66,44,40,83
LU14,LU14_66,LU14_2023,178,-10.436806629834255,17.201999999999998,-41.392,57.8,2914.486,0.612353591160221,6.696000000000001,0,110.836,101.76200000000001,196.508408839779,55,308,305,305,317,305,305,120,120,120,120,120,120,43.72729281767956,68.62016574585635,49.89723756906077,69.82303867403314,26.54585635359116,33.86635359116022,74.23,126.12,77.45,119,53.82,63.77,178,181,181,169,181,178,-10.702734806629834,-11.335110497237569,-10.025966850828729,-12.057403314917128,-11.014834254143647,-7.750718232044199,17.96,17.01,16.9,13.6,21.01,17.49,-41.94,-40.4,-44.04,-39.19,-38.31,-45.02,63,61,54,75,63,36,2940.06,3066.77,2851.37,3218.15,3008.41,2427.73,0.6565193370165746,0.6396132596685082,0.621767955801105,0.8369613259668508,0.5588950276243094,0.4045303867403315,5.04,5.19,6.03,6.17,8.22,7.87,0,0,0,0,0,0,118.83,115.77,112.54,151.49,101.16,73.22,93.92,126.61000000000001,89.34000000000002,125.87,93.67,73.32000000000001,198.5910497237569,185.29662983425413,189.53845303867402,194.38845303867404,183.5314364640884,229.78707182320443,52,43,66,43,40,83
LU14,LU14_7,LU14_2023,171.8,-10.13335359116022,17.618000000000002,-41.07,56.2,2848.828,0.5932375690607735,6.644,0,107.376,95.434,198.6975138121547,53,308,305,305,317,305,305,120,120,120,120,117,120,39.544530386740334,63.142375690607736,50.606740331491714,68.18745856353591,21.17674033149171,28.636740331491712,69.31,116.92,79.18,117.66,43.37,55.59,178,181,181,169,178,150,-10.467403314917128,-11.022154696132597,-9.654171270718232,-11.744751381215469,-10.751629834254144,-7.494060773480663,18.55,17.57,17.5,13.91,21.26,17.85,-41.48,-39.83,-43.55,-38.93,-38.52,-44.52,63,59,53,74,59,36,2882.3,2998.08,2771.81,3160.23,2946.91,2367.11,0.6103314917127072,0.6013259668508287,0.6200552486187846,0.8486187845303867,0.507182320441989,0.38900552486187845,4.71,5.13,6.33,7.02,4.97,9.77,0,0,0,0,0,0,110.47,108.84,112.23,153.6,91.8,70.41,86.25,118.67,88.87,124.23999999999998,81.44999999999999,63.940000000000005,200.90149171270718,189.07077348066298,196.1675138121547,198.9511049723757,176.94519337016575,232.35298342541438,51,45,67,46,40,67
LU14,LU14_70,LU14_2023,169.4,-10.086585635359116,17.92,-40.616,55,2830.728,0.49877348066298344,5.764,0,90.278,79.978,193.8425635359116,51.4,308,305,305,317,306,305,120,120,120,120,113,119,34.35099447513812,54.88580110497237,42.0167955801105,54.724254143646405,16.61635359116022,21.662209944751382,62.96,103.19,64.43,96.07,33.02,44.88,178,181,181,169,173,143,-10.363480662983426,-10.958701657458564,-9.592348066298342,-11.704447513812154,-10.72281767955801,-7.454613259668508,19.38,18.34,17.92,13.19,21.69,18.46,-40.88,-38.99,-43.24,-39.04,-38.07,-43.74,64,56,53,74,57,35,2852.71,2969.4900000000002,2752.07,3145.91,2934.41,2351.76,0.5454696132596685,0.5376243093922652,0.5123756906077348,0.7155801104972376,0.3993922651933702,0.3288950276243094,3.65,4.8,6.45,4.81,4.74,8.02,0,0,0,0,0,0,98.73,97.31,92.74,129.52,72.29,59.53,81.46000000000001,106.86,74.18,101.96,64.53,52.36,197.9703867403315,188.60635359116023,188.17276243093923,197.02519337016574,168.50701657458563,226.90149171270718,49,48,67,45,38,59
LU14,LU14_71,LU14_2023,171.4,-10.346033149171271,17.506,-41.064,56.6,2886.982,0.5579668508287293,5.836,0,100.992,92.35799999999999,193.4210276243094,50.8,308,305,305,317,305,305,120,120,120,120,115,120,39.686850828729284,63.25011049723757,48.55314917127072,64.1492817679558,19.59022099447514,29.833480662983426,69.18,117.46,75.29,109.85,40.95,57.34,178,181,181,169,176,150,-10.614917127071823,-11.234889502762432,-9.909088397790056,-11.953618784530386,-10.937237569060773,-7.695331491712707,18.63,17.63,17.31,13.39,21.3,17.9,-41.49,-39.74,-43.73,-38.9,-38.52,-44.43,64,59,55,74,60,35,2908.98,3034.08,2820.6,3194.89,2982.16,2403.18,0.6049171270718232,0.5980662983425414,0.5895580110497237,0.7910497237569061,0.4492817679558011,0.36187845303867405,4.71,5,6.39,5.25,4.57,7.97,0,0,0,0,0,0,109.49,108.25,106.71,143.18,81.32,65.5,88.67000000000002,119.51999999999998,85.03,116.16,74.33,66.75,198.68872928176796,186.19425414364642,190.04922651933703,195.06828729281767,168.7290055248619,227.06436464088398,50,44,66,43,38,63
LU14,LU14_72,LU14_2023,171.6,-10.282513812154697,17.61,-40.958,55.8,2872.646,0.5472817679558011,5.806,0,99.058,89.33200000000001,194.0061104972376,51.4,308,305,305,317,305,305,120,120,120,120,116,120,38.337845303867404,61.07160220994475,47.005690607734806,61.583922651933705,19.945911602209947,28.165469613259667,67.52,113.75,72.65,105.99,38.52,55.18,178,181,181,169,177,150,-10.55475138121547,-11.16403314917127,-9.831187845303868,-11.889475138121547,-10.88671270718232,-7.641160220994475,18.83,17.81,17.47,13.37,21.38,18.02,-41.34,-39.54,-43.61,-38.93,-38.45,-44.26,64,59,54,74,57,35,2895.05,3017.36,2803.2799999999997,3182.31,2969.65,2390.63,0.5895027624309392,0.5831491712707182,0.5685082872928177,0.7767955801104972,0.45353591160220996,0.35441988950276243,4.47,4.84,6.41,5.15,4.62,8.01,0,0,0,0,0,0,106.7,105.55,102.9,140.6,82.09,64.15,86.84,116.19,81.78000000000002,112.19,73.9,62.6,198.20629834254143,186.79093922651933,189.1588950276243,195.73602209944752,171.61265193370167,226.73204419889504,48,44,66,45,39,63
LU14,LU14_74,LU14_2023,171.4,-10.357016574585636,17.522,-41.028,56.6,2886.9139999999998,0.5464972375690608,5.742,0,98.916,90.22800000000001,192.42853038674033,50.4,308,305,305,317,305,305,120,120,120,120,115,120,38.86767955801105,61.882044198895024,47.33127071823205,62.85618784530387,18.963701657458564,29.048121546961326,68.1,115.21,73.14,107.77,40,56.13,178,181,181,169,176,150,-10.617624309392266,-11.237569060773481,-9.917817679558011,-11.967265193370165,-10.952541436464088,-7.709889502762431,18.75,17.74,17.34,13.3,21.29,17.94,-41.43,-39.61,-43.74,-38.93,-38.52,-44.34,64,59,55,74,60,35,2907.45,3031.79,2820.29,3196.87,2982.12,2403.5,0.5979005524861879,0.5875690607734807,0.5727071823204419,0.7790055248618785,0.4369060773480663,0.35629834254143644,4.61,4.93,6.38,4.94,4.59,7.87,0,0,0,0,0,0,108.22,106.35,103.66,141,79.08,64.49,87.91,117.49,82.23000000000002,113.93,72.17999999999999,65.31,198.3893370165746,185.94950276243094,188.18276243093922,194.64806629834254,167.48756906077347,225.87475138121548,50,43,66,42,38,63
LU14,LU14_75,LU14_2023,178.4,-10.689806629834255,16.898,-41.672,59.4,2962.238,0.6140773480662983,6.022,0,111.148,102.776,191.3395138121547,53,308,305,305,314,305,305,120,120,120,120,119,120,46.49696132596685,72.9032044198895,53.64088397790055,71.98149171270718,23.817127071823204,36.192596685082876,78.14,133.92,83,120.51,45.15,66.57,178,181,181,172,180,178,-10.916685082872927,-11.580276243093923,-10.30975138121547,-12.31378453038674,-11.243314917127071,-8.001906077348066,17.74,16.78,16.48,13.41,20.65,17.17,-42.26,-40.62,-44.48,-39.37,-38.62,-45.27,64,64,58,76,63,36,2980.09,3114.54,2906.52,3267.53,3049.56,2473.04,0.6875690607734807,0.6749171270718232,0.6382872928176796,0.8495027624309393,0.4908839779005525,0.4167955801104972,5.57,5.77,6.05,6.35,4.37,7.57,0,0,0,0,0,0,124.45,122.16,115.53,153.76,88.85,75.44,97.94000000000001,134.06,91.88999999999997,127.7,81.37,78.85999999999999,198.59254143646407,183.18453038674033,186.65138121546963,190.84116022099448,168.42453038674034,227.59596685082872,52,40,63,43,38,81
LU14,LU14_76,LU14_2023,171.4,-10.41339226519337,17.454,-41.084,57.2,2898.504,0.549182320441989,5.702,0,99.402,90.914,191.75980110497238,50,308,305,305,317,305,305,120,120,120,120,115,120,39.61546961325967,62.72585635359116,48.033812154696136,63.38469613259669,19.184861878453038,29.223204419889502,69.03,116.7,74.46,108.5,40.31,55.33,178,181,181,169,176,150,-10.663977900552487,-11.297348066298342,-9.98707182320442,-12.025773480662984,-10.999088397790056,-7.757679558011049,18.65,17.65,17.23,13.26,21.25,17.88,-41.51,-39.7,-43.83,-38.92,-38.55,-44.42,64,61,56,74,60,35,2917.33,3044.39,2834.56,3207.48,2992.62,2413.47,0.6066298342541436,0.5929834254143647,0.5820994475138122,0.7814917127071823,0.44,0.34933701657458566,4.61,5.01,6.32,4.86,4.53,7.79,0,0,0,0,0,0,109.8,107.33,105.36,141.45,79.64,63.23,89.19999999999999,118.79,83.75,114.7,72.72,64.61000000000001,198.34546961325967,185.3196685082873,188.6625414364641,193.96817679558012,167.0964640883978,223.7521546961326,50,43,66,41,37,63
LU14,LU14_78,LU14_2023,173.4,-10.565292817679559,17.201999999999998,-41.374,58.6,2931.358,0.5814917127071824,5.866,0,105.25,96.932,192.0024861878453,50.8,308,305,305,317,305,305,120,120,120,120,118,120,42.32248618784531,68.51944751381215,50.012651933701655,66.3921546961326,21.8939226519337,32.29519337016575,72.65,126.48,77.23,113.01,41.93,60.19,178,181,181,169,179,157,-10.803646408839779,-11.45864640883978,-10.166381215469613,-12.172900552486189,-11.128591160220994,-7.8999447513812155,18.26,17.29,16.88,13.3,20.99,17.55,-41.81,-40.09,-44.14,-39.15,-38.7,-44.79,64,63,57,75,62,36,2948.94,3081.39,2873.08,3237.26,3020.39,2444.67,0.6407182320441989,0.6369060773480663,0.6107734806629834,0.8104419889502763,0.48138121546961327,0.3679558011049724,4.95,5.39,6.28,5.36,4.45,7.85,0,0,0,0,0,0,115.97,115.28,110.55,146.69,87.13,66.6,91.74000000000001,127.77,87.56,119.36,80.11,69.86,198.09580110497237,184.20265193370165,187.3985635359116,192.39762430939226,171.66834254143646,224.34524861878452,51,41,64,43,38,68
LU14,LU14_8,LU14_2023,171.8,-10.14567955801105,17.59,-41.11,56.2,2850.556,0.5975801104972376,6.672,0,108.162,96.738,199.0260773480663,52.6,308,305,305,317,305,305,120,120,120,120,117,120,39.74132596685083,63.66878453038674,50.74729281767956,68.36701657458563,21.134861878453037,29.51668508287293,69.61,117.87,79.34,117.97,43.45,56.73,178,181,181,169,178,150,-10.479337016574586,-11.029530386740332,-9.665331491712708,-11.757762430939227,-10.767348066298343,-7.508425414364641,18.54,17.56,17.46,13.94,21.19,17.8,-41.51,-39.85,-43.59,-38.97,-38.6,-44.54,63,59,53,74,59,36,2884.34,2999.45,2773.23,3163.16,2948.22,2368.72,0.6140331491712707,0.6046961325966851,0.6223756906077348,0.8497237569060774,0.508950276243094,0.4021546961325967,4.74,5.15,6.37,6.89,4.96,9.99,0,0,0,0,0,0,111.14,109.45,112.65,153.8,92.12,72.78999999999999,86.65,119.58000000000001,89.31999999999998,124.48,81.35,68.96,201.2160773480663,189.19872928176795,196.15806629834253,198.7086187845304,176.7285082872928,234.3364640883978,51,45,67,46,40,65
LU14,LU14_80,LU14_2023,171,-10.322983425414364,17.672,-40.862,56,2876.1059999999998,0.5150828729281768,5.5280000000000005,0,93.23,83.94000000000001,191.276408839779,50.4,308,305,305,317,306,305,120,120,120,120,113,120,36.13193370165746,58.637458563535915,44.43430939226519,58.12093922651933,16.469834254143645,24.219281767955803,64.91,109.93,68.29,100.61,36.36,49,178,181,181,169,173,151,-10.572762430939227,-11.199585635359115,-9.873867403314916,-11.945718232044198,-10.925027624309392,-7.670718232044199,19.11,18.07,17.53,13.1,21.44,18.22,-41.18,-39.23,-43.61,-39.09,-38.34,-44.04,64,58,56,74,57,35,2893.91,3017.22,2807.32,3191.58,2972.5,2391.91,0.5723756906077349,0.5604972375690608,0.5414364640883977,0.7332044198895028,0.4013259668508287,0.33895027624309393,4.15,4.7,6.48,4.26,4.58,7.62,0,0,0,0,0,0,103.6,101.45,98,132.71,72.64,61.35,84.35,112.98000000000002,78.11000000000001,106.45,65.98,56.18,197.2049723756906,186.29033149171272,186.84337016574585,194.00988950276243,164.4189502762431,224.81950276243094,48,44,66,44,38,60
LU14,LU14_84,LU14_2023,172.6,-10.391508287292817,17.561999999999998,-40.972,57,2890.65,0.5265414364640884,5.558,0,95.304,87.014,190.7878453038674,51,308,305,305,317,305,305,120,120,120,120,113,120,37.34618784530387,60.37635359116022,46.19591160220995,60.71977900552486,17.326629834254142,27.90265193370166,66.24,112.96,71.49,104.43,38.8,53.65,178,181,181,169,174,158,-10.637541436464089,-11.271491712707183,-9.955773480662984,-12.010055248618784,-10.985801104972376,-7.734419889502762,18.93,17.9,17.38,13.13,21.32,18.08,-41.33,-39.42,-43.73,-39.04,-38.46,-44.21,64,60,57,74,59,35,2908.49,3033.88,2825.18,3203.94,2985.34,2404.91,0.5838121546961326,0.57353591160221,0.5615469613259668,0.7504972375690607,0.4095580110497238,0.33756906077348064,4.46,4.85,6.4,4.37,4.54,7.63,0,0,0,0,0,0,105.67,103.81,101.64,135.84,74.13,61.1,86.11,115.58999999999999,81.03,110.36,67.33,60.76,196.76767955801105,185.5539226519337,188.06850828729281,193.68618784530386,163.78088397790054,222.8497237569061,48,43,66,42,37,67
LU14,LU14_85,LU14_2023,178.6,-10.867480662983425,16.664,-41.894,61,2998.228,0.6300883977900552,6.242,0,114.046,106.308,190.21883977900552,51.4,308,305,305,314,305,305,120,120,120,120,120,120,49.47696132596685,76.6485635359116,55.03359116022099,73.70403314917127,26.068397790055247,37.3146408839779,81.89,140.61,85,122.93,46.93,67.75,178,181,181,172,181,178,-11.06878453038674,-11.761353591160221,-10.512541436464089,-12.491546961325968,-11.398950276243093,-8.173011049723756,17.47,16.53,16.15,13.32,20.41,16.91,-42.54,-40.87,-44.8,-39.51,-38.76,-45.53,65,64,60,77,66,38,3011.09,3151.96,2948.18,3303.26,3080.96,2506.78,0.728342541436464,0.707292817679558,0.6548618784530387,0.8608287292817679,0.523756906077348,0.4037016574585635,5.94,6.15,6.22,6.7,4.3,7.84,0,0,0,0,0,0,131.83,128.02,118.53,155.81,94.8,73.07,103.96000000000001,140.3,94.27000000000001,130.04999999999998,87.39,79.53,198.1228729281768,181.66,184.54110497237568,188.42889502762432,171.91259668508286,224.55160220994475,52,40,58,43,37,79
LU14,LU14_86,LU14_2023,173,-10.6223591160221,17.184,-41.378,58.8,2939.37,0.5697569060773481,5.78,0,103.126,94.94,189.89039779005526,49.8,308,305,305,317,305,305,120,120,120,120,116,120,41.48425414364641,67.43430939226519,49.66646408839779,65.59099447513812,20.71204419889503,31.56850828729282,70.95,125.2,77.16,111.6,41.65,58.85,178,181,181,169,177,157,-10.852237569060774,-11.512209944751381,-10.22610497237569,-12.239364640883977,-11.185027624309392,-7.949088397790056,18.36,17.36,16.85,13.18,20.93,17.6,-41.78,-39.98,-44.2,-39.2,-38.78,-44.73,64,63,58,75,62,36,2955.54,3087.96,2882.97,3248.97,3027.51,2449.44,0.633756906077348,0.6302209944751381,0.6054696132596685,0.79674033149171275,0.4556353591160221,0.3607182320441989,5.06,5.4,6.27,5.11,4.45,7.67,0,0,0,0,0,0,114.71,114.07,109.59,144.21,82.47,65.29,92.16000000000001,126.69000000000001,86.71999999999998,117.71000000000001,75.47,68.11,196.81403314917128,183.52734806629834,186.8642541436464,191.0778453038674,165.82066298342542,222.16187845303867,51,39,64,42,37,67
LU14,LU14_88,LU14_2023,178.6,-10.95585635359116,16.578,-41.986,61.4,3014.226,0.6278121546961326,6.3420000000000005,0,113.634,106.04,187.79293922651934,51,308,305,305,314,305,305,120,120,120,120,120,120,50.12325966850829,77.95436464088398,55.71088397790055,74.57950276243093,24.516795580110497,37.643812154696136,82.63,142.99,86.05,124.01,47.07,66.34,178,181,181,172,181,178,-11.1496408839779,-11.850386740331492,-10.608149171270718,-12.582486187845303,-11.475690607734807,-8.262569060773481,17.43,16.48,16.04,13.23,20.31,16.83,-42.63,-40.9,-44.92,-39.64,-38.87,-45.6,64,64,60,78,66,39,3026.41,3168.5,2966.87,3319.79,3094.23,2521.7400000000002,0.735524861878453,0.7181767955801105,0.6613812154696133,0.8613812154696132,0.5033701657458564,0.3947513812154696,6.14,6.32,6.32,6.69,4.29,8.09,0,0,0,0,0,0,133.13,129.99,119.71,155.91,91.11,71.45,104.72999999999999,142.69,95.12,130.96,83.73,77.69999999999999,197.23756906077347,180.7779005524862,183.69160220994476,187.11690607734806,165.67524861878454,221.70303867403314,52,40,58,42,36,79
LU14,LU14_9,LU14_2023,170.4,-10.14778453038674,17.592,-41.102,56.2,2850.31,0.5956022099447513,6.626,0,107.804,95.628,198.86854143646408,52.4,308,305,305,317,305,305,120,120,120,120,117,120,39.819779005524865,63.91121546961326,50.614806629834256,67.85972375690608,21.055911602209946,28.710220994475137,69.83,118.31,78.98,117.06,43.11,56.37,178,181,181,169,178,143,-10.4792817679558,-11.028563535911601,-9.667375690607734,-11.759226519337016,-10.771519337016574,-7.5122375690607734,18.57,17.58,17.46,13.93,21.18,17.81,-41.5,-39.82,-43.6,-38.97,-38.61,-44.51,64,59,53,74,59,36,2883.8,2998.47,2773.08,3163.33,2948.1,2368.57,0.6151933701657458,0.6067955801104973,0.6205524861878453,0.8437016574585635,0.5065193370165746,0.4004419889502762,4.69,5.15,6.42,6.71,4.93,9.92,0,0,0,0,0,0,111.35,109.83,112.32000000000001,152.71,91.68,72.48,86.97999999999999,120.04,89.13000000000002,123.51,80.9,64.55999999999999,201.56022099447515,189.35939226519338,195.89546961325968,198.4817127071823,176.57,234.0361325966851,51,45,67,46,40,64
LU14,LU14_91,LU14_2023,172.4,-10.390845303867403,17.612,-40.9,56.8,2888.276,0.5132375690607734,5.472,0,92.896,84.038,190.4186408839779,51,308,305,305,317,306,305,120,120,120,120,113,120,36.17497237569061,58.92585635359116,47.42099447513812,58.530386740331494,16.463093922651932,24.112872928176795,64.93,110.5,73.09,99.9,35.9,47.87,178,181,181,169,173,158,-10.627983425414364,-11.26720994475138,-9.94889502762431,-12.024834254143647,-10.987900552486188,-7.7253867403314915,19.09,18.04,17.45,12.98,21.38,18.21,-41.23,-39.24,-43.69,-39.12,-38.38,-44.07,64,59,57,75,58,35,2903.86,3029.23,2821.28,3205.72,2983.94,2401.21,0.5707734806629834,0.5601657458563536,0.5474585635359116,0.7296132596685083,0.3989502762430939,0.33,4.25,4.74,6.44,4.15,4.52,7.51,0,0,0,0,0,0,103.31,101.39,99.09,132.06,72.21,59.73,84.62000000000002,113.47,79.16,107.16000000000001,65.56,54.839999999999996,196.70651933701657,185.51436464088397,187.19994475138122,193.18756906077348,163.84497237569062,222.3463535911602,48,43,66,43,38,65
LU14,LU14_92,LU14_2023,178.6,-10.93810497237569,16.582,-41.96,61.2,3011.886,0.6327182320441989,6.346,0,114.52199999999999,106.962,189.07044198895028,51.2,308,305,305,314,305,305,120,120,120,120,120,120,50.67486187845304,77.90563535911602,55.45585635359116,74.46232044198895,26.47878453038674,37.78839779005525,83.63,142.85,85.59,123.93,47.5,66.57,178,181,181,172,181,178,-11.132790055248618,-11.830939226519337,-10.591519337016575,-12.564254143646409,-11.460193370165745,-8.243618784530387,17.4,16.46,16.04,13.25,20.33,16.83,-42.63,-40.93,-44.9,-39.57,-38.79,-45.61,65,64,60,78,66,38,3024.7,3165.91,2964.15,3316.63,3092.88,2519.86,0.7426519337016575,0.7184530386740332,0.659889502762431,0.862817679558011,0.5293370165745857,0.3930939226519337,6.06,6.28,6.34,6.78,4.27,8.06,0,0,0,0,0,0,134.42,130.04,119.44,156.17,95.81,71.15,106.14,142.44,94.94999999999999,130.98000000000002,88.39,78.05,198.11900552486188,181.00093922651934,183.69232044198895,187.41,171.48088397790056,221.76806629834255,52,40,58,42,37,79
LU14,LU14_96,LU14_2023,172.8,-10.650591160220994,17.198,-41.328,58.8,2942.012,0.556817679558011,5.708,0,100.78399999999999,93.12,188.66211049723756,49.4,308,305,305,317,305,305,120,120,120,120,114,120,40.76988950276243,66.7246408839779,52.390055248618786,65.14447513812155,18.54939226519337,31.6860773480663,70.39,124.03,81.14,109.26,40.62,58.95,178,181,181,169,175,158,-10.87110497237569,-11.536270718232045,-10.254613259668508,-12.279972375690608,-11.217403314917128,-7.964696132596685,18.49,17.46,16.87,13.05,20.9,17.71,-41.74,-39.84,-44.2,-39.17,-38.77,-44.66,64,63,58,76,61,36,2956.62,3089.22,2885.99,3255.4900000000002,3030.54,2448.82,0.6283425414364641,0.6219337016574585,0.5988950276243094,0.7828729281767955,0.42679558011049723,0.35359116022099446,5.05,5.33,6.32,4.9,4.45,7.54,0,0,0,0,0,0,113.73,112.57,108.4,141.7,77.25,64,91.55,125.69,85.83,115.87,70.37,67.84,197.1690055248619,183.12767955801104,186.26657458563537,190.28348066298344,161.83270718232043,221.80011049723757,51,38,64,42,37,66
LU14,LU14_97,LU14_2023,174.4,-10.991353591160221,16.496000000000002,-42.006,61.4,3023.1839999999997,0.6394254143646408,6.526,0,115.736,108.032,188.66939226519338,48.4,308,305,305,314,305,305,120,120,120,120,120,120,53.63707182320442,79.18801104972376,58.198950276243096,76.30093922651933,24.814419889502762,37.65453038674033,87.06,145.04,89.3,125.38,47.88,69.63,178,181,181,172,181,157,-11.181767955801105,-11.879254143646408,-10.659944751381216,-12.616961325966852,-11.510386740331493,-8.290220994475138,17.31,16.37,15.9,13.18,20.27,16.76,-42.72,-41.03,-45.01,-39.56,-38.72,-45.71,65,64,61,78,66,38,3039.33,3177.21,2978.1,3326.12,3103.74,2530.75,0.7770165745856353,0.7303867403314918,0.6585635359116022,0.854475138121547,0.531988950276243,0.42171270718232046,6.02,6.35,6.48,6.98,4.2,8.62,0,0,0,0,0,0,140.64,132.2,119.2,154.66,96.29,76.33,118.35000000000001,144.32,94.94999999999999,132.52,88.82000000000001,79.55000000000001,198.4882320441989,180.46563535911602,182.23033149171272,186.69044198895028,169.83701657458565,224.1235359116022,51,40,59,41,36,66
LU15,LU15_1,LU15_2022,175.2,-9.291657458563536,18.58,-39.45,49,2642.82,0.5652044198895028,6.326,0,102.302,86.224,211.3763093922652,56.6,305,308,305,305,316,305,120,120,120,120,120,113,48.55414364640884,27.63767955801105,43.563756906077344,40.488674033149174,53.87906077348066,15.845469613259668,77.37,51.26,81.72,65.08,96.04,33.45,181,170,181,181,170,174,-10.461491712707183,-9.144806629834255,-9.504889502762431,-7.931077348066299,-10.34339779005525,-9.534116022099447,23.93,18.13,18.24,19.22,15.53,21.78,-39.76,-40.22,-38.4,-41.83,-39.53,-37.27,58,52,47,37,60,49,2910.14,2589.4900000000002,2674.44,2391.17,2885.81,2673.19,0.6314917127071823,0.5388950276243094,0.50646408839779,0.5957458563535911,0.7296132596685083,0.4553038674033149,8.7,6.61,5.83,6.46,7.13,5.6,0,0,0,0,0,0,114.3,97.54,91.67,107.83,132.06,82.41,91.33000000000003,72.82000000000001,91.82000000000001,91.39,104.46000000000002,70.63,193.54204419889504,206.2739226519337,210.54878453038674,229.2471270718232,216.86381215469612,193.94790055248617,43,49,55,73,54,52
LU15,LU15_10,LU15_2022,175.6,-9.416690607734807,18.556,-39.394,50.4,2673.95,0.5940441988950277,6.352,0,107.52199999999999,91.31800000000001,211.75114917127073,57,305,308,305,305,316,305,120,120,120,120,120,113,53.734033149171275,31.99618784530387,45.389060773480665,40.16497237569061,61.98690607734807,18.230331491712708,86.29,58.59,84.93,66.87,109.3,40.51,181,172,181,181,170,174,-10.575497237569062,-9.265441988950275,-9.630248618784531,-8.051767955801106,-10.491132596685082,-9.644861878453039,23.89,18.09,18.2,19.29,15.53,21.67,-39.84,-40.25,-38.53,-41.76,-39.14,-37.29,60,53,48,38,61,52,2936.79,2620.89,2707.39,2423.38,2920.37,2697.72,0.6817127071823205,0.5622651933701658,0.5315469613259669,0.5576795580110497,0.7937016574585636,0.5250276243093923,9.09,6.11,5.77,6.71,6.97,6.2,0,0,0,0,0,0,123.39,101.77,96.21,100.94,143.66,95.03,101.32,78.51,92.81000000000002,88.58,116.47000000000001,80.22,193.42132596685082,210.25187845303867,208.41944751381214,224.4157458563536,216.22629834254144,199.44237569060775,42,51,56,72,54,52
LU15,LU15_11,LU15_2022,172.6,-9.362447513812155,18.644,-39.306,49.6,2664.628,0.5793259668508287,6.168,0,104.858,89.48000000000002,210.67354696132597,57.4,305,308,305,305,316,305,120,120,120,120,120,113,53.37961325966851,30.266187845303868,45.45132596685083,40.87596685082873,59.46022099447514,17.14209944751381,85.03,55.25,84.24,67.72,104.17,39.28,181,171,181,181,170,160,-10.510331491712707,-9.231160220994475,-9.595773480662983,-7.99524861878453,-10.406933701657458,-9.583121546961326,23.89,18.34,18.37,19.24,15.46,21.81,-39.55,-40,-38.58,-41.71,-38.95,-37.29,58,53,47,38,59,51,2920.94,2615.15,2701.66,2415.71,2904.05,2686.57,0.6776795580110497,0.5477900552486188,0.518121546961326,0.5545303867403315,0.7765745856353591,0.4996132596685083,9.08,5.97,5.75,6.33,6.5,6.29,0,0,0,0,0,0,122.66,99.15,93.78,100.37,140.56,90.42999999999999,101.17,77.05000000000001,92.42,88.70000000000002,111.08000000000003,78.15,192.97662983425414,208.30375690607735,208.02690607734806,224.83160220994475,215.28867403314916,196.9167955801105,42,51,56,74,54,52
LU15,LU15_12,LU15_2022,175.2,-9.352685082872927,18.594,-39.286,49,2658.664,0.567889502762431,6.186,0,102.788,87.608,209.87828729281767,56.8,305,308,305,305,316,306,120,120,120,120,120,113,50.32055248618784,29.467955801104974,44.820773480662986,37.741270718232045,58.33447513812155,17.661270718232043,80.3,54.45,83.12,61.33,102.58,37.92,181,171,181,181,170,173,-10.497624309392265,-9.2196408839779,-9.584751381215469,-7.976740331491713,-10.396657458563537,-9.585635359116022,23.84,18.31,18.34,19.18,15.39,21.75,-39.52,-39.96,-38.56,-41.7,-38.91,-37.3,58,52,47,37,58,51,2915.03,2608.51,2695.47,2407.4,2899.39,2682.55,0.6602209944751382,0.5428729281767956,0.5119889502762431,0.5243093922651934,0.7581767955801105,0.5020994475138122,8.84,6.17,5.73,6.36,6.5,6.17,0,0,0,0,0,0,119.5,98.26,92.67,94.9,137.23,90.88,96.82999999999998,75.92,91.6,82.52,109.61999999999999,78.38000000000001,192.44204419889502,208.48088397790056,208.43419889502763,219.61132596685084,215.31486187845303,197.55016574585636,42,50,55,74,54,51
LU15,LU15_14,LU15_2022,175.8,-9.446530386740331,18.49,-39.762,50.4,2675.146,0.6085635359116023,6.604,0,110.15,91.83200000000001,214.23424309392266,56.6,305,308,305,305,316,305,120,120,120,120,120,115,50.004254143646406,29.660331491712707,46.32198895027624,45.82740331491713,57.32033149171271,18.859668508287292,81.36,54.41,86.27,76.57,101.07,40.22,181,171,181,181,170,176,-10.61389502762431,-9.27767955801105,-9.627209944751382,-8.089972375690607,-10.547817679558012,-9.689972375690608,23.89,17.78,18.22,19.36,15.6,21.49,-40.23,-40.83,-38.39,-42.04,-39.99,-37.56,61,53,48,40,60,51,2946.23,2619.45,2700.53,2423.57,2929.07,2703.11,0.6783977900552486,0.580828729281768,0.5277900552486188,0.6612154696132597,0.7637016574585636,0.5092817679558012,9.19,6.55,5.89,7.11,7.68,5.79,0,0,0,0,0,0,122.79,105.13,95.53,119.68,138.23,92.18,98.95,72.96000000000001,95.41999999999999,103.22,109.35000000000001,78.21000000000001,194.3867955801105,209.8696132596685,209.65662983425415,235.8678453038674,215.1181767955801,200.6589502762431,43,50,54,72,54,53
LU15,LU15_15,LU15_2022,175.8,-9.453635359116022,18.492,-39.742,50.4,2677.806,0.6134696132596685,6.584,0,111.03800000000001,92.782,214.1052044198895,56.8,305,308,305,305,316,305,120,120,120,120,120,115,51.39430939226519,29.738508287292817,46.43895027624309,47.914475138121546,57.59005524861878,18.90220994475138,83.56,54.57,86.72,79.82,101.13,40.31,181,171,181,181,170,176,-10.619806629834255,-9.286381215469614,-9.636270718232044,-8.09693370165746,-10.554005524861878,-9.694585635359116,23.89,17.79,18.21,19.36,15.6,21.5,-40.21,-40.81,-38.41,-42.01,-39.95,-37.53,61,53,48,39,61,51,2947.95,2622.59,2703.84,2426.49,2931.13,2704.98,0.6913259668508287,0.577403314917127,0.5245856353591161,0.6709944751381215,0.7848066298342542,0.5095580110497238,9.22,6.47,5.88,7.1,7.62,5.85,0,0,0,0,0,0,125.13,104.51,94.95,121.45,142.05,92.23,101.25999999999999,73.34,95.74,106.19999999999997,110.28999999999999,78.34,194.83839779005524,209.8911049723757,209.1422099447514,236.14475138121546,214.81591160220995,200.53204419889502,43,50,55,72,54,53
LU15,LU15_16,LU15_2022,172.4,-9.334044198895027,18.66,-39.28,49.6,2657.79,0.5736906077348066,6.098,0,103.838,88.782,210.6903093922652,57.8,305,308,305,305,316,306,120,120,120,120,120,113,51.51519337016575,29.936685082872927,46.278066298342544,39.908729281767954,57.82635359116022,16.50425414364641,81.52,54.83,85.98,66.03,101.62,37.81,181,171,181,181,170,159,-10.470524861878452,-9.22267955801105,-9.581767955801105,-7.960469613259669,-10.3546408839779,-9.550662983425415,23.85,18.49,18.46,19.16,15.35,21.84,-39.33,-39.91,-38.63,-41.72,-38.83,-37.31,57,53,48,39,58,50,2908.71,2612.35,2697.75,2409.41,2892.63,2676.81,0.6625414364640884,0.5453591160220994,0.5240331491712708,0.5430939226519337,0.7607734806629834,0.4951933701657458,9.37,6.02,5.74,6.11,6.32,6.3,0,0,0,0,0,0,119.92,98.71,94.85000000000001,98.3,137.7,89.63,98.55,77.03,94.36000000000001,86.42,108.35999999999999,77.74000000000001,191.86370165745856,208.47265193370166,208.70961325966852,224.0996685082873,215.37,196.79961325966852,42,51,56,77,55,50
LU15,LU15_17,LU15_2022,172.4,-9.33032044198895,18.666,-39.27,49.8,2657.2960000000003,0.5726850828729282,6.11,0,103.656,88.612,210.79447513812156,57.6,305,308,305,305,316,306,120,120,120,120,120,113,51.34524861878453,29.75734806629834,46.07734806629834,40.04198895027624,57.5246408839779,16.45889502762431,81.07,54.6,85.91,66.45,101.13,37.54,181,171,181,181,170,159,-10.46560773480663,-9.221629834254143,-9.580773480662984,-7.956381215469613,-10.348397790055248,-9.544419889502763,23.85,18.52,18.48,19.15,15.33,21.85,-39.29,-39.87,-38.64,-41.71,-38.81,-37.32,57,53,48,39,59,50,2907.47,2612.34,2697.7400000000002,2409.25,2891.63,2675.52,0.6630939226519337,0.5430939226519337,0.5249171270718233,0.5414917127071823,0.7604972375690607,0.4934254143646409,9.55,5.99,5.75,6.06,6.41,6.34,0,0,0,0,0,0,120.02,98.3,95.01,98.01,137.65,89.31,98.69,76.78,94.29,86.72,107.78999999999999,77.48,191.6899447513812,208.45408839779006,208.81337016574585,224.503591160221,215.31232044198896,196.8890055248619,42,51,55,77,55,50
LU15,LU15_18,LU15_2022,175.6,-9.421629834254144,18.546,-39.416000000000004,50.2,2674.926,0.5875580110497238,6.374,0,106.348,89.28,211.59919337016575,57,305,308,305,305,316,305,120,120,120,120,120,113,53.761933701657455,31.9460773480663,45.417403314917124,40.19629834254144,58.09613259668508,16.96110497237569,86.39,58.45,84.94,66.97,103.04,36.43,181,172,181,181,170,174,-10.580718232044198,-9.268563535911602,-9.631519337016575,-8.057651933701658,-10.49853591160221,-9.651878453038675,23.89,18.06,18.18,19.3,15.54,21.65,-39.88,-40.31,-38.52,-41.78,-39.18,-37.29,60,52,48,38,61,52,2938.27,2621.63,2707.5,2424.21,2921.83,2699.46,0.6834806629834254,0.5619337016574586,0.5311049723756907,0.559171270718232,0.781767955801105,0.5038121546961326,9.11,6.14,5.78,6.75,7.04,6.16,0,0,0,0,0,0,123.71,101.71000000000001,96.13,101.21,141.5,91.19,101.53,78.35000000000001,92.79999999999998,88.78999999999998,110.30000000000001,76.16,193.54580110497238,210.04093922651933,208.46160220994474,224.52276243093922,215.61287292817678,199.35779005524861,42,51,56,72,54,52
LU15,LU15_19,LU15_2022,175.2,-9.350375690607734,18.652,-39.294000000000004,49.6,2662.39,0.5767955801104973,6.174,0,104.4,88.81,210.92862983425414,57.4,305,308,305,305,316,306,120,120,120,120,120,113,52.382265193370166,29.798397790055247,45.01458563535912,40.484309392265196,58.55994475138122,17.797900552486187,83.68,55.08,83.43,67.11,102.89,37.9,181,171,181,181,170,173,-10.498011049723758,-9.21842541436464,-9.581767955801105,-7.985552486187845,-10.394337016574585,-9.571795580110498,23.9,18.34,18.37,19.24,15.48,21.83,-39.55,-39.99,-38.57,-41.7,-38.92,-37.29,58,53,47,38,59,51,2918.86,2612.79,2698.73,2413.68,2901.67,2685.08,0.674696132596685,0.5399447513812154,0.5153591160220995,0.5516022099447514,0.7745303867403315,0.5025414364640884,8.97,5.99,5.75,6.32,6.54,6.27,0,0,0,0,0,0,122.12,97.73,93.28,99.84,140.19,90.96,100.66000000000001,75.61,91.72,88.23,109.82,78.67,193.24657458563536,208.27618784530387,208.1295580110497,224.69121546961327,215.55292817679558,197.9932596685083,42,51,57,74,54,51
LU15,LU15_2,LU15_2022,174.4,-9.304707182320442,18.574,-39.316,48.6,2645.612,0.5663093922651934,6.2780000000000005,0,102.502,86.39,211.5968508287293,56,305,308,305,305,316,309,120,120,120,120,120,113,49.098232044198895,28.394806629834253,42.731602209944754,39.99276243093922,53.3921546961326,15.963093922651934,77.92,52.54,80.58,64.96,95.45,34.8,181,170,181,181,170,170,-10.469889502762431,-9.160718232044198,-9.529668508287292,-7.9335911602209945,-10.352320441988951,-9.547237569060773,23.89,18.21,18.29,19.17,15.44,21.76,-39.63,-39.99,-38.47,-41.71,-39.09,-37.32,58,52,47,37,58,49,2909.84,2592.46,2680.5,2392.67,2888.12,2674.31,0.6296132596685082,0.5466850828729282,0.5064088397790055,0.5782320441988951,0.7299447513812155,0.47027624309392263,8.67,6.48,5.77,6.4,6.88,5.86,0,0,0,0,0,0,113.96,98.95,91.66,104.66,132.12,85.12,91.24000000000001,74.41999999999999,90.44999999999999,90.75,103.22000000000001,73.11,192.65276243093922,207.5835359116022,209.80651933701657,228.5221546961326,215.96309392265192,196.1089502762431,42,49,54,73,54,50
LU15,LU15_20,LU15_2022,177.2,-9.611132596685083,18.398,-39.97,51,2709.7200000000003,0.6449060773480663,6.836,0,116.728,96.574,213.78911602209945,57.2,305,308,305,305,316,305,120,120,120,120,120,115,53.651491712707184,32.70381215469613,50.35077348066299,50.63397790055249,60.991381215469616,18.486740331491713,86.86,59.12,92.48,83.42,107.87,40.38,181,178,181,181,170,176,-10.793038674033149,-9.427375690607734,-9.776906077348066,-8.24792817679558,-10.75450276243094,-9.848950276243094,23.88,17.48,18.28,19.44,15.6,21.19,-40.6,-41.14,-38.46,-42.15,-40.27,-37.83,63,53,48,39,64,51,2987.45,2652.78,2734.4,2456.76,2972.33,2732.33,0.714475138121547,0.6148618784530386,0.5407734806629835,0.7177348066298342,0.8191160220994476,0.5320441988950276,9.6,6.37,5.89,7.69,8.07,6.16,0,0,0,0,0,0,129.32,111.29,97.88,129.91,148.26,96.3,104.56,76.94,100.64,108.36,115.74,81.19,193.58414364640885,211.0492817679558,206.9250276243094,236.14574585635359,214.1560773480663,200.66944751381214,42,55,55,72,52,52
LU15,LU15_21,LU15_2022,176.6,-9.596011049723757,18.382,-39.864,51.2,2705.198,0.6317900552486188,6.726,0,114.354,96.086,213.24321546961326,56,305,308,305,305,316,305,120,120,120,120,120,115,54.393701657458564,32.50828729281768,48.11232044198895,49.525193370165745,60.169226519337016,18.39646408839779,87.89,58.95,89.18,82.95,106.3,40.13,181,175,181,181,170,176,-10.757292817679557,-9.409475138121547,-9.761906077348065,-8.225828729281767,-10.738425414364642,-9.844419889502763,23.8,17.55,18.19,19.39,15.57,21.21,-40.48,-41.04,-38.44,-42.03,-40.06,-37.75,63,53,48,39,64,52,2976.41,2646.84,2729.28,2450.49,2968.74,2730.64,0.7064088397790055,0.5897237569060774,0.5377900552486188,0.6937016574585635,0.8113812154696133,0.526353591160221,9.49,6.36,5.85,7.59,7.78,6.05,0,0,0,0,0,0,127.86,106.74,97.34,125.56,146.86,95.27,103.15000000000002,78.91,97.56,109.19999999999999,114.30000000000001,80.46000000000001,193.93596685082872,208.90839779005526,207.31127071823204,236.03944751381215,213.75342541436464,200.20353591160222,41,52,54,71,52,51
LU15,LU15_22,LU15_2022,174.4,-9.690132596685082,18.6,-39.736,52.8,2740.288,0.662353591160221,6.534,0,119.886,103.068,213.47011049723758,58.8,305,308,305,305,316,305,120,120,120,120,120,115,64.13049723756906,40.14911602209945,53.5007182320442,46.30817679558011,65.62585635359116,20.036187845303868,102.63,71.59,96.71,76.2,116.57,43.42,181,178,181,181,170,162,-10.836740331491713,-9.526602209944752,-9.889806629834254,-8.330745856353591,-10.826436464088397,-9.87707182320442,23.91,17.86,18.35,19.55,15.76,21.48,-40.36,-40.81,-38.6,-42.07,-39.91,-37.29,64,54,48,41,68,53,3000.48,2687.8,2772.79,2492.17,2995.89,2752.79,0.7678453038674034,0.6899447513812155,0.5478453038674033,0.6635911602209945,0.8324861878453038,0.5779005524861879,10.34,5.37,5.77,7.37,7.19,6.97,0,0,0,0,0,0,138.98,124.88,99.16,120.11,150.68,104.6,116.74,100.26,102.16,99.2,123.08999999999999,90.63000000000001,193.4579005524862,219.66232044198895,203.41662983425414,227.39635359116022,213.3222099447514,203.55303867403316,42,55,56,75,56,52
LU15,LU15_23,LU15_2022,176.2,-9.519480662983426,18.46,-39.833999999999996,50.6,2691.506,0.6297458563535911,6.6899999999999995,0,113.984,94.77199999999999,214.43227624309392,56.6,305,308,305,305,316,305,120,120,120,120,120,115,52.781546961325965,32.05005524861878,47.55475138121547,48.77165745856354,59.30790055248619,18.771381215469614,85.57,58.31,88.27,81.39,104.96,40.87,181,173,181,181,170,176,-10.688839779005525,-9.345110497237568,-9.693480662983426,-8.161491712707182,-10.638204419889503,-9.759116022099448,23.88,17.66,18.25,19.4,15.61,21.38,-40.38,-40.94,-38.43,-42.07,-40.08,-37.65,63,53,48,39,62,51,2963.85,2635.62,2716.46,2439.83,2948.81,2716.81,0.700939226519337,0.6041436464088398,0.53646408839779,0.684696132596685,0.8061325966850829,0.517292817679558,9.39,6.41,5.89,7.34,7.81,6,0,0,0,0,0,0,126.87,109.35,97.1,123.92999999999999,145.91,93.63,102.66000000000001,76.36,96.90999999999998,107.72,113.60999999999999,79.25999999999999,194.39038674033148,212.0049723756906,208.27243093922652,236.0957458563536,215.19331491712708,200.59491712707182,43,50,55,72,53,53
LU15,LU15_24,LU15_2022,176.4,-9.596944751381216,18.398,-39.932,51,2705.554,0.6377237569060773,6.7860000000000005,0,115.428,95.98599999999999,214.0117127071823,56,305,308,305,305,316,305,120,120,120,120,120,115,53.54154696132597,32.265635359116025,48.19386740331492,49.59033149171271,60.491546961325966,18.40618784530387,86.69,58.53,89.25,83.04,106.91,40.22,181,174,181,181,170,176,-10.765,-9.411270718232045,-9.7603591160221,-8.231270718232045,-10.740082872928177,-9.841740331491712,23.83,17.51,18.27,19.42,15.59,21.2,-40.54,-41.1,-38.43,-42.11,-40.22,-37.8,63,53,48,39,64,51,2979.31,2647.78,2729.06,2451.77,2969.08,2730.08,0.7119337016574585,0.6095580110497237,0.5361325966850828,0.6993370165745856,0.8150276243093922,0.5285635359116022,9.53,6.4,5.88,7.63,7.94,6.08,0,0,0,0,0,0,128.85999999999999,110.33,97.04,126.58,147.52,95.67,104.14999999999999,77.17,97.60999999999999,109.60999999999999,114.83999999999997,80.7,193.96795580110498,211.87414364640884,207.3188950276243,236.26546961325968,214.07337016574584,200.52668508287292,42,51,54,71,52,52
LU15,LU15_25,LU15_2022,175.6,-9.426618784530387,18.534,-39.464,50.4,2675.898,0.6003756906077348,6.408,0,108.668,91.99400000000001,212.6677679558011,57,305,308,305,305,316,305,120,120,120,120,120,113,53.1024861878453,32.03265193370166,45.453867403314916,47.02541436464088,57.53591160220994,17.14613259668508,85.54,58.49,84.9,78.88,101.07,36.63,181,172,181,181,170,174,-10.586519337016574,-9.27121546961326,-9.630027624309392,-8.065580110497237,-10.505552486187845,-9.660718232044198,23.9,18,18.15,19.32,15.57,21.63,-39.95,-40.43,-38.5,-41.83,-39.29,-37.27,60,53,48,38,61,52,2940.3,2622.41,2706.94,2425.42,2922.92,2701.8,0.6791160220994475,0.5611602209944752,0.5317127071823204,0.6418232044198895,0.774475138121547,0.49270718232044197,9.15,6.19,5.81,6.81,7.16,6.07,0,0,0,0,0,0,122.92,101.57000000000001,96.24,116.17,140.18,89.17999999999999,99.74,77.97,92.76,104.27000000000001,108.59000000000002,76.38000000000001,193.87408839779005,209.6214364640884,208.5928729281768,234.5625414364641,214.57171270718231,195.99027624309392,42,50,57,72,54,52
LU15,LU15_26,LU15_2022,175.2,-9.303845303867403,18.582,-39.428000000000004,49.4,2646.406,0.5656795580110497,6.32,0,102.388,86.408,211.4088950276243,56.6,305,308,305,305,316,305,120,120,120,120,120,113,48.80408839779005,27.985027624309392,42.80381215469613,40.60839779005525,54.0971270718232,15.89939226519337,77.62,51.85,80.64,66.6,96.45,33.69,181,170,181,181,170,174,-10.472403314917127,-9.157983425414365,-9.518370165745857,-7.943812154696133,-10.355883977900552,-9.543176795580111,23.92,18.14,18.25,19.22,15.53,21.77,-39.75,-40.21,-38.42,-41.81,-39.42,-37.28,58,52,48,37,60,50,2912.81,2593.44,2678.65,2395.28,2889.11,2675.55,0.6335911602209945,0.5412707182320442,0.506353591160221,0.593646408839779,0.7304972375690608,0.45662983425414366,8.75,6.53,5.83,6.47,7.09,5.68,0,0,0,0,0,0,114.67999999999999,97.97,91.65,107.45,132.22,82.65,91.67999999999999,73.3,90.53,92.6,104.67,70.94,193.19734806629833,206.57839779005525,210.0707182320442,230.03624309392265,216.51386740331492,193.84524861878452,42,49,55,73,54,52
LU15,LU15_27,LU15_2022,174.4,-9.294911602209945,18.596,-39.386,49,2645.1020000000003,0.5670165745856354,6.292,0,102.63,86.47999999999999,212.04572375690609,56.2,305,308,305,305,316,309,120,120,120,120,120,113,48.78867403314917,28.066795580110497,42.55977900552486,40.35596685082873,53.06033149171271,15.939834254143646,77.53,52.03,80.32,66.38,94.91,34.91,181,170,181,181,170,170,-10.462817679558011,-9.151906077348066,-9.514116022099447,-7.933729281767956,-10.342596685082873,-9.532209944751381,23.92,18.18,18.28,19.21,15.51,21.8,-39.7,-40.14,-38.44,-41.78,-39.28,-37.29,58,52,47,37,60,49,2910.67,2592.57,2678.4,2394.07,2886.82,2673.65,0.6315469613259669,0.5415469613259668,0.504475138121547,0.5903867403314917,0.7287845303867403,0.46988950276243097,8.73,6.49,5.81,6.41,7.02,5.73,0,0,0,0,0,0,114.31,98.02,91.31,106.86,131.91,85.05,91.42999999999999,73.49,90.22,92.53999999999999,103.42,72.72999999999999,193.0489502762431,206.84955801104974,210.0599447513812,230.27690607734806,216.49762430939225,196.5445856353591,42,49,55,73,54,50
LU15,LU15_28,LU15_2022,174.4,-9.294718232044199,18.584,-39.33,48.6,2643.854,0.5656353591160221,6.278,0,102.38,86.226,211.821182320442,56,305,308,305,305,316,309,120,120,120,120,120,113,48.841436464088396,28.17524861878453,42.555911602209946,39.93016574585635,53.1692817679558,15.97110497237569,77.59,52.26,80.35,64.91,95.1,34.89,181,170,181,181,170,170,-10.46096685082873,-9.15171270718232,-9.518508287292818,-7.926408839779006,-10.341187845303867,-9.535773480662984,23.9,18.21,18.29,19.18,15.46,21.78,-39.63,-40.02,-38.46,-41.73,-39.13,-37.31,58,52,47,37,58,49,2908.47,2590.98,2678.2599999999998,2391.43,2885.93,2672.67,0.6292265193370166,0.5433701657458564,0.5053038674033149,0.5807734806629834,0.7282872928176796,0.4704419889502762,8.66,6.5,5.79,6.38,6.92,5.8,0,0,0,0,0,0,113.89,98.35,91.46,105.12,131.82,85.15,91.09000000000002,73.9,90.29999999999998,90.81999999999998,103.14,72.97,192.88508287292817,207.3421546961326,210.030773480663,229.07629834254143,216.21337016574586,196.44331491712708,42,49,54,73,54,50
LU15,LU15_29,LU15_2022,174.4,-9.314657458563536,18.564,-39.306,49,2647.316,0.5676906077348066,6.284,0,102.752,86.616,211.52458563535913,56,305,308,305,305,316,309,120,120,120,120,120,113,49.2324861878453,28.517348066298343,42.89215469613259,40.0846408839779,53.63552486187845,16.02171270718232,78.09,52.76,80.87,65.09,95.86,34.85,181,170,181,181,170,170,-10.478922651933702,-9.169834254143646,-9.540276243093922,-7.940220994475138,-10.364475138121547,-9.558480662983426,23.88,18.21,18.28,19.17,15.42,21.74,-39.62,-39.96,-38.48,-41.7,-39.06,-37.33,59,52,47,37,58,51,2911.15,2593.89,2682.6,2393.75,2890.54,2675.8,0.6306077348066298,0.5486187845303867,0.5075138121546962,0.5788397790055249,0.7316022099447513,0.47187845303867404,8.68,6.47,5.76,6.43,6.85,5.91,0,0,0,0,0,0,114.14,99.3,91.86,104.77,132.42,85.41,91.34,74.71,90.69000000000001,90.74999999999999,103.53,73.4,192.48044198895028,207.81690607734808,209.63298342541435,228.42486187845304,215.7378453038674,196.01033149171272,42,49,54,73,54,50
LU15,LU15_3,LU15_2022,175.6,-9.381773480662984,18.54,-39.6,50,2664.71,0.5923646408839779,6.442,0,107.218,90.144,213.4112817679558,56.8,305,308,305,305,316,305,120,120,120,120,120,114,49.58198895027624,28.761270718232044,45.291657458563535,45.28635359116022,55.91883977900552,17.5753591160221,80.48,53.17,85.1,75.61,98.74,36.81,181,171,181,181,170,175,-10.548093922651933,-9.226795580110497,-9.579198895027625,-8.02707182320442,-10.456519337016575,-9.619281767955801,23.92,17.96,18.16,19.32,15.6,21.66,-40,-40.57,-38.42,-41.92,-39.75,-37.34,59,53,48,38,60,51,2932.51,2611.25,2693.6,2414.55,2911.53,2692.62,0.6676795580110497,0.5685082872928177,0.513646408839779,0.6453591160220995,0.7533701657458564,0.480939226519337,9.05,6.43,5.87,6.78,7.36,5.77,0,0,0,0,0,0,120.85000000000001,102.9,92.97,116.81,136.36,87.05,97.6,73.06,94.36,101.72,107.67999999999999,73.9,194.1117127071823,210.0864640883978,209.59204419889502,235.3850276243094,215.64723756906076,196.34563535911602,43,50,55,73,53,53
LU15,LU15_30,LU15_2022,174.4,-9.316011049723757,18.566,-39.298,49,2647.772,0.5681546961325967,6.266,0,102.836,86.84400000000001,211.64314917127072,56,305,308,305,305,316,309,120,120,120,120,120,113,49.28480662983425,28.420773480662984,43.00348066298343,40.71552486187845,53.5546408839779,16.020055248618785,78.07,52.62,81.18,66.23,95.71,34.86,181,170,181,181,170,170,-10.474861878453039,-9.17328729281768,-9.542127071823204,-7.9406629834254145,-10.364171270718233,-9.559806629834254,23.87,18.23,18.29,19.16,15.41,21.74,-39.59,-39.95,-38.49,-41.69,-39.03,-37.33,59,52,47,37,58,51,2909.84,2594.83,2683.02,2394.32,2890.71,2675.98,0.6313259668508288,0.5492265193370166,0.5076795580110497,0.5807182320441989,0.7319889502762431,0.47116022099447513,8.68,6.44,5.75,6.41,6.79,5.94,0,0,0,0,0,0,114.27,99.41,91.89,105.11,132.49,85.28,91.46,74.89,90.97,91.75,103.27000000000001,73.34,192.43198895027624,208.00806629834256,209.69204419889502,229.07668508287293,215.57883977900553,195.86011049723757,42,49,54,73,54,50
LU15,LU15_31,LU15_2022,174.4,-9.312541436464087,18.573999999999998,-39.288,49,2647.396,0.5705745856353591,6.238,0,103.274,87.31,212.00985635359115,56.2,305,308,305,305,316,309,120,120,120,120,120,113,49.25441988950276,28.51193370165746,43.304309392265196,41.30303867403315,53.550331491712704,16.16878453038674,77.95,52.9,81.8,67.93,95.69,35.1,181,170,181,181,170,170,-10.466381215469614,-9.172872928176796,-9.54,-7.936878453038674,-10.357486187845304,-9.55546961325967,23.86,18.26,18.31,19.15,15.4,21.75,-39.55,-39.93,-38.49,-41.69,-39,-37.33,59,52,47,37,58,51,2907.66,2595.13,2682.78,2394.39,2889.5,2675.18,0.6326519337016574,0.5485082872928176,0.5112707182320442,0.5885082872928177,0.73276243093922655,0.4718232044198895,8.67,6.4,5.75,6.36,6.71,5.97,0,0,0,0,0,0,114.51,99.28,92.54,106.52,132.63,85.4,91.71000000000001,74.92999999999999,91.57999999999998,93.27000000000002,103.2,73.57000000000001,192.4874585635359,208.19872928176795,209.87977900552485,230.38983425414364,215.54657458563537,196.03436464088398,42,49,54,74,54,50
LU15,LU15_32,LU15_2022,175.2,-9.288944751381216,18.592,-39.266,48.8,2642.588,0.5692044198895028,6.184,0,103.026,87.44,211.96197790055248,56.8,305,308,305,305,316,306,120,120,120,120,120,113,49.07033149171271,28.846243093922652,43.35281767955801,40.882707182320445,54.47353591160221,16.794198895027623,77.62,53.49,81.6,66.56,96.98,34.95,181,171,181,181,170,173,-10.436436464088398,-9.155110497237569,-9.519972375690609,-7.912430939226519,-10.325110497237569,-9.532099447513811,23.85,18.33,18.35,19.12,15.37,21.79,-39.46,-39.87,-38.49,-41.69,-38.95,-37.33,59,52,47,37,58,50,2900.4,2591.35,2678.3,2389.9,2882.9,2670.49,0.6296132596685082,0.5461878453038674,0.511767955801105,0.5785082872928177,0.7294475138121547,0.48011049723756904,8.61,6.39,5.74,6.25,6.59,5.95,0,0,0,0,0,0,113.96,98.86,92.63,104.71,132.03,86.9,91.37,74.85,90.80999999999999,91.85,104.41000000000003,75.28,192.69718232044198,208.34767955801104,210.3225414364641,229.48585635359117,215.64226519337018,196.01154696132596,42,50,54,75,55,50
LU15,LU15_34,LU15_2022,175.4,-9.368906077348067,18.558,-39.51,49.8,2662.68,0.586,6.388,0,106.066,90.002,212.5803867403315,56.8,305,308,305,305,316,305,120,120,120,120,120,113,50.28430939226519,28.816077348066298,45.015635359116025,44.92049723756906,55.50475138121547,16.82734806629834,81.4,53.08,84.74,75.15,98.08,35.63,181,171,181,181,170,174,-10.533425414364642,-9.217403314917126,-9.57364640883978,-8.012265193370165,-10.435276243093922,-9.605939226519338,23.92,18.04,18.18,19.29,15.58,21.7,-39.9,-40.42,-38.45,-41.86,-39.54,-37.28,59,52,48,38,60,51,2928.67,2609.66,2693.3,2412.6,2907.25,2690.59,0.6602762430939226,0.5482872928176795,0.5154696132596686,0.6387845303867403,0.7487845303867403,0.4786740331491713,9,6.37,5.84,6.68,7.21,5.84,0,0,0,0,0,0,119.51,99.24,93.3,115.62,135.53,86.64,96.41,74.13000000000001,94.00999999999999,101.17,106.82999999999998,73.87,193.95276243093923,206.6207182320442,209.53331491712706,234.97060773480663,215.58226519337018,196.1950276243094,42,50,56,73,53,52
LU15,LU15_36,LU15_2022,175.4,-9.3463591160221,18.596,-39.388,49.8,2658.994,0.576596685082873,6.308,0,104.364,88.56200000000001,211.70436464088397,56.8,305,308,305,305,316,305,120,120,120,120,120,113,50.173425414364644,28.97889502762431,43.86160220994475,42.922154696132594,55.25337016574586,16.71845303867403,81.01,53.49,83.1,70.51,97.81,35.46,181,171,181,181,170,174,-10.509309392265193,-9.202348066298342,-9.563812154696132,-7.986767955801105,-10.402154696132596,-9.57671270718232,23.92,18.15,18.26,19.26,15.54,21.77,-39.75,-40.2,-38.49,-41.78,-39.17,-37.3,59,52,48,37,60,52,2922.54,2606.99,2692.52,2409.14,2901.26,2685.06,0.6539226519337017,0.5481767955801105,0.5174033149171271,0.596243093922652,0.7456353591160221,0.47552486187845305,8.92,6.27,5.8,6.52,6.99,5.96,0,0,0,0,0,0,118.36,99.22,93.65,107.92,134.96,86.07,95.62000000000002,74.63000000000001,92.39,95.99000000000002,106,73.8,193.4660220994475,207.3221546961326,209.50298342541436,229.90651933701656,215.49696132596685,196.2932044198895,42,50,56,73,53,52
LU15,LU15_37,LU15_2022,175.4,-9.343232044198896,18.604,-39.298,49,2657.478,0.566,6.228,0,102.446,87.954,209.62857458563536,56.8,305,308,305,305,316,305,120,120,120,120,120,113,50.0446408839779,29.25657458563536,44.32353591160221,36.74099447513812,59.58447513812155,18.29497237569061,80.26,54.1,83.75,59.71,104.72,39.51,181,171,181,181,170,174,-10.495441988950276,-9.20439226519337,-9.570110497237568,-7.97403314917127,-10.392154696132597,-9.575469613259669,23.87,18.27,18.32,19.21,15.45,21.77,-39.59,-40,-38.53,-41.7,-38.95,-37.31,59,52,47,37,58,51,2916.5099999999998,2606.05,2693.01,2406.68,2899.05,2682.6,0.6545303867403315,0.5405524861878453,0.5180110497237569,0.515524861878453,0.7553038674033149,0.5006077348066298,8.85,6.19,5.75,6.4,6.68,6.12,0,0,0,0,0,0,118.47,97.84,93.76,93.31,136.71,90.61,95.92,75.47,92.3,81.25,111.90999999999998,78.83999999999999,192.72674033149173,208.1686187845304,209.5592817679558,218.60475138121546,215.68204419889503,196.12817679558012,42,50,54,74,54,52
LU15,LU15_4,LU15_2022,175.4,-9.322138121546962,18.618,-39.322,49.2,2653.93,0.5709392265193369,6.25,0,103.34,88.042,211.76109392265195,57.2,305,308,305,305,316,305,120,120,120,120,120,113,49.71812154696133,28.958176795580112,43.792375690607734,42.51629834254144,55.03955801104972,16.624254143646407,80.19,53.57,82.74,69.79,97.52,35.28,181,171,181,181,170,174,-10.484364640883978,-9.182707182320442,-9.54878453038674,-7.959033149171271,-10.36828729281768,-9.551878453038674,23.92,18.24,18.32,19.22,15.5,21.81,-39.63,-40.04,-38.52,-41.72,-39.01,-37.32,59,52,47,37,59,51,2915.96,2602.33,2689.3,2403.83,2894.5,2679.69,0.6453038674033149,0.5366850828729282,0.5131491712707182,0.5884530386740331,0.743646408839779,0.4727624309392265,8.83,6.24,5.77,6.39,6.83,6.02,0,0,0,0,0,0,116.8,97.14,92.88,106.51,134.6,85.57,94.32,74.85000000000001,91.36,95,105.35000000000001,73.65,193.07795580110496,207.6600552486188,209.64812154696133,229.59707182320443,215.61585635359117,196.28436464088398,42,50,56,74,54,52
LU15,LU15_40,LU15_2022,172.4,-9.338044198895027,18.662,-39.258,49.8,2658.3379999999997,0.5819889502762431,6.136,0,105.34,89.798,211.0118453038674,57.6,305,308,305,305,316,306,120,120,120,120,120,113,52.29911602209945,30.178950276243093,46.51922651933702,42.26281767955801,57.9546408839779,16.509558011049723,82.33,54.71,86.75,69.71,101.42,37.76,181,171,181,181,170,159,-10.474088397790055,-9.226408839779005,-9.58986187845304,-7.9601657458563535,-10.359337016574585,-9.554447513812155,23.83,18.52,18.48,19.16,15.32,21.83,-39.29,-39.82,-38.64,-41.68,-38.83,-37.32,57,53,48,39,59,50,2908.7,2612.54,2699.22,2409.46,2893.81,2676.66,0.6662430939226519,0.550939226519337,0.5286187845303867,0.5537016574585636,0.7818232044198895,0.4948618784530387,9.74,5.98,5.75,6.07,6.5,6.38,0,0,0,0,0,0,120.59,99.72,95.68,100.22,141.51,89.57000000000001,99.17000000000002,78.17,95.09000000000002,89.94999999999999,108.02000000000001,77.76,191.50270718232045,208.63955801104973,208.89397790055247,225.44132596685083,215.15370165745856,196.9306629834254,42,51,55,77,55,50
LU15,LU15_41,LU15_2022,176.2,-9.488232044198895,18.474,-39.79,50.4,2684.886,0.6226850828729281,6.638,0,112.706,93.91,214.33601104972377,56.8,305,308,305,305,316,305,120,120,120,120,120,115,52.48618784530387,31.793370165745856,47.058232044198895,48.374917127071825,58.27110497237569,19.09817679558011,85.17,57.97,87.49,80.68,102.3,40.6,181,173,181,181,170,176,-10.653812154696132,-9.316740331491713,-9.665276243093922,-8.130386740331492,-10.599198895027625,-9.729558011049724,23.88,17.72,18.23,19.38,15.61,21.43,-40.3,-40.88,-38.41,-42.04,-40.02,-37.6,62,53,48,39,61,51,2955.59,2629.13,2709.95,2433.26,2940.74,2711.35,0.6964640883977901,0.5957458563535911,0.534364640883978,0.678232044198895,0.7897237569060773,0.5153591160220994,9.31,6.44,5.88,7.23,7.72,5.92,0,0,0,0,0,0,126.06,107.83,96.72,122.76,142.94,93.28,102.00000000000001,76.14999999999999,96.33999999999999,107.05000000000003,110.9,79.11,194.71972375690606,211.8975138121547,208.74060773480662,236.17016574585637,214.33408839779005,200.53767955801104,43,50,55,72,54,53
LU15,LU15_43,LU15_2022,175.6,-9.389110497237569,18.598,-39.354,50,2669.4519999999998,0.5909392265193371,6.292,0,106.96000000000001,90.96,211.92004419889503,57.4,305,308,305,305,316,305,120,120,120,120,120,113,53.49569060773481,31.874751381215468,45.12038674033149,40.065193370165744,61.509337016574584,18.08243093922652,85.81,58.49,84.6,66.7,108.6,40.21,181,172,181,181,170,174,-10.547430939226519,-9.244060773480664,-9.610220994475139,-8.025469613259668,-10.452044198895027,-9.613756906077349,23.9,18.18,18.27,19.28,15.52,21.74,-39.74,-40.14,-38.55,-41.73,-39.06,-37.29,60,53,48,38,60,51,2930.85,2617.45,2704.27,2419.67,2913.02,2692.85,0.6767403314917128,0.5593922651933702,0.5312154696132597,0.5537016574585635,0.7898342541436464,0.5205524861878453,9.04,6.06,5.76,6.56,6.84,6.24,0,0,0,0,0,0,122.49,101.25,96.15,100.22,142.96,94.22,100.7,78.47,92.62999999999998,88.21000000000001,115.66999999999999,79.82,193.3711049723757,210.4567955801105,208.57872928176795,224.58906077348067,216.57966850828728,199.39596685082873,42,51,56,74,54,52
LU15,LU15_44,LU15_2022,175.6,-9.371270718232044,18.63,-39.326,50,2666.546,0.5860994475138122,6.24,0,106.084,90.416,211.56381215469614,57.6,305,308,305,305,316,305,120,120,120,120,120,113,53.381712707182324,31.82303867403315,45.083591160221,40.186298342541434,60.99408839779006,17.96950276243094,85.45,58.48,83.31,66.72,107.74,39.83,181,172,181,181,170,174,-10.526132596685082,-9.231049723756906,-9.59671270718232,-8.008314917127072,-10.426767955801106,-9.593508287292817,23.91,18.25,18.32,19.27,15.52,21.79,-39.67,-40.07,-38.56,-41.71,-39,-37.29,60,53,48,38,60,51,2926.15,2615.4,2701.98,2417.43,2908.25,2689.67,0.6750828729281768,0.5580662983425414,0.5232596685082873,0.5538121546961325,0.7874585635359116,0.5079005524861878,9.02,6.01,5.76,6.46,6.72,6.25,0,0,0,0,0,0,122.19,101.01,94.71,100.24,142.53,91.93,100.60999999999999,78.48,91.43,88.08,114.73999999999998,79.35,193.33950276243095,210.61370165745856,207.88370165745857,224.56944751381215,216.7028729281768,198.04933701657458,42,51,57,74,54,52
LU15,LU15_46,LU15_2022,176.6,-9.614541436464089,18.37,-39.934,51.4,2708.232,0.6395911602209945,6.788,0,115.766,96.252,213.9226408839779,55.8,305,308,305,305,316,305,120,120,120,120,120,115,53.73281767955801,32.45629834254144,48.30613259668508,49.78563535911602,60.65243093922652,18.487955801104974,86.95,58.85,89.42,83.44,107.13,40.25,181,175,181,181,170,176,-10.776850828729282,-9.42439226519337,-9.774834254143647,-8.244889502762431,-10.765110497237568,-9.863480662983426,23.8,17.49,18.22,19.41,15.57,21.16,-40.56,-41.12,-38.42,-42.08,-40.23,-37.82,63,53,48,39,65,52,2980.74,2649.51,2731.12,2453.29,2973.93,2733.31,0.71353591160221,0.6128729281767956,0.5374585635359116,0.7009944751381215,0.8160773480662984,0.5305524861878453,9.54,6.4,5.87,7.69,7.91,6.07,0,0,0,0,0,0,129.15,110.93,97.28,126.88,147.71,96.03,104.34,77.59,97.77999999999999,109.94999999999999,115.03999999999999,80.9,193.885635359116,212.0611049723757,207.2160220994475,236.33447513812155,213.66651933701658,200.33508287292818,41,52,54,71,52,50
LU15,LU15_58,LU15_2022,175.6,-9.436939226519337,18.546,-39.416000000000004,50.6,2678.478,0.596342541436464,6.374,0,107.938,91.626,211.60058563535912,57.2,305,308,305,305,316,305,120,120,120,120,120,113,53.8871270718232,32.12618784530387,45.68116022099448,40.354861878453036,62.269834254143646,18.342486187845303,86.46,58.77,85.38,67.22,109.78,40.72,181,172,181,181,170,174,-10.595193370165745,-9.282900552486188,-9.646767955801105,-8.071767955801105,-10.517044198895027,-9.66621546961326,23.88,18.06,18.18,19.31,15.54,21.64,-39.9,-40.31,-38.53,-41.77,-39.19,-37.28,60,53,48,39,61,52,2941.55,2625.16,2711.21,2427.75,2925.93,2702.34,0.684696132596685,0.5635911602209944,0.5328176795580111,0.5614364640883978,0.7961325966850828,0.5277348066298343,9.15,6.08,5.77,6.78,7.01,6.23,0,0,0,0,0,0,123.93,102.01,96.44,101.62,144.1,95.52,101.78999999999999,78.59,93.10999999999999,88.95,116.94000000000003,80.54,193.2160220994475,210.1235359116022,208.1660220994475,224.4403314917127,215.95049723756907,199.3225414364641,42,51,56,72,55,52
LU15,LU15_61,LU15_2022,174.6,-9.70443093922652,18.566,-39.776,52.4,2741.826,0.655889502762431,6.59,0,118.716,102.29400000000001,212.73988950276242,58.6,305,308,305,305,316,305,120,120,120,120,120,116,60.99955801104972,37.62209944751381,53.30127071823205,45.00972375690608,67.67353591160222,20.567734806629833,97.28,68.74,96.37,73.75,119.72,45.98,181,178,181,181,170,163,-10.854419889502763,-9.529116022099448,-9.895662983425414,-8.345027624309392,-10.85110497237569,-9.901243093922652,23.88,17.77,18.36,19.54,15.75,21.41,-40.44,-40.88,-38.58,-42.1,-39.94,-37.38,64,54,48,40,67,53,3003.86,2686.62,2772.75,2493.4,3000.36,2756,0.7593370165745856,0.6543646408839779,0.5424861878453039,0.650939226519337,0.8366850828729282,0.5949723756906078,10.14,5.43,5.77,7.49,7.32,6.94,0,0,0,0,0,0,137.44,118.44,98.19,117.82,151.44,107.69,115.02,93.78,101.95,95.99000000000002,126.33000000000003,93.42,192.67270718232044,217.0961325966851,203.38519337016575,226.02298342541437,213.10121546961327,204.0939226519337,41,55,56,74,55,53
LU15,LU15_7,LU15_2022,176,-9.502745856353592,18.466,-39.618,50.8,2689.724,0.6108397790055249,6.538,0,110.562,93.284,212.65432044198894,56.6,305,308,305,305,316,305,120,120,120,120,120,114,53.71331491712707,32.40414364640884,46.347513812154695,48.03104972375691,58.49817679558011,16.997016574585636,86.59,58.89,86.19,80.75,103.59,36.5,181,173,181,181,170,175,-10.662734806629834,-9.334116022099447,-9.690193370165746,-8.137624309392265,-10.608867403314918,-9.74292817679558,23.86,17.81,18.14,19.35,15.58,21.45,-40.18,-40.69,-38.48,-41.91,-39.56,-37.45,62,53,48,38,62,53,2956.79,2634.18,2717.92,2437.42,2943.61,2715.4900000000002,0.6912707182320442,0.5685635359116022,0.5339779005524862,0.6601657458563536,0.79646408839779,0.4950276243093923,9.31,6.23,5.83,7.14,7.41,6.08,0,0,0,0,0,0,125.12,102.91,96.65,119.49,144.16,89.6,101.30000000000001,78.26,93.67,106.42000000000002,112.13,75.94,193.76994475138122,209.0420994475138,207.9557458563536,235.12303867403315,214.8003867403315,196.3503314917127,42,50,55,72,54,52
LU15,LU15_8,LU15_2022,172.6,-9.41950276243094,18.582,-39.364000000000004,49.8,2674.576,0.5895580110497237,6.214,0,106.71,91.006,210.46332596685082,57.6,305,308,305,305,316,305,120,120,120,120,120,113,54.79635359116022,31.083701657458562,46.815027624309394,41.93806629834254,60.358342541436464,17.40707182320442,86.89,55.91,86.52,69.51,105.37,40.26,181,171,181,181,170,160,-10.561850828729282,-9.285193370165747,-9.648066298342542,-8.044972375690607,-10.476270718232044,-9.643011049723757,23.84,18.27,18.3,19.24,15.42,21.68,-39.62,-40.12,-38.6,-41.74,-39.09,-37.27,59,53,47,38,60,51,2930.31,2625.12,2711.37,2424.37,2917.11,2694.91,0.6904972375690608,0.5602209944751381,0.5259668508287293,0.5665745856353591,0.7862983425414365,0.5087292817679558,9.39,5.99,5.75,6.5,6.5,6.33,0,0,0,0,0,0,124.98,101.4,95.2,102.55,142.32,92.08,103.01,78.74,94.38,90.31,112.24,79.36,192.52127071823205,208.26011049723758,207.63375690607734,225.2581767955801,214.35270718232044,196.81187845303867,42,51,56,75,54,52
LU15,LU15_9,LU15_2022,176,-9.502745856353592,18.466,-39.618,50.8,2689.724,0.6108397790055249,6.538,0,110.562,93.284,212.65432044198894,56.6,305,308,305,305,316,305,120,120,120,120,120,114,53.71331491712707,32.40414364640884,46.347513812154695,48.03104972375691,58.49817679558011,16.997016574585636,86.59,58.89,86.19,80.75,103.59,36.5,181,173,181,181,170,175,-10.662734806629834,-9.334116022099447,-9.690193370165746,-8.137624309392265,-10.608867403314918,-9.74292817679558,23.86,17.81,18.14,19.35,15.58,21.45,-40.18,-40.69,-38.48,-41.91,-39.56,-37.45,62,53,48,38,62,53,2956.79,2634.18,2717.92,2437.42,2943.61,2715.4900000000002,0.6912707182320442,0.5685635359116022,0.5339779005524862,0.6601657458563536,0.79646408839779,0.4950276243093923,9.31,6.23,5.83,7.14,7.41,6.08,0,0,0,0,0,0,125.12,102.91,96.65,119.49,144.16,89.6,101.30000000000001,78.26,93.67,106.42000000000002,112.13,75.94,193.76994475138122,209.0420994475138,207.9557458563536,235.12303867403315,214.8003867403315,196.3503314917127,42,50,55,72,54,52
LU16,LU16_15,LU16_2023,179.2,-11.801839779005524,15.408,-42.22,65.2,3144.206,0.5730276243093922,5.572,0,103.71799999999999,102.952,174.52411049723756,44.8,308,305,305,314,305,305,120,120,120,120,120,120,45.31,70.78049723756907,58.965580110497235,75.45104972375691,22.520939226519335,41.66469613259669,73.4,131.69,90.68,122.36,48.51,75.6,178,181,181,172,181,181,-12.094613259668508,-12.70828729281768,-11.474060773480662,-13.418425414364641,-12.368453038674033,-9.039972375690608,17.75,16.5,15.35,10.48,18.51,16.2,-42.9,-40.42,-46.27,-41.28,-39.65,-43.48,70,69,65,84,67,41,3181.45,3293.12,3114.37,3476.98,3225.82,2610.74,0.6687845303867404,0.6481767955801105,0.5640883977900553,0.8122099447513812,0.48955801104972374,0.3511049723756906,6.94,6.08,5.64,4.93,4.57,6.64,0,0,0,0,0,0,121.05,117.32,102.1,147.01,88.61,63.55,102.13,131.43,93.06,129.79000000000002,80.36,80.11999999999999,182.32381215469613,169.9185635359116,170.07994475138122,174.0114364640884,152.24541436464088,206.36519337016574,46,33,53,38,31,69
LU16,LU16_2,LU16_2023,179.2,-11.838596685082873,15.268,-42.38,65,3150.518,0.5778342541436464,5.7780000000000005,0,104.588,103.862,174.93832044198896,44.4,308,305,305,314,305,305,120,120,120,120,120,120,48.80872928176795,71.20530386740332,58.38486187845304,75.8175138121547,23.66707182320442,43.66756906077348,79.68,133.14,89.3,123.19,48.61,79.07,178,181,181,172,181,181,-12.09414364640884,-12.733729281767955,-11.491519337016575,-13.4407182320442,-12.42011049723757,-9.106906077348066,17.61,16.43,15.25,10.32,18.35,15.99,-43,-40.62,-46.39,-41.48,-39.78,-43.63,70,67,65,84,68,41,3176.56,3297.72,3118.51,3483,3234.24,2619.12,0.7248618784530387,0.6502209944751381,0.5612707182320442,0.8046408839779006,0.5029281767955801,0.37011049723756906,7.32,6.75,5.66,5.15,4.64,6.69,0,0,0,0,0,0,131.2,117.69,101.59,145.64,91.03,66.99,111.44999999999999,132.82,91.27000000000001,129.52,82.11999999999999,83.57999999999998,187.56629834254144,170.20558011049724,169.85066298342542,173.35132596685082,153.0607182320442,208.22331491712708,46,33,53,38,31,67
LU16,LU16_20,LU16_2023,179.2,-11.882508287292817,15.282,-42.29,65.4,3160.766,0.5812596685082873,5.58,0,105.208,103.254,173.6021767955801,44.8,308,305,305,314,305,305,120,120,120,120,120,120,46.04226519337016,70.90348066298343,59.92668508287293,77.59845303867404,23.44303867403315,39.13237569060774,74.24,131.63,93.37,125.42,50.71,71.7,178,181,181,172,181,181,-12.188729281767955,-12.796408839779005,-11.572265193370166,-13.493259668508287,-12.444364640883977,-9.106243093922652,17.63,16.37,15.22,10.35,18.38,16.09,-43.02,-40.51,-46.4,-41.38,-39.76,-43.4,71,69,65,84,67,42,3202.92,3311.58,3134.62,3491.32,3241.38,2624.93,0.6487845303867403,0.6587845303867403,0.56646408839779006,0.8254696132596685,0.5032044198895027,0.3523756906077348,7,6.01,5.62,5.08,4.58,6.61,0,0,0,0,0,0,117.43,119.24,102.53,149.41,91.08,63.78,100.88,131.13,95.05999999999999,131.81,82.78999999999999,75.48000000000002,178.01198895027625,168.69988950276243,169.44524861878452,173.09784530386742,151.53558011049725,205.23232044198895,46,33,53,37,31,70
LU16,LU16_200,LU16_2023,169,-10.63939226519337,17.634,-40.684000000000005,58,2920.304,0.444585635359116,5.236,0,80.47,73.978,185.7664861878453,47.4,308,305,305,317,306,305,120,120,120,120,111,118,29.104585635359115,51.0514364640884,40.275082872928174,50.38309392265193,14.672375690607735,20.32027624309392,56,97.48,61.65,86.99,31.76,42.3,175,181,181,169,171,143,-10.862651933701658,-11.49986187845304,-10.153756906077348,-12.37267955801105,-11.240027624309393,-7.930635359116022,19.96,18.62,17.5,12.69,20.87,18.49,-40.76,-38.22,-44.06,-39.74,-37.77,-43.63,66,59,56,79,58,38,2922.44,3047,2845.42,3273.63,3008.29,2427.18,0.49867403314917125,0.4929281767955801,0.4601657458563536,0.6379005524861878,0.3508839779005525,0.28104972375690607,3.75,4.8,5.81,4.46,4.48,6.63,0,0,0,0,0,0,90.26,89.22,83.29,115.46,63.51,50.87,76.01,102.42999999999999,67.3,93.1,58.22,48.839999999999996,192.66337016574585,184.50049723756905,180.54016574585634,185.59850828729282,162.42353591160222,215.76972375690607,45,39,66,42,31,59
LU16,LU16_201,LU16_2023,169.4,-10.65014917127072,17.542,-40.717999999999996,58.6,2923.236,0.4516685082872928,5.228,0,81.752,75.44,185.5230497237569,47.8,308,305,305,317,306,305,120,120,120,120,112,119,30.082872928176794,52.1160773480663,41.16469613259669,51.90414364640884,15.12524861878453,21.450331491712706,57,99.26,63.16,89.32,33.16,43.84,178,181,181,169,172,144,-10.882044198895027,-11.522900552486188,-10.17389502762431,-12.370994475138122,-11.24317679558011,-7.939779005524862,19.81,18.51,17.42,12.6,20.81,18.37,-40.84,-38.37,-44.15,-39.73,-37.72,-43.62,66,62,56,79,58,38,2929.23,3054.66,2850.67,3273.09,3009.44,2428.32,0.5075138121546962,0.500939226519337,0.46718232044198893,0.6453038674033149,0.36154696132596686,0.28337016574585633,3.85,4.83,5.79,4.29,4.52,6.71,0,0,0,0,0,0,91.86,90.67,84.56,116.8,65.44,51.29,77.16000000000001,103.76,68.44999999999999,94.69,60.059999999999995,50.24,191.88845303867404,183.72596685082874,180.58585635359117,185.7471270718232,162.32088397790056,215.2354143646409,48,39,66,42,32,60
LU16,LU16_202,LU16_2023,169,-10.58324861878453,17.66,-40.672000000000004,58.2,2910.844,0.44446408839779006,5.242,0,80.448,74.024,186.1268729281768,48,308,305,305,317,306,305,120,120,120,120,111,118,29.22453038674033,50.96740331491713,40.28574585635359,50.666353591160224,14.80817679558011,20.474475138121548,56.08,97.25,61.74,87.5,32.28,42.25,175,181,181,169,171,143,-10.81317679558011,-11.455331491712707,-10.099613259668509,-12.307154696132597,-11.177872928176795,-7.876270718232044,19.91,18.62,17.53,12.72,20.93,18.5,-40.76,-38.26,-44.03,-39.74,-37.7,-43.63,66,60,56,79,58,38,2915.64,3041.6,2836.22,3261.06,2997.46,2417.88,0.4984530386740332,0.4921546961325967,0.4605524861878453,0.6362983425414365,0.3541988950276243,0.2791160220994475,3.72,4.76,5.8,4.41,4.52,6.72,0,0,0,0,0,0,90.22,89.08,83.36,115.17,64.11,50.519999999999996,76.02,102.1,67.34,93.09999999999998,58.83,48.75,192.68817679558012,184.4303314917127,180.91707182320442,186.3575138121547,162.99812154696133,215.93132596685084,45,40,66,42,33,59
LU16,LU16_203,LU16_2023,169.4,-10.638635359116021,17.496,-40.752,58.2,2921.674,0.45409944751381215,5.17,0,82.19200000000001,76.14800000000001,185.61129281767955,48.2,308,305,305,317,306,305,120,120,120,120,112,119,30.737624309392267,52.70038674033149,41.524309392265195,52.413038674033146,15.330773480662984,22.19917127071823,57.83,100.27,63.74,90.2,33.46,44.83,178,181,181,169,172,144,-10.876408839779005,-11.519337016574585,-10.171491712707182,-12.353867403314917,-11.226629834254144,-7.921850828729282,19.72,18.46,17.36,12.56,20.77,18.33,-40.85,-38.45,-44.17,-39.72,-37.8,-43.62,66,62,55,78,58,38,2930.11,3056.05,2851.31,3269.93,3006.16,2424.92,0.5149723756906077,0.5046408839779005,0.47049723756906076,0.6462430939226519,0.3658563535911602,0.28325966850828727,3.9,4.87,5.8,3.88,4.53,6.77,0,0,0,0,0,0,93.21,91.34,85.16,116.97,66.22,51.27,78.28999999999999,104.57000000000001,68.80000000000001,95.46000000000001,60.67,51.239999999999995,192.20640883977902,183.4486187845304,180.563591160221,186.0803867403315,162.5592817679558,215.40458563535913,48,40,66,41,34,60
LU16,LU16_22,LU16_2023,177,-11.592740331491713,15.798,-41.906,63.4,3103.054,0.5530386740331492,5.4959999999999996,0,100.1,97.866,176.60818784530386,45.6,308,305,305,314,305,305,120,120,120,120,119,120,43.090994475138125,67.92801104972376,56.55861878453039,71.639392265193365,21.245524861878454,35.83613259668508,69.24,126.59,86.8,116.58,46.17,66.73,178,181,181,172,180,171,-11.878121546961326,-12.495662983425415,-11.239116022099447,-13.235165745856353,-12.162955801104973,-8.830801104972377,18.13,16.86,15.75,10.86,18.92,16.6,-42.53,-40.05,-45.91,-40.86,-39.3,-43.41,69,67,65,82,63,40,3135.51,3249.65,3065.18,3440.07,3185.08,2575.29,0.6253591160220995,0.6269060773480662,0.5483425414364641,0.781767955801105,0.467292817679558,0.34088397790055247,6.25,5.81,5.65,4.81,4.57,6.64,0,0,0,0,0,0,113.19,113.47,99.25,141.5,84.58,61.7,97.74000000000001,127.02,89.58999999999999,124.19,76.89,71.64,182.24988950276244,172.4703867403315,172.3620994475138,176.2810497237569,153.8406629834254,208.0867403314917,47,34,55,39,31,69
LU16,LU16_23,LU16_2023,179.2,-11.833977900552487,15.378,-42.199999999999996,65,3151.454,0.57553591160221,5.564,0,104.172,102.112,173.93521546961327,44.8,308,305,305,314,305,305,120,120,120,120,120,120,45.09740331491713,70.09541436464089,59.61558011049724,76.20546961325967,22.836574585635358,38.26657458563536,72.63,130.23,92.54,123.23,49.26,70.38,178,181,181,172,181,181,-12.141767955801106,-12.748646408839779,-11.520303867403316,-13.452016574585635,-12.395386740331492,-9.05353591160221,17.73,16.45,15.31,10.45,18.48,16.2,-42.92,-40.4,-46.3,-41.26,-39.67,-43.37,71,69,65,83,67,41,3193.25,3301.96,3123.7,3482.85,3231.82,2616.94,0.6392817679558012,0.6506629834254144,0.5645303867403315,0.8212707182320442,0.4920441988950276,0.34917127071823206,6.82,5.93,5.64,5.08,4.57,6.6,0,0,0,0,0,0,115.71,117.77,102.18,148.65,89.06,63.2,99.39,129.91,94.71,130.85,80.94,74.14999999999999,177.97364640883978,169.20121546961326,169.8046961325967,173.70386740331492,151.73519337016575,205.2311049723757,46,33,53,37,31,70
LU16,LU16_24,LU16_2023,179.2,-11.779657458563536,15.49,-42.11,65,3140.992,0.5704309392265193,5.544,0,103.248,101.11200000000001,174.53088397790054,45.8,308,305,305,314,305,305,120,120,120,120,120,120,44.267403314917125,69.7607182320442,59.431491712707185,74.95193370165745,22.39011049723757,37.316187845303865,71.6,129.53,91.54,121.19,48.26,68.92,178,181,181,172,181,181,-12.088563535911602,-12.6946408839779,-11.460911602209945,-13.404723756906078,-12.341519337016575,-8.996491712707183,17.84,16.55,15.42,10.56,18.6,16.32,-42.82,-40.28,-46.2,-41.13,-39.56,-43.38,71,69,65,83,67,41,3182.13,3291.03,3111.36,3473.2,3221.38,2607.99,0.6331491712707182,0.6419337016574586,0.5671823204419889,0.8148618784530387,0.4829281767955801,0.3452486187845304,6.65,5.84,5.66,5.07,4.56,6.59,0,0,0,0,0,0,114.60000000000001,116.19,102.66,147.49,87.41,62.49,98.47999999999999,129.41,94.33000000000001,129.56,79.56,72.7,178.87977900552485,169.84193370165747,170.7042541436464,174.3924861878453,152.15861878453038,205.5571270718232,46,33,54,39,31,72
LU16,LU16_25,LU16_2023,169.4,-10.725767955801105,17.424,-40.75,58.6,2936.608,0.45754696132596684,5.17,0,82.816,76.732,185.32983425414363,46.6,308,305,305,317,306,305,120,120,120,120,112,119,30.50966850828729,52.62917127071823,42.13790055248619,53.05220994475138,15.310939226519338,21.93232044198895,57.39,100.27,64.82,90.97,34.01,44.73,178,181,181,169,172,144,-10.967707182320442,-11.593011049723756,-10.245,-12.451933701657458,-11.329005524861879,-8.00988950276243,19.76,18.45,17.33,12.48,20.6,18.26,-40.95,-38.44,-44.29,-39.7,-37.74,-43.58,66,62,56,79,58,38,2943.3,3065.4,2864.35,3289.68,3024.58,2439.03,0.5124309392265194,0.5083425414364641,0.47171270718232045,0.6544198895027624,0.36751381215469614,0.2857458563535912,3.94,4.93,5.73,4.04,4.52,6.63,0,0,0,0,0,0,92.75,92.01,85.38,118.45,66.52,51.72,77.66999999999999,104.67,70.25,96.58000000000001,60.97,51.18999999999999,191.82906077348065,183.70480662983425,180.9643093922652,185.2264640883978,161.61414364640885,215.13944751381214,48,38,66,41,29,59
LU16,LU16_26,LU16_2023,169.4,-10.682657458563536,17.524,-40.72,58.4,2928.318,0.45083977900552485,5.15,0,81.602,75.436,185.54581215469614,47.2,308,305,305,317,306,305,120,120,120,120,112,119,29.766022099447515,51.74569060773481,41.34878453038674,51.680773480662985,14.92353591160221,21.106077348066297,56.64,98.76,63.53,88.92,32.76,43.46,178,181,181,169,172,144,-10.919419889502763,-11.545939226519337,-10.196298342541436,-12.414337016574585,-11.287651933701657,-7.969060773480663,19.86,18.54,17.42,12.58,20.71,18.37,-40.85,-38.33,-44.19,-39.72,-37.76,-43.6,66,61,56,79,58,38,2933.08,3055.54,2854.3,3282.48,3016.77,2432.5,0.505414364640884,0.5009944751381216,0.4658011049723757,0.6459668508287293,0.358121546961326,0.28331491712707185,3.85,4.89,5.75,3.98,4.51,6.62,0,0,0,0,0,0,91.48,90.67999999999999,84.31,116.92,64.82,51.28,76.81,103.47000000000003,69.17,95.12,59.419999999999995,50.00000000000001,191.9556906077348,184.2050276243094,180.863591160221,185.3677900552486,161.90254143646408,215.39011049723757,48,39,66,42,30,59
LU16,LU16_270,LU16_2023,168,-10.58946408839779,18.072,-40.576,58.6,2911.1800000000003,0.4260331491712707,8.24,0,77.112,69.614,184.47603314917126,46.2,308,305,305,317,306,305,120,120,120,120,109,116,26.428342541436464,49.690331491712705,36.77408839779005,43.13756906077348,13.370055248618785,18.367182320441987,52.29,95.5,56.24,75.46,27.28,38.98,172,181,181,169,169,140,-10.721519337016575,-11.444060773480663,-10.134585635359116,-12.304917127071823,-11.14953038674033,-7.914226519337016,20.26,18.86,17.67,13.13,21.68,19.02,-40.65,-37.81,-43.5,-39.81,-37.92,-43.84,66,60,58,79,59,37,2898.62,3037.04,2837.46,3251.59,2997.03,2432.78,0.4665193370165746,0.47209944751381216,0.3958563535911602,0.6726519337016574,0.31486187845303865,0.27469613259668507,3.33,4.49,5.84,20,4.38,6.49,0,0,0,0,0,0,84.44,85.45,71.65,121.75,56.99,49.72,71.69,102.25000000000001,64.29000000000002,84.27,51.67,45.59,192.47558011049725,184.24254143646408,173.4427624309392,185.4628729281768,164.47077348066298,214.76121546961326,44,43,66,41,25,56
LU16,LU16_28,LU16_2023,169.4,-10.654337016574585,17.592,-40.7,58.4,2923.476,0.4483977900552486,5.306,0,81.16,74.65,185.517635359116,47.8,308,305,305,317,306,305,120,120,120,120,112,119,29.543314917127073,51.63149171270718,40.651491712707184,51.17132596685083,14.936740331491713,20.79232044198895,56.46,98.44,62.27,88.18,32.51,43.02,178,181,181,169,172,144,-10.878839779005524,-11.520027624309392,-10.174088397790054,-12.381436464088397,-11.250524861878453,-7.94560773480663,19.89,18.56,17.46,12.65,20.85,18.44,-40.81,-38.29,-44.1,-39.73,-37.75,-43.63,66,61,56,79,58,38,2927.04,3052.25,2849.84,3274.84,3010.68,2429.77,0.502817679558011,0.49646408839779005,0.46375690607734804,0.6429834254143646,0.3561878453038674,0.28259668508287294,3.81,4.81,5.82,4.75,4.49,6.66,0,0,0,0,0,0,91.01,89.86,83.94,116.38,64.47,51.15,76.53,103.16999999999999,67.68,93.74000000000001,59.19,49.47,192.08232044198894,184.01961325966852,180.41674033149172,185.53502762430938,162.28558011049725,215.33121546961326,48,39,66,42,32,60
LU16,LU16_3,LU16_2023,179.2,-12.020662983425414,14.97,-42.58,66.4,3187.514,0.59382320441988945,5.816,0,107.482,107.026,172.63387845303868,43,308,305,305,314,305,305,120,120,120,120,120,120,49.89281767955801,72.89077348066299,60.68370165745856,79.46348066298343,27.933480662983424,46.99806629834254,81.81,135.78,94.6,128.48,51.56,81.99,178,181,181,172,181,181,-12.302237569060773,-12.925110497237569,-11.709558011049724,-13.606104972375691,-12.595911602209945,-9.266629834254143,17.32,16.12,14.93,10.03,18.05,15.72,-43.3,-40.87,-46.68,-41.76,-40.05,-43.54,71,70,65,84,70,43,3223.4,3337.11,3163.62,3515.5,3270.53,2650.81,0.7295580110497237,0.6650828729281768,0.5774585635359116,0.8322651933701657,0.5234254143646409,0.3708839779005525,7.76,6.7,5.64,5.45,4.63,6.66,0,0,0,0,0,0,132.05,120.38,104.52,150.64,94.74,67.13,111.62,134.88,94.97000000000001,134.05999999999997,85.65,85.57,183.51447513812155,167.5385082872928,167.68502762430938,171.2339226519337,151.19685082872928,205.5150828729282,47,32,50,36,32,65
LU16,LU16_300,LU16_2023,179.2,-11.829795580110497,15.299999999999999,-42.352,65,3148.902,0.5763093922651934,5.736,0,104.312,103.782,174.87116022099448,44.2,308,305,305,314,305,305,120,120,120,120,120,120,48.08558011049724,70.75215469613259,58.41453038674033,75.92574585635359,23.495303867403315,43.883149171270716,78.39,132.28,89.47,123.3,48.91,79.29,178,181,181,172,181,181,-12.088701657458563,-12.727044198895028,-11.486270718232044,-13.435690607734808,-12.407734806629835,-9.092237569060773,17.64,16.45,15.27,10.36,18.38,16.04,-42.98,-40.58,-46.36,-41.46,-39.75,-43.61,70,67,65,84,68,41,3175.72,3296.46,3117.55,3481.92,3231.73,2616.85,0.7141988950276243,0.6465193370165746,0.5623204419889503,0.8053591160220994,0.5021546961325967,0.3651933701657459,7.25,6.61,5.66,5.1,4.62,6.69,0,0,0,0,0,0,129.27,117.02,101.78,145.77,90.89,66.1,109.69,131.98,91.52999999999999,129.4,82.13,83.87,186.9114364640884,170.18441988950275,169.91121546961327,173.45480662983425,152.98900552486188,207.8163535911602,47,32,53,38,31,67
LU16,LU16_301,LU16_2023,177,-11.617309392265193,15.690000000000001,-42.028,63,3107.1820000000002,0.5553480662983425,5.57,0,100.518,99.668,176.7888950276243,45,308,305,305,314,305,305,120,120,120,120,119,120,44.753701657458564,67.78558011049724,56.23237569060773,72.48701657458564,21.705690607734805,40.92220994475138,72.16,127.18,86.09,118.12,46.68,74.71,178,181,181,172,180,171,-11.877900552486189,-12.512734806629835,-11.25339779005525,-13.251685082872928,-12.195469613259668,-8.873259668508288,18.01,16.8,15.66,10.75,18.8,16.44,-42.56,-40.2,-46,-41.05,-39.41,-43.48,69,66,64,82,63,40,3132.36,3252.82,3068.7,3444.88,3189.73,2579.78,0.6742541436464088,0.6214917127071823,0.5480110497237569,0.7802209944751382,0.47651933701657456,0.35049723756906076,6.61,6.25,5.67,4.64,4.59,6.7,0,0,0,0,0,0,122.04,112.49,99.19,141.22,86.25,63.44,103.64999999999999,127.49000000000001,88.57000000000001,124.56,78.12,79.60000000000001,187.26386740331492,172.72812154696132,172.01756906077347,175.95276243093923,154.07707182320442,209.1689502762431,47,35,54,39,31,66
LU16,LU16_302,LU16_2023,179.2,-11.844436464088398,15.318,-42.302,65.2,3152.4320000000002,0.5742541436464088,5.616,0,103.94,103.218,174.28985635359115,44.6,308,305,305,314,305,305,120,120,120,120,120,120,46.280828729281765,69.93453038674033,59.06022099447514,76.12624309392265,22.821657458563536,42.516243093922654,75.1,130.57,91.11,123.45,48.9,76.97,178,181,181,172,181,181,-12.131767955801106,-12.749530386740332,-11.518591160220994,-13.45475138121547,-12.41279005524862,-9.086519337016574,17.66,16.43,15.26,10.39,18.41,16.1,-42.98,-40.52,-46.35,-41.39,-39.73,-43.52,70,69,65,84,67,41,3188.55,3301.44,3123.77,3484.53,3234.33,2618.09,0.6821546961325967,0.6406629834254144,0.5666850828729282,0.8148066298342541,0.49497237569060776,0.3541436464088398,7.14,6.22,5.64,4.99,4.58,6.65,0,0,0,0,0,0,123.47,115.96,102.57,147.48,89.59,64.1,104.18,130.17,93.00999999999999,130.34,81.12,81.45,182.83314917127072,169.57546961325966,169.82232044198895,173.52541436464088,152.13447513812156,206.39160220994475,46,33,53,37,31,69
LU16,LU16_303,LU16_2023,177.2,-11.777198895027624,15.42,-42.236000000000004,64.6,3138.878,0.569414364640884,5.628,0,103.06400000000001,102.43599999999999,175.07046408839778,44,308,305,305,314,305,305,120,120,120,120,120,120,46.17364640883978,69.5043093922652,58.11668508287293,75.42596685082873,22.654033149171273,42.35436464088398,74.77,129.99,88.96,122.45,48.89,76.86,178,181,181,172,181,171,-12.049723756906078,-12.677707182320441,-11.436270718232045,-13.39303867403315,-12.35096685082873,-9.028011049723757,17.76,16.54,15.37,10.49,18.52,16.18,-42.88,-40.45,-46.25,-41.31,-39.64,-43.53,70,67,64,84,67,41,3169.39,3286.53,3106.86,3472.8,3221.3,2606.9,0.686353591160221,0.6366298342541437,0.560110497237569,0.8024861878453039,0.49392265193370166,0.35392265193370165,7.02,6.32,5.65,4.91,4.59,6.67,0,0,0,0,0,0,124.23,115.23,101.38,145.25,89.4,64.06,105.08,129.8,91.44,128.44,80.97,81.52999999999999,184.79961325966852,170.60480662983426,170.48342541436463,174.14320441988951,152.73066298342542,207.39022099447513,47,33,53,39,31,64
LU16,LU16_313,LU16_2023,173.4,-11.163850828729283,16.576,-41.316,61,3020.154,0.5071933701657458,5.354,0,91.80199999999999,87.402,180.69082872928178,45.8,308,305,305,316,305,305,120,120,120,120,115,120,37.03707182320442,60.891381215469615,49.04082872928177,62.44475138121547,18.47314917127072,30.146740331491714,64.33,114.49,75.48,104.49,40.44,57.26,178,181,181,170,176,159,-11.425027624309392,-12.05328729281768,-10.74767955801105,-12.847900552486188,-11.74853591160221,-8.421850828729282,18.9,17.62,16.52,11.63,19.73,17.38,-41.76,-39.31,-45.16,-40.04,-38.58,-43.49,67,65,60,81,60,39,3038.71,3159.62,2964.91,3364.93,3104.62,2506.69,0.5789502762430939,0.5716022099447514,0.516353591160221,0.7197237569060774,0.41740331491712707,0.3108839779005525,5.05,5.41,5.7,4.44,4.55,6.67,0,0,0,0,0,0,104.79,103.46,93.46,130.27,75.55,56.27,86.19,116.57,79.21,109.52,68.85,62.86000000000001,187.86453038674034,177.73331491712707,177.23629834254143,180.9132596685083,157.19701657458563,210.3742541436464,49,35,61,40,31,62
LU16,LU16_314,LU16_2023,174.4,-11.408077348066298,16.1,-41.69,61.6,3066.828,0.5323756906077348,5.454,0,96.36,94.00999999999999,178.3496685082873,44.6,308,305,305,314,305,305,120,120,120,120,117,120,41.26767955801105,65.08458563535912,53.89248618784531,68.35,20.148453038674035,33.97635359116022,68.09,121.96,82.56,112.02,43.9,63.07,178,181,181,172,178,160,-11.67342541436464,-12.302292817679557,-11.022624309392265,-13.066491712707183,-11.987817679558011,-8.661160220994475,18.42,17.18,16.06,11.16,19.23,16.87,-42.18,-39.79,-45.62,-40.58,-39.03,-43.43,68,65,62,82,61,38,3090.46,3210.27,3020.76,3407.64,3150.22,2545.25,0.6338121546961326,0.6034806629834254,0.5333149171270718,0.7543093922651933,0.4488950276243094,0.321878453038674,5.89,5.78,5.67,4.58,4.56,6.68,0,0,0,0,0,0,114.72,109.23,96.53,136.53,81.25,58.26,97.82000000000002,123.02,85.589999999999975,119.34,73.82,68.27999999999999,188.71972375690606,175.05530386740332,174.36662983425416,178.43552486187846,155.50629834254144,208.38458563535912,49,35,57,39,30,62
LU16,LU16_36,LU16_2023,168.4,-10.513740331491713,17.84,-40.616,57.6,2897.378,0.4334364640883978,5.352,0,78.452,71.68400000000001,186.7394364640884,47.4,308,305,305,317,306,305,120,120,120,120,109,117,27.9014364640884,49.22171270718232,38.673591160220994,48.735027624309396,14.281878453038674,18.84646408839779,54.64,94.23,59.06,84.62,30.9,39.76,173,181,181,169,169,142,-10.733508287292818,-11.377513812154696,-10.01367403314917,-12.248287292817679,-11.11425414364641,-7.8149723756906075,20.11,18.79,17.71,12.89,21.11,18.7,-40.62,-38.06,-43.86,-39.75,-37.75,-43.66,66,58,56,79,58,37,2898.24,3024.61,2818.38,3250.01,2985.56,2408.33,0.4848618784530387,0.4778453038674033,0.44845303867403313,0.6241436464088398,0.34193370165745857,0.27480662983425413,3.53,4.67,5.83,5.07,4.5,6.69,0,0,0,0,0,0,87.76,86.49,81.17,112.97,61.89,49.74,74.28999999999999,99.72000000000001,65.16000000000001,90.33000000000001,56.81,46.4,193.76436464088397,185.52491712707183,181.01276243093923,186.77337016574586,163.68298342541436,216.70314917127072,44,41,66,42,30,58
LU16,LU16_37,LU16_2023,169.4,-10.682243093922652,17.55,-40.717999999999996,58.6,2928.634,0.4510939226519337,5.274,0,81.648,75.17999999999999,185.2858011049724,47.6,308,305,305,317,306,305,120,120,120,120,112,119,29.80353591160221,52.01011049723757,41.01453038674033,51.662154696132596,15.058011049723756,21.0839226519337,56.72,99.11,62.86,88.89,32.88,43.49,178,181,181,169,172,144,-10.908093922651934,-11.547209944751382,-10.205718232044198,-12.409668508287293,-11.27853591160221,-7.9700828729281765,19.86,18.53,17.42,12.61,20.79,18.4,-40.84,-38.32,-44.15,-39.73,-37.76,-43.63,66,62,56,79,58,38,2932.44,3057.2,2856.08,3280.27,3015.78,2433.84,0.5056353591160221,0.49955801104972375,0.46640883977900555,0.6462983425414365,0.3592817679558011,0.28392265193370164,3.85,4.83,5.81,4.6,4.49,6.64,0,0,0,0,0,0,91.52,90.42,84.42,116.98,65.03,51.39,76.84,103.72999999999999,68.18,94.38,59.67,49.94,191.83602209944752,183.77779005524863,180.27121546961325,185.25939226519338,161.99812154696133,215.1224861878453,48,39,66,42,31,60
LU16,LU16_49,LU16_2023,168.6,-10.574127071823204,17.988,-40.582,58.6,2908.962,0.437878453038674,8.256,0,79.256,70.99600000000001,185.3315690607735,47.6,308,305,305,317,306,305,120,120,120,120,110,117,27.22707182320442,50.78359116022099,37.2967955801105,45.62281767955801,13.937955801104973,18.79552486187845,54.11,97.26,54.62,79.99,27.84,39.84,173,181,181,169,170,142,-10.723784530386741,-11.435055248618784,-10.129917127071824,-12.279723756906078,-11.13903314917127,-7.886906077348066,20.15,18.78,17.6,13.03,21.59,18.94,-40.65,-37.94,-43.58,-39.77,-37.81,-43.81,66,60,58,79,59,37,2900.99,3037.39,2838.38,3247.48,2994.85,2426.71,0.4810497237569061,0.4729281767955801,0.42270718232044197,0.6848618784530387,0.33066298342541434,0.278232044198895,3.33,4.47,5.94,19.9,4.38,6.59,0,0,0,0,0,0,87.07000000000001,85.6,76.51,123.96,59.85,50.36,74.23,103.78,64.06,86.34,54.44,46.36000000000001,193.83972375690607,183.89917127071823,176.87497237569062,186.59160220994474,164.3520994475138,214.94,44,44,66,42,28,58
LU16,LU16_52,LU16_2023,168.8,-10.630314917127071,17.914,-40.622,58.8,2919.308,0.44009944751381214,8.268,0,79.658,71.44800000000001,184.3572817679558,47,308,305,305,317,306,305,120,120,120,120,110,118,27.49977900552486,51.679226519337014,37.86790055248619,45.86734806629834,13.996077348066299,19.395911602209946,54.26,98.79,54.47,79.9,28.02,40.82,173,181,181,169,170,143,-10.781187845303867,-11.494834254143646,-10.188922651933702,-12.339972375690607,-11.189917127071823,-7.93792817679558,20.09,18.71,17.54,12.96,21.5,18.86,-40.69,-37.99,-43.66,-39.78,-37.87,-43.81,66,60,58,79,59,38,2911.45,3048.77,2849.46,3258.76,3004.05,2435.5,0.4819889502762431,0.4793922651933702,0.41651933701657456,0.6952486187845304,0.3296132596685083,0.27972375690607737,3.45,4.5,5.9,20,4.39,6.55,0,0,0,0,0,0,87.24,86.77,75.39,125.84,59.66,50.63,73.98,105.06000000000002,62.69,88.03000000000002,54.22,47.239999999999995,192.69171270718232,183.31491712707182,174.2829281767956,185.86911602209943,163.9097237569061,214.4097237569061,44,42,66,40,28,59
LU16,LU16_54,LU16_2023,168.8,-10.64717679558011,17.902,-40.628,59,2922.03,0.4379005524861878,8.268,0,79.26,70.896,184.30034254143646,47,308,305,305,317,306,305,120,120,120,120,110,118,27.40220994475138,51.01270718232044,37.683812154696135,45.34160220994475,13.870386740331492,19.417458563535913,54.12,97.84,54.52,78.99,27.99,40.87,173,181,181,169,170,143,-10.796823204419889,-11.505276243093922,-10.19767955801105,-12.366878453038675,-11.210911602209945,-7.955138121546962,20.12,18.72,17.56,12.93,21.45,18.85,-40.67,-37.96,-43.69,-39.78,-37.9,-43.81,66,60,58,79,59,39,2913.03,3049.34,2850.53,3264.26,3007.5,2438.52,0.4816574585635359,0.48082872928176795,0.41049723756906076,0.6943646408839779,0.32453038674033147,0.2792817679558011,3.48,4.54,5.87,20,4.41,6.52,0,0,0,0,0,0,87.18,87.03,74.3,125.68,58.74,50.55,73.85,104.2,61.58000000000001,87.94,53.459999999999994,47.3,192.7018232044199,183.55403314917126,174.41629834254144,185.37160220994474,163.7949723756906,214.36480662983425,43,42,66,40,27,60
LU16,LU16_55,LU16_2023,168.8,-10.627552486187845,17.958000000000002,-40.61,59,2918.352,0.434232044198895,8.258,0,78.596,71.178,184.34045303867404,47.4,308,305,305,317,306,305,120,120,120,120,110,118,27.214972375690607,50.57055248618784,37.99657458563536,44.714530386740336,13.707292817679559,19.064309392265194,54,97.06,58.37,78.09,27.76,40.25,172,181,181,169,170,143,-10.77146408839779,-11.485,-10.176519337016575,-12.345276243093922,-11.189806629834255,-7.941160220994475,20.17,18.76,17.6,13,21.52,18.91,-40.65,-37.91,-43.63,-39.79,-37.9,-43.82,66,60,58,79,59,39,2908.14,3045.26,2846.18,3259.95,3003.75,2436.62,0.4793922651933702,0.4778453038674033,0.40552486187845305,0.6883977900552486,0.32143646408839777,0.27795580110497237,3.43,4.52,5.86,20,4.4,6.51,0,0,0,0,0,0,86.77,86.49,73.4,124.6,58.18,50.31,73.61,103.53000000000002,65.77,86.98,52.87,46.74,193.30779005524863,183.75834254143646,173.9603867403315,185.5754143646409,163.9817127071823,214.42640883977901,44,43,66,41,27,60
LU16,LU16_57,LU16_2023,168.8,-10.678077348066298,17.868000000000002,-40.644,59.4,2927.48,0.4394917127071823,8.258,0,79.548,71.184,183.99841988950274,47,308,305,305,317,306,305,120,120,120,120,110,118,27.55475138121547,51.33331491712707,37.97806629834254,45.49292817679558,13.89524861878453,19.65060773480663,54.29,98.39,54.96,79.12,28.01,41.25,173,181,181,169,170,143,-10.823977900552487,-11.533314917127072,-10.23267955801105,-12.399613259668508,-11.239779005524861,-7.985,20.11,18.69,17.52,12.9,21.41,18.82,-40.68,-37.97,-43.73,-39.79,-37.92,-43.81,66,61,59,79,59,39,2917.78,3054.1,2856.9,3270.2,3012.38,2443.82,0.48270718232044196,0.4838674033149171,0.41220994475138123,0.6966298342541436,0.3253038674033149,0.2794475138121547,3.53,4.55,5.84,20,4.41,6.49,0,0,0,0,0,0,87.37,87.58,74.61,126.09,58.88,50.58,73.86999999999999,104.67,61.8,88.27000000000001,53.550000000000004,47.629999999999995,192.40662983425415,183.36762430939226,174.24160220994474,184.96254143646408,163.4860773480663,213.9342541436464,43,42,66,40,27,60
LU16,LU16_58,LU16_2023,168.8,-10.68657458563536,17.856,-40.648,59.6,2928.908,0.4393812154696133,8.256,0,79.528,71.24000000000001,183.9453038674033,46.8,308,305,305,317,306,305,120,120,120,120,110,118,27.164585635359117,51.36939226519337,38.0528729281768,45.499779005524864,13.890939226519336,19.756961325966852,52.98,98.47,55.07,79.09,28,41.42,172,181,181,169,170,143,-10.831104972375691,-11.53878453038674,-10.242541436464089,-12.41011049723757,-11.248756906077348,-7.99267955801105,20.11,18.69,17.5,12.89,21.39,18.81,-40.68,-37.97,-43.74,-39.79,-37.93,-43.81,66,61,59,80,59,39,2918.63,3054.65,2858.69,3272.3,3013.79,2445.11,0.4754696132596685,0.4839779005524862,0.4121546961325967,0.696353591160221,0.3250828729281768,0.27933701657458565,3.54,4.56,5.83,20,4.41,6.48,0,0,0,0,0,0,86.06,87.6,74.6,126.04,58.84,50.56,72.56,104.75,61.81000000000001,88.32,53.53,47.790000000000006,191.15519337016573,183.42265193370164,174.21767955801104,184.76408839779006,163.4182320441989,213.9038674033149,43,42,66,40,27,59
LU16,LU16_60,LU16_2023,169,-10.741734806629834,17.796,-40.676,59.8,2938.938,0.434353591160221,8.236,0,78.618,70.31,182.48896132596684,47,308,305,305,317,306,305,120,120,120,120,111,118,27.506961325966852,51.1385635359116,38.22375690607735,45.151049723756906,13.965082872928177,20.168950276243095,53.38,95.26,55,77.59,28.1,42.06,173,181,181,169,171,143,-10.883674033149171,-11.59475138121547,-10.306519337016574,-12.465414364640884,-11.297541436464089,-8.044447513812155,20.06,18.63,17.42,12.85,21.33,18.75,-40.71,-38,-43.8,-39.8,-37.96,-43.82,66,61,59,80,59,40,2928.81,3065.27,2870.63,3282.31,3022.15,2454.33,0.4776243093922652,0.46740331491712706,0.40845303867403315,0.6896132596685083,0.3270165745856354,0.2792817679558011,3.61,4.56,5.78,20,4.41,6.43,0,0,0,0,0,0,86.45,84.6,73.93,124.82000000000001,59.19,50.55,72.63000000000001,101.32000000000001,61.019999999999996,87.11,53.790000000000006,48.31,190.27287292817678,180.8888950276243,172.65160220994474,182.82585635359115,162.94911602209945,213.1293370165746,43,42,66,40,28,59
LU16,LU16_62,LU16_2023,168.8,-10.742060773480663,17.808,-40.672000000000004,59.8,2938.786,0.4303867403314917,8.238,0,77.9,69.512,182.32629834254143,46.8,308,305,305,317,306,305,120,120,120,120,110,118,26.775635359116023,50.478563535911604,37.82812154696133,44.54817679558011,13.853093922651933,19.968232044198896,53.15,94.25,54.37,76.35,27.93,41.74,173,181,181,169,170,143,-10.883066298342541,-11.591298342541437,-10.306160220994474,-12.470497237569061,-11.298342541436464,-8.044005524861879,20.1,18.65,17.42,12.87,21.32,18.78,-40.69,-37.95,-43.78,-39.81,-37.99,-43.83,66,61,59,80,59,40,2927.77,3063.86,2870.44,3283.43,3021.69,2454.5099999999998,0.46375690607734804,0.4659668508287293,0.40138121546961325,0.6822099447513812,0.32408839779005527,0.27828729281767955,3.59,4.59,5.77,20,4.42,6.41,0,0,0,0,0,0,83.94,84.34,72.65,123.48,58.66,50.37,70.2,100.42999999999999,59.81,85.89999999999999,53.379999999999995,48.04,190.3589502762431,181.09762430939227,172.21447513812154,182.06342541436464,162.97939226519338,213.27657458563536,43,42,66,40,27,59
LU16,LU16_63,LU16_2023,168.8,-10.766270718232045,17.778000000000002,-40.668,59.8,2941.944,0.42445303867403317,8.104,0,76.826,68.634,182.21213259668508,46.8,308,305,305,317,306,305,120,120,120,120,110,118,26.275414364640884,49.948950276243096,37.02237569060773,43.47828729281768,13.5653591160221,19.375414364640886,52.55,93.57,53.15,74.72,27.48,40.87,172,181,181,169,170,143,-10.912182320441989,-11.601270718232044,-10.317292817679558,-12.514447513812154,-11.333121546961326,-8.065220994475139,20.19,18.71,17.42,12.88,21.1,18.78,-40.62,-37.87,-43.81,-39.83,-38.03,-43.8,66,61,59,80,59,40,2929.15,3062.12,2872.25,3294.18,3024.5,2456.67,0.46154696132596684,0.4645303867403315,0.3961325966850829,0.6680662983425414,0.3166850828729282,0.2768508287292818,3.6,4.72,5.7,19.33,4.45,6.32,0,0,0,0,0,0,83.54,84.08,71.7,120.92,57.32,50.11,69.86,100.10000000000001,59.010000000000005,84.19999999999999,52.27,47.589999999999996,190.83596685082873,181.85718232044198,171.8797237569061,181.04447513812156,162.62502762430938,213.6542541436464,43,41,66,40,28,59
LU16,LU16_64,LU16_2023,169,-10.750773480662984,17.782,-40.678,59.8,2940.558,0.43367955801104974,8.234,0,78.496,70.21799999999999,182.316408839779,47.2,308,305,305,317,306,305,120,120,120,120,111,118,27.505911602209945,51.18850828729282,38.297292817679555,44.95381215469613,13.9646408839779,20.18403314917127,53.36,95.35,55.11,76.96,28.09,42.09,173,181,181,169,171,143,-10.89317679558011,-11.602707182320442,-10.317182320441988,-12.476187845303867,-11.306491712707182,-8.051298342541436,20.06,18.62,17.4,12.84,21.3,18.75,-40.71,-37.99,-43.81,-39.8,-37.97,-43.82,66,61,59,80,59,40,2930.24,3066.6,2872.7,3284.4,3023.54,2455.55,0.47773480662983425,0.46756906077348065,0.4083977900552486,0.6864088397790056,0.3269060773480663,0.2791160220994475,3.62,4.57,5.77,20,4.41,6.42,0,0,0,0,0,0,86.47,84.63,73.92,124.24,59.17,50.519999999999996,72.6,101.41,60.999999999999986,86.53999999999999,53.78,48.36000000000001,190.1618232044199,180.8635359116022,172.57165745856355,182.16872928176795,162.88088397790054,213.09723756906078,43,42,66,40,29,59
LU16,LU16_67,LU16_2023,168.4,-10.7357182320442,17.817999999999998,-40.654,59.8,2936.246,0.4197900552486188,7.508,0,75.982,68.396,182.61251933701658,46.4,308,305,305,317,306,305,120,120,120,120,109,118,26.042044198895027,49.549558011049726,37.094917127071824,43.187845303867405,13.479447513812154,19.159558011049725,52.28,92.92,53.27,74.26,27.38,40.54,172,181,181,169,169,142,-10.88317679558011,-11.569198895027624,-10.280303867403315,-12.485580110497237,-11.3053591160221,-8.03814917127072,20.23,18.75,17.47,12.92,21.14,18.81,-40.61,-37.86,-43.78,-39.82,-38.02,-43.79,66,61,59,80,59,40,2923.18,3055.74,2865.14,3289.19,3019.3,2451.86,0.4604972375690608,0.4619889502762431,0.39430939226519335,0.6513812154696133,0.314475138121547,0.27679558011049726,3.56,4.72,5.72,16.31,4.45,6.34,0,0,0,0,0,0,83.35,83.62,71.37,117.9,56.92,50.1,69.75,99.64,58.760000000000005,84.34,51.94,47.3,191.27453038674034,182.25751381215468,172.38994475138122,181.29696132596686,162.93198895027624,214.18618784530386,44,41,66,40,27,58
LU16,LU16_68,LU16_2023,169.4,-10.897016574585635,17.542,-40.752,60.2,2967.396,0.4411381215469613,8.228,0,79.846,72.50200000000001,180.69616574585635,46.2,308,305,305,317,306,305,120,120,120,120,112,119,27.715690607734807,52.38569060773481,39.42193370165746,46.79099447513812,14.631491712707183,21.110828729281767,54,97.56,60.1,80.14,28.69,43.59,174,181,181,169,172,144,-11.051602209944752,-11.7496408839779,-10.485303867403315,-12.627624309392266,-11.449419889502762,-8.173093922651933,19.91,18.43,17.14,12.62,20.97,18.55,-40.82,-38.09,-44.05,-39.8,-38.02,-43.8,66,62,60,80,59,40,2959.99,3094.12,2905.76,3313.67,3048,2475.43,0.4722099447513812,0.4798342541436464,0.4095580110497238,0.6942541436464088,0.3406077348066298,0.2814364640883978,3.79,4.67,5.7,20,4.43,6.34,0,0,0,0,0,0,85.47,86.85,74.13,125.66,61.65,50.94,70.91,103.09000000000002,65.77,87.46,56.18,50.010000000000005,188.1268508287293,179.59740331491713,170.01602209944753,180.6814364640884,161.52657458563536,211.65939226519336,44,39,66,38,29,59
LU16,LU16_69,LU16_2023,168.8,-10.784734806629835,17.75,-40.688,60,2946.426,0.43106077348066296,8.236,0,78.022,69.658,181.9405635359116,47,308,305,305,317,306,305,120,120,120,120,110,118,26.890773480662983,50.78524861878453,37.78165745856354,44.67872928176796,13.904419889502762,20.064309392265194,53.34,94.82,54.3,76.53,27.98,41.93,173,181,181,169,170,143,-10.927983425414364,-11.630745856353592,-10.355497237569061,-12.519337016574585,-11.34011049723757,-8.077983425414365,20.08,18.62,17.34,12.81,21.22,18.76,-40.7,-37.94,-43.84,-39.81,-38.02,-43.83,66,62,59,80,59,40,2935.4,3070.53,2880.02,3293.07,3028.25,2460.26,0.46552486187845304,0.4685635359116022,0.40265193370165747,0.680828729281768,0.3247513812154696,0.2785082872928177,3.64,4.64,5.74,20,4.43,6.37,0,0,0,0,0,0,84.26,84.81,72.88,123.23,58.78,50.41,70.37,100.91999999999999,59.99,85.64,53.52,48.220000000000006,190.09022099447515,180.92165745856354,171.6986187845304,181.38414364640883,162.6329281767956,213.06546961325967,43,42,66,40,28,59
LU16,LU16_70,LU16_2023,169.4,-10.8866408839779,17.552,-40.74,60.2,2965.204,0.44104972375690604,8.232,0,79.83,72.506,180.8460220994475,46.4,308,305,305,317,306,305,120,120,120,120,112,119,27.524143646408838,52.098508287292816,40.16701657458564,46.88121546961326,14.53939226519337,20.906795580110497,53.79,97.12,61.24,79.73,28.55,43.29,174,181,181,169,172,144,-11.043287292817679,-11.735801104972376,-10.467403314917128,-12.620580110497238,-11.44425414364641,-8.165165745856353,19.94,18.46,17.17,12.64,20.94,18.55,-40.8,-38.06,-44.04,-39.8,-38.01,-43.79,66,62,60,80,59,40,2957.52,3090.73,2902.2,3313.09,3046.41,2473.59,0.4711049723756906,0.47812154696132597,0.40790055248618784,0.6997790055248618,0.3385635359116022,0.2808839779005525,3.78,4.69,5.7,20,4.44,6.33,0,0,0,0,0,0,85.27,86.54,73.83,126.66,61.28,50.84,70.82,102.79,65.54,88.56,55.89,49.75,188.40469613259668,179.9250276243094,170.1492817679558,180.6964640883978,161.5696685082873,211.8896685082873,44,39,66,39,29,59
LU16,LU16_71,LU16_2023,169.4,-10.918093922651934,17.524,-40.76,60.4,2971.13,0.4394585635359116,8.219999999999999,0,79.542,72.27,180.1562762430939,46,308,305,305,317,306,305,120,120,120,120,112,119,27.779558011049723,52.49171270718232,39.45298342541437,46.72707182320442,14.606353591160222,20.724475138121548,54.09,97.74,60.12,79.99,28.65,42.55,174,181,181,169,172,144,-11.07060773480663,-11.77024861878453,-10.509364640883978,-12.649861878453038,-11.467983425414365,-8.193011049723756,19.91,18.42,17.12,12.61,20.94,18.53,-40.82,-38.08,-44.06,-39.81,-38.04,-43.81,67,63,60,80,59,40,2963.37,3097.77,2910.09,3317.7,3051.17,2478.92,0.4721546961325967,0.48099447513812155,0.40917127071823206,0.6940331491712707,0.34016574585635356,0.2729281767955801,3.8,4.68,5.68,20,4.43,6.31,0,0,0,0,0,0,85.46,87.06,74.06,125.62,61.57,49.4,70.86,103.24,65.69,87.39,56.089999999999996,48.94,187.90127071823204,179.4260773480663,169.71944751381216,180.37618784530386,161.3485635359116,209.91110497237568,44,39,66,38,29,58
LU16,LU16_72,LU16_2023,168.4,-10.658834254143647,18.042,-40.606,59.6,2923.252,0.4144640883977901,8.202,0,75.018,67.462,182.3920220994475,46.6,308,305,305,317,306,305,120,120,120,120,109,117,26.007458563535913,48.81364640883978,35.62441988950276,41.949116022099446,13.158066298342542,18.60574585635359,52.54,91.3,53.72,72.63,26.97,39.22,172,181,181,169,169,142,-10.772182320441988,-11.500524861878453,-10.20939226519337,-12.386077348066298,-11.212458563535911,-7.985718232044199,20.29,18.84,17.63,13.1,21.64,19,-40.66,-37.77,-43.54,-39.83,-38.02,-43.87,66,61,59,79,59,40,2906.45,3045.32,2850.17,3265.77,3008.43,2446.57,0.4549723756906077,0.45591160220994476,0.37801104972375693,0.6568508287292818,0.30994475138121547,0.27160220994475137,3.45,4.52,5.73,20,4.37,6.39,0,0,0,0,0,0,82.35,82.52,68.42,118.89,56.1,49.160000000000004,69.21,98.04,61.15,81.52,50.86,45.74,192.29900552486188,182.06237569060772,169.82138121546961,182.88110497237568,163.83977900552486,213.35546961325966,44,43,66,41,25,58
LU16,LU16_73,LU16_2023,169.2,-10.801872928176795,17.756,-40.704,60,2949.906,0.4313591160220994,8.212,0,78.076,70.628,181.26509392265194,47,308,305,305,317,306,305,120,120,120,120,111,119,27.282265193370165,51.25790055248619,37.63292817679558,44.992707182320444,14.159060773480663,20.43121546961326,53.78,95.5,57.1,77.52,28.11,42.42,173,181,181,169,171,144,-10.938950276243094,-11.65732044198895,-10.376077348066298,-12.526878453038673,-11.348729281767955,-8.1003591160221,20.03,18.57,17.36,12.84,21.28,18.73,-40.74,-38,-43.84,-39.83,-38,-43.85,66,62,59,80,59,40,2939.34,3077.16,2883.4,3293.17,3030.93,2464.87,0.4664640883977901,0.471767955801105,0.3985082872928177,0.6779558011049723,0.33055248618784533,0.2780110497237569,3.66,4.57,5.72,20,4.4,6.37,0,0,0,0,0,0,84.43,85.39,72.13,122.71,59.83,50.32,70.41,101.35,64.08,84.75999999999999,54.38,48.57,189.51723756906077,180.2382320441989,169.83900552486188,181.69270718232045,162.41171270718232,212.14381215469612,43,42,66,39,29,59
LU16,LU16_74,LU16_2023,169.2,-10.790762430939226,17.752,-40.7,60,2947.914,0.43261878453038677,8.22,0,78.304,70.88,181.42582320441988,46.8,308,305,305,317,306,305,120,120,120,120,111,119,27.23635359116022,51.20022099447514,38.58950276243094,45.095801104972374,14.013812154696133,20.437513812154695,53.7,95.42,58.58,77.18,28.16,42.46,173,181,181,169,171,144,-10.930414364640884,-11.645690607734807,-10.363729281767956,-12.515055248618784,-11.340193370165746,-8.08914364640884,20.03,18.57,17.36,12.83,21.28,18.72,-40.74,-38.01,-43.84,-39.82,-37.99,-43.84,66,62,59,80,59,40,2937.78,3074.9900000000002,2881.27,3291.28,3029.46,2462.57,0.4666850828729282,0.47116022099447513,0.399060773480663,0.6861878453038674,0.3280110497237569,0.2786740331491713,3.66,4.57,5.74,20,4.4,6.39,0,0,0,0,0,0,84.47,85.28,72.23,124.2,59.37,50.44,70.43,101.31,64.21,86.28,53.96,48.64,189.63408839779007,180.3706629834254,170.0218232044199,181.84530386740332,162.5093370165746,212.38198895027625,43,42,66,39,29,58
LU16,LU16_75,LU16_2023,169,-10.770950276243093,17.774,-40.686,59.8,2944.142,0.43167955801104974,8.228,0,78.134,69.748,181.9848508287293,47.2,308,305,305,317,306,305,120,120,120,120,111,118,27.00646408839779,50.868121546961326,37.75248618784531,44.796685082872926,13.932430939226519,20.191215469613258,53.41,94.89,54.25,76.76,28.04,42.09,173,181,181,169,171,143,-10.911298342541436,-11.622513812154697,-10.340441988950277,-12.498314917127072,-11.323729281767955,-8.06975138121547,20.06,18.61,17.38,12.84,21.29,18.75,-40.71,-37.98,-43.82,-39.81,-37.99,-43.83,66,61,59,80,59,40,2933.49,3070.08,2876.9,3288.41,3026.2,2459.12,0.46519337016574586,0.4685635359116022,0.40314917127071825,0.6822651933701658,0.3261325966850829,0.27828729281767955,3.63,4.59,5.75,20,4.41,6.39,0,0,0,0,0,0,84.2,84.81,72.97,123.49,59.03,50.37,70.33,100.92,60.059999999999995,85.77,53.67,48.32,189.95154696132596,180.72403314917128,171.78983425414364,181.87022099447515,162.71204419889503,212.8281215469613,43,42,66,40,29,59
LU16,LU16_77,LU16_2023,169.4,-10.867005524861879,17.628,-40.74,60.2,2961.876,0.4351933701657459,8.224,0,78.77,71.482,180.65812154696133,46.8,308,305,305,317,306,305,120,120,120,120,112,119,27.548895027624308,51.96751381215469,38.502265193370164,45.883701657458566,14.404806629834255,20.611381215469613,54.06,96.82,58.53,78.82,28.42,42.59,174,181,181,169,172,144,-11.012071823204419,-11.720165745856354,-10.45488950276243,-12.596850828729282,-11.41342541436464,-8.149696132596684,19.96,18.48,17.2,12.71,21.11,18.64,-40.78,-38.05,-43.96,-39.82,-38.04,-43.83,66,62,60,80,59,40,2952.59,3088.65,2899.29,3307.05,3041.91,2472.48,0.47099447513812154,0.4759116022099448,0.40397790055248617,0.6847513812154696,0.33558011049723757,0.27574585635359117,3.74,4.64,5.73,20,4.42,6.33,0,0,0,0,0,0,85.25,86.14,73.12,123.94,60.74,49.91,70.92,102.47,64.94999999999999,85.94,55.300000000000004,48.75000000000001,188.88011049723758,179.7888950276243,169.58298342541437,180.89403314917126,161.88845303867404,211.13624309392264,44,41,66,39,29,59
LU16,LU16_80,LU16_2023,169.2,-10.822381215469614,17.686,-40.714,60,2953.638,0.43392265193370166,8.232,0,78.54,70.188,181.23754696132596,46.8,308,305,305,317,306,305,120,120,120,120,111,119,27.26082872928177,51.431657458563535,37.95558011049724,45.398563535911606,14.105635359116022,20.512707182320444,53.73,95.91,54.08,77.6,28.26,42.62,173,181,181,169,171,144,-10.967016574585635,-11.673508287292817,-10.40232044198895,-12.553011049723757,-11.372900552486188,-8.110165745856353,20.01,18.54,17.27,12.75,21.17,18.7,-40.75,-38.01,-43.9,-39.81,-38.02,-43.83,66,62,59,80,59,40,2943.78,3079.56,2889.14,3298.92,3034.67,2465.9,0.4688950276243094,0.47209944751381216,0.40099447513812153,0.6877348066298342,0.3294475138121547,0.27933701657458565,3.69,4.63,5.75,20,4.42,6.36,0,0,0,0,0,0,84.87,85.45,72.58,124.48,59.63,50.56,70.7,101.75,59.489999999999995,86.58000000000001,54.28,48.839999999999996,189.46773480662984,180.3007182320442,169.9095580110497,181.2779005524862,162.29121546961326,212.40834254143647,43,41,66,39,29,59
LU16,LU16_81,LU16_2023,169.2,-10.812027624309392,17.7,-40.702,60,2951.48,0.4325193370165746,8.234,0,78.286,69.924,181.40622099447515,46.8,308,305,305,317,306,305,120,120,120,120,111,119,27.069337016574586,51.15314917127072,37.87027624309392,45.13552486187845,14.019834254143646,20.292375690607734,53.46,95.45,53.98,77.17,28.13,42.32,173,181,181,169,171,144,-10.957762430939226,-11.659088397790056,-10.386491712707182,-12.54646408839779,-11.367044198895028,-8.101049723756907,20.05,18.57,17.3,12.76,21.16,18.71,-40.72,-37.97,-43.89,-39.81,-38.02,-43.82,66,62,59,80,59,40,2941.15,3076.08,2886.16,3298.27,3032.9900000000002,2463.9,0.4669060773480663,0.4712707182320442,0.3994475138121547,0.6857458563535912,0.32712707182320444,0.27900552486187846,3.68,4.65,5.73,20,4.43,6.36,0,0,0,0,0,0,84.51,85.3,72.3,124.12,59.21,50.5,70.42,101.42,59.289999999999985,86.38000000000001,53.96,48.57,189.6117679558011,180.6364640883978,170.12834254143647,181.18790055248618,162.36629834254143,212.71209944751382,43,41,66,39,29,59
LU16,LU16_83,LU16_2023,168.8,-10.775513812154696,17.8,-40.69,59.8,2944.97,0.4296353591160221,8.209999999999999,0,77.764,70.322,181.47727071823203,46.8,308,305,305,317,306,305,120,120,120,120,110,118,27.090828729281768,50.868287292817676,38.098508287292816,44.5585635359116,13.869723756906078,20.201160220994474,53.6,94.82,57.76,76.37,27.96,42.03,173,181,181,169,170,143,-10.908618784530386,-11.628011049723757,-10.34585635359116,-12.500441988950277,-11.323977900552487,-8.079281767955802,20.07,18.61,17.4,12.88,21.34,18.77,-40.72,-37.97,-43.8,-39.83,-38,-43.85,66,61,59,80,59,40,2933.43,3071.22,2877.39,3288.1,3026.75,2461.39,0.46480662983425414,0.46933701657458565,0.3954696132596685,0.6812154696132596,0.3250828729281768,0.27707182320441986,3.63,4.56,5.72,20,4.39,6.38,0,0,0,0,0,0,84.13,84.95,71.58,123.3,58.839999999999996,50.15,70.25,100.83,63.67000000000001,85.46000000000001,53.43,48.22,189.95729281767956,180.5642541436464,169.85834254143646,181.9249723756906,162.64475138121546,212.39403314917126,43,42,66,40,27,59
LU16,LU16_84,LU16_2023,169.2,-10.798419889502762,17.774,-40.702,59.8,2949.178,0.42992265193370166,8.202,0,77.816,70.378,181.2257679558011,47,308,305,305,317,306,305,120,120,120,120,111,119,27.245082872928176,51.10883977900553,37.422872928176794,44.74740331491713,14.089558011049723,20.381160220994474,53.81,95.22,56.73,77.13,28.02,42.3,173,181,181,169,171,144,-10.928232044198895,-11.650027624309393,-10.375082872928177,-12.523618784530386,-11.34367403314917,-8.099696132596685,20.05,18.59,17.36,12.85,21.32,18.75,-40.73,-37.99,-43.82,-39.83,-38.02,-43.85,66,61,59,80,59,40,2937.21,3075.37,2882.89,3292.04,3030.49,2465.1,0.4659668508287293,0.4707182320441989,0.396353591160221,0.6760220994475138,0.32933701657458564,0.2771823204419889,3.65,4.55,5.71,20,4.39,6.36,0,0,0,0,0,0,84.34,85.2,71.74,122.36,59.61,50.17,70.34,101.14,63.790000000000006,84.38,54.13,48.44999999999999,189.72939226519338,180.3378453038674,169.6417679558011,181.68812154696133,162.4532044198895,212.00790055248618,43,42,66,39,29,59
LU16,LU16_85,LU16_2023,169.2,-10.801872928176795,17.756,-40.704,60,2949.906,0.4313591160220994,8.212,0,78.076,70.628,181.26509392265194,47,308,305,305,317,306,305,120,120,120,120,111,119,27.282265193370165,51.25790055248619,37.63292817679558,44.992707182320444,14.159060773480663,20.43121546961326,53.78,95.5,57.1,77.52,28.11,42.42,173,181,181,169,171,144,-10.938950276243094,-11.65732044198895,-10.376077348066298,-12.526878453038673,-11.348729281767955,-8.1003591160221,20.03,18.57,17.36,12.84,21.28,18.73,-40.74,-38,-43.84,-39.83,-38,-43.85,66,62,59,80,59,40,2939.34,3077.16,2883.4,3293.17,3030.93,2464.87,0.4664640883977901,0.471767955801105,0.3985082872928177,0.6779558011049723,0.33055248618784533,0.2780110497237569,3.66,4.57,5.72,20,4.4,6.37,0,0,0,0,0,0,84.43,85.39,72.13,122.71,59.83,50.32,70.41,101.35,64.08,84.75999999999999,54.38,48.57,189.51723756906077,180.2382320441989,169.83900552486188,181.69270718232045,162.41171270718232,212.14381215469612,43,42,66,39,29,59
LU16,LU16_88,LU16_2023,169.2,-10.807077348066299,17.714,-40.706,60,2950.8140000000003,0.4330718232044199,8.23,0,78.386,70.014,181.36398895027625,47,308,305,305,317,306,305,120,120,120,120,111,119,27.20801104972376,51.27685082872928,37.78662983425414,45.23762430939227,14.066077348066298,20.42265193370166,53.7,95.63,53.82,77.38,28.21,42.47,173,181,181,169,171,144,-10.9503591160221,-11.658646408839779,-10.38414364640884,-12.536215469613259,-11.358204419889503,-8.09817679558011,20.02,18.56,17.31,12.78,21.21,18.71,-40.74,-38,-43.88,-39.81,-38.01,-43.83,66,62,59,80,59,40,2940.79,3076.84,2885.59,3295.67,3032.11,2463.86,0.46806629834254143,0.47121546961325966,0.40005524861878455,0.6862430939226519,0.3287845303867403,0.279060773480663,3.67,4.61,5.75,20,4.42,6.37,0,0,0,0,0,0,84.72,85.29,72.41,124.21,59.51,50.51,70.66000000000001,101.53999999999999,59.349999999999994,86.37,54.12,48.69,189.6578453038674,180.4156906077348,170.003591160221,181.4632044198895,162.42066298342542,212.5167955801105,43,42,66,39,29,59
LU2,LU2_100,LU2_2021,170,-8.304022099447513,19.904,-41.228,44.6,2475.84,0.49501657458563536,9.56,0,89.598,82.584,228.8452044198895,56.6,324,305,308,307,305,320,108,120,120,120,120,120,2.0903314917127074,40.99187845303867,21.666022099447513,16.605414364640882,36.505690607734806,43.21348066298343,7.39,72.26,42.45,42.98,66.33,82.39,108,181,161,173,169,166,-6.272817679558011,-9.11585635359116,-8.223314917127071,-8.430220994475139,-6.735524861878453,-9.015193370165745,15.2,26.4,17.82,19.81,20.34,15.15,-35.55,-39.47,-39.04,-41.4,-43.82,-42.41,38,48,45,46,35,49,1948.37,2607.27,2435.3,2488.85,2226.93,2620.85,0.5839779005524862,0.42243093922651936,0.5604419889502762,0.368121546961326,0.4139779005524862,0.710110497237569,25.86,7.83,11.2,7.7,8.83,12.24,0,0,0,0,0,0,105.7,76.46,101.44,66.63,74.93,128.53,26.48,89.49000000000001,80.57000000000001,59.28,91.89,91.69,295.39049723756904,214.17082872928177,219.21093922651934,219.71834254143647,243.94558011049725,247.1803314917127,29,49,48,49,73,64
LU2,LU2_100_24,LU2_2024,154.2,-7.1676408839779,19.580000000000002,-41.034,37.2,2251.434,0.46304972375690606,10.516,0,83.812,83.054,248.429591160221,57.6,307,305,320,306,305,328,120,120,120,102,102,120,16.605414364640882,36.505690607734806,43.21348066298343,10.853370165745856,12.560220994475138,54.10795580110497,42.98,66.33,82.39,31.35,28.85,90.3,173,169,166,162,116,158,-8.430220994475139,-6.735524861878453,-9.015193370165745,-8.414834254143646,-4.886270718232044,-6.786381215469613,19.81,20.34,15.15,20.07,21.17,21.17,-41.4,-43.82,-42.41,-38.06,-42.29,-38.59,46,35,49,39,24,39,2488.85,2226.93,2620.85,2422.77,1791.05,2195.57,0.368121546961326,0.4139779005524862,0.710110497237569,0.4738121546961326,0.19685082872928178,0.5204972375690607,7.7,8.83,12.24,12.13,5.52,13.86,0,0,0,0,0,0,66.63,74.93,128.53,85.76,35.63,94.21,59.28,91.89,91.69,63.43000000000001,42.28,125.98,219.71834254143647,243.94558011049725,247.1803314917127,211.56480662983427,267.5546408839779,271.90259668508287,49,73,64,49,45,57
LU2,LU2_101,LU2_2021,173.2,-8.711740331491713,19.438,-41.06,46.2,2540.3,0.542707182320442,9.398,0,98.23,89.062,226.42365745856355,57,324,305,308,307,305,320,108,120,120,120,120,120,4.048508287292818,41.41060773480663,24.311160220994473,23.069171270718233,40.235082872928174,55.58458563535912,11.09,74.31,45.66,55.91,71.79,102.61,115,181,168,176,175,166,-6.697154696132596,-9.574889502762431,-8.666187845303867,-8.899337016574586,-7.069613259668508,-9.348674033149171,15.49,25.67,17.5,19.38,20.07,14.57,-35.91,-39.15,-39.13,-40.95,-43.71,-42.36,38,48,50,48,35,50,2012.09,2680.9900000000002,2507.65,2566.73,2280.71,2665.42,0.6696685082872929,0.455414364640884,0.5655248618784531,0.45298342541436465,0.42138121546961327,0.8182320441988951,26.41,8.85,9.75,8.17,8.65,11.57,0,0,0,0,0,0,121.21,82.43,102.36,81.99,76.27,148.1,33.97,87.72,82.56,69.78,94.74000000000001,110.50999999999999,300.5061878453039,209.44712707182322,216.76060773480663,220.1289502762431,237.89867403314918,247.8829281767956,35,48,54,49,72,62
LU2,LU2_101_24,LU2_2024,159.4,-7.677099447513812,18.759999999999998,-41.226,39.6,2318.09,0.5466519337016574,10.697999999999999,0,98.94399999999999,100.322,247.69323756906078,58.4,307,305,320,306,305,328,120,120,120,107,112,120,24.594972375690606,41.385469613259666,56.133591160220995,16.365580110497238,18.471602209944752,75.0682320441989,59.03,73.86,103.32,43.34,41.88,125.83,176,175,166,167,131,158,-9.024779005524861,-7.172817679558011,-9.477596685082872,-8.958950276243094,-5.285,-7.491132596685083,19.1,19.82,14.6,18.41,20.75,20.22,-40.94,-43.68,-42.34,-38.77,-42.2,-39.14,48,36,51,41,25,45,2575.65,2288.41,2679.43,2490.78,1838.31,2293.52,0.48552486187845306,0.43502762430939224,0.8329281767955801,0.566353591160221,0.2796132596685083,0.6193370165745856,8.2,9.11,11.54,10.86,8.79,13.19,0,0,0,0,0,0,87.88,78.74,150.76,102.50999999999999,50.61,112.1,73.39,97.17999999999998,111.28,81.52,57.730000000000004,153.90000000000003,222.12475138121548,239.1203867403315,247.27740331491714,214.1753038674033,273.61475138121546,264.2783425414365,49,72,60,47,54,59
LU2,LU2_106,LU2_2021,170.2,-8.338337016574586,19.796,-41.412,44.6,2476.194,0.4961657458563536,9.59,0,89.806,82.16199999999999,228.7139447513812,56.8,324,305,308,307,312,320,108,120,120,120,120,120,2.396132596685083,41.1285635359116,21.312817679558012,15.443314917127072,35.03878453038674,45.313149171270716,7.76,72.45,41.23,41.43,63.86,86.13,109,181,162,173,169,166,-6.302348066298342,-9.163922651933701,-8.29146408839779,-8.482458563535912,-6.757817679558011,-8.996022099447513,15.28,26.38,17.95,19.81,20.24,14.6,-35.67,-39.77,-39.34,-41.39,-43.89,-42.67,38,48,46,45,35,49,1946.92,2609.02,2444.23,2491.16,2220.83,2615.73,0.6198895027624309,0.44011049723756906,0.5520441988950276,0.36790055248618786,0.41082872928176795,0.7099447513812155,27.05,8.16,11.02,7.91,9.36,11.5,0,0,0,0,0,0,112.2,79.66,99.92,66.59,74.36,128.5,29.22,88.82,79.64,57.63999999999999,89.85000000000001,94.85999999999999,299.362817679558,215.29204419889504,218.67519337016574,218.8503314917127,243.6863535911602,247.06580110497237,30,49,49,49,73,64
LU2,LU2_106_24,LU2_2024,155.2,-7.204397790055249,19.414,-40.996,37.2,2258.108,0.4585303867403315,10.248,0,82.994,80.48,245.78201104972376,58.8,307,312,320,306,305,328,120,120,120,106,103,120,15.443314917127072,35.03878453038674,45.313149171270716,12.23475138121547,13.521823204419888,43.1039226519337,41.43,63.86,86.13,33.62,31.1,72.43,173,169,166,166,117,158,-8.482458563535912,-6.757817679558011,-8.996022099447513,-8.557403314917128,-4.951961325966851,-6.75878453038674,19.81,20.24,14.6,20.03,21.23,20.97,-41.39,-43.89,-42.67,-38.14,-42.39,-37.89,45,35,49,40,24,38,2491.16,2220.83,2615.73,2459.96,1810.87,2183.15,0.36790055248618786,0.41082872928176795,0.7099447513812155,0.47668508287292816,0.20475138121546962,0.49044198895027624,7.91,9.36,11.5,10.81,5.76,13.81,0,0,0,0,0,0,66.59,74.36,128.5,86.28,37.06,88.77,57.63999999999999,89.85000000000001,94.85999999999999,65.82,43.94,107.93,218.8503314917127,243.6863535911602,247.06580110497237,205.58005524861878,265.61027624309395,266.9675690607735,49,73,64,52,46,59
LU2,LU2_110,LU2_2021,173.4,-8.920226519337017,18.92,-40.992,47.2,2555.784,0.5735690607734807,9.634,0,103.816,92.642,229.12608839779006,53.6,324,305,308,307,305,320,109,120,120,120,120,120,5.066132596685083,43.55342541436464,25.683425414364642,25.93149171270718,42.04270718232044,53.1078453038674,13.82,79.75,47.95,61.93,75.54,98.02,121,181,169,176,175,166,-6.972348066298342,-9.855414364640884,-8.79767955801105,-9.09621546961326,-7.252154696132597,-9.599668508287293,15.49,24.82,16.69,18.85,19.55,14.69,-35.73,-39.09,-38.97,-41,-43.65,-42.25,40,49,51,48,36,52,2043.08,2717.52,2505.2,2573.82,2291.58,2690.8,0.722817679558011,0.5008287292817679,0.5915469613259668,0.5119337016574586,0.4396685082872928,0.8238674033149171,25.95,8.27,10.07,8.36,9.79,11.68,0,0,0,0,0,0,130.83,90.65,107.07,92.66,79.58,149.12,38.7,92.94,86.7,77.42999999999999,99.45999999999998,106.68,302.51469613259667,211.70436464088397,220.04116022099447,225.78265193370166,241.1722099447514,246.93005524861877,39,42,52,45,70,59
LU2,LU2_110_24,LU2_2024,159.8,-7.7596022099447515,18.616,-41.288,40,2321.3379999999997,0.5519226519337016,10.952,0,99.898,101.43199999999999,249.21491712707183,57.6,307,305,320,306,305,328,120,120,120,106,114,120,25.93149171270718,42.04270718232044,53.1078453038674,15.409060773480663,20.593204419889503,79.96447513812154,61.93,75.54,98.02,40.27,44.1,133.16,176,175,166,166,134,158,-9.09621546961326,-7.252154696132597,-9.599668508287293,-8.992900552486187,-5.3582044198895025,-7.5950828729281765,18.85,19.55,14.69,18.1,20.32,20.42,-41,-43.65,-42.25,-38.85,-42.14,-39.55,48,36,52,41,26,45,2573.82,2291.58,2690.8,2479.95,1837.8799999999999,2306.48,0.5119337016574586,0.4396685082872928,0.8238674033149171,0.5580662983425414,0.27950276243093924,0.6585082872928176,8.36,9.79,11.68,11.79,7.98,13.52,0,0,0,0,0,0,92.66,79.58,149.12,101.01,50.59,119.19,77.42999999999999,99.45999999999998,106.68,78.08,61.43,161.51,225.78265193370166,241.1722099447514,246.93005524861877,216.4299447513812,274.3400552486188,267.20232044198895,45,70,59,47,54,58
LU2,LU2_119,LU2_2021,170,-8.300281767955802,19.906,-41.246,44.8,2474.3940000000002,0.4923425414364641,9.572,0,89.114,81.976,228.69367955801104,56.6,324,305,308,307,305,320,108,120,120,120,120,120,2.1593370165745855,41.07038674033149,21.48060773480663,15.817016574585635,36.35734806629834,43.01917127071823,7.36,72.26,42.39,40.36,66.11,82.14,108,181,161,173,169,166,-6.26878453038674,-9.114668508287293,-8.219309392265194,-8.424723756906078,-6.732790055248619,-9.009917127071823,15.18,26.4,17.81,19.81,20.34,15.17,-35.54,-39.51,-39.06,-41.4,-43.83,-42.43,38,48,45,46,35,50,1947.13,2606.48,2433.9,2486.52,2225.3,2619.77,0.585635359116022,0.42530386740331494,0.5585082872928177,0.35552486187845306,0.41408839779005524,0.7082872928176795,25.88,7.85,11.26,7.73,8.79,12.23,0,0,0,0,0,0,106,76.98,101.09,64.35000000000001,74.95,128.2,26.509999999999998,89.51,80.25,56.900000000000006,91.74999999999999,91.47,295.7069060773481,214.3699447513812,218.92436464088397,218.60232044198895,244.28801104972376,247.28375690607734,29,49,48,50,73,63
LU2,LU2_123,LU2_2021,170.8,-8.549243093922652,19.474,-41.046,46,2505.392,0.5245966850828729,9.61,0,94.952,85.922,230.0843535911602,55.4,324,305,308,307,305,320,108,120,120,120,120,120,3.0481767955801105,42.2046408839779,23.07889502762431,19.96292817679558,39.13480662983425,45.00265193370166,9.76,75.09,43.52,49.62,70.76,84.73,112,181,163,175,169,166,-6.5603591160220995,-9.396187845303867,-8.432651933701658,-8.685552486187845,-6.950718232044199,-9.28110497237569,15.28,25.72,17.26,19.39,20.08,14.92,-35.54,-39.19,-38.86,-41.27,-43.71,-42.2,39,49,48,46,36,51,1987.65,2647.59,2456.16,2518.26,2252.45,2652.5,0.6332044198895028,0.45861878453038674,0.5796685082872928,0.4145303867403315,0.42243093922651936,0.7477348066298343,25.35,7.64,10.85,7.82,9.39,12.35,0,0,0,0,0,0,114.61,83.01,104.92,75.03,76.46,135.34,29.5,91.35000000000001,83.72,64.94999999999999,95.25999999999999,94.33,299.9558563535912,213.88392265193372,221.94116022099448,223.2992817679558,243.693591160221,247.60381215469613,32,47,50,49,72,59
LU2,LU2_123_24,LU2_2024,155.2,-7.401226519337016,19.276,-41.334,38.6,2277.866,0.49811049723756906,10.838,0,90.158,90.288,250.34644198895026,55.8,307,305,320,306,305,328,120,120,120,105,104,120,19.96292817679558,39.13480662983425,45.00265193370166,12.252099447513812,14.185303867403315,68.48375690607735,49.62,70.76,84.73,32.99,31.82,113.78,175,169,166,165,118,158,-8.685552486187845,-6.950718232044199,-9.28110497237569,-8.590939226519337,-5.074723756906077,-7.108646408839779,19.39,20.08,14.92,19.28,20.88,21.22,-41.27,-43.71,-42.2,-39.01,-42.24,-39.51,46,36,51,40,25,41,2518.26,2252.45,2652.5,2427.09,1806,2251.29,0.4145303867403315,0.42243093922651936,0.7477348066298343,0.5107182320441989,0.21591160220994474,0.5937569060773481,7.82,9.39,12.35,13.03,5.75,13.67,0,0,0,0,0,0,75.03,76.46,135.34,92.44,39.08,107.47,64.94999999999999,95.25999999999999,94.33,68.64,46.33,146.87999999999997,223.2992817679558,243.693591160221,247.60381215469613,217.72745856353592,270.7492817679558,271.95806629834254,49,72,59,47,44,57
LU2,LU2_13,LU2_2021,173.4,-8.86078453038674,19.142,-40.967999999999996,47.2,2556.414,0.560828729281768,9.588,0,101.50999999999999,91.02,227.13067403314918,55.2,324,305,308,307,305,320,113,120,120,120,120,120,4.854419889502762,42.07624309392265,24.90038674033149,24.62254143646409,41.718895027624306,56.14745856353591,12.7,76.16,46.68,58.85,74.54,103.32,124,181,169,176,175,166,-6.8829558011049725,-9.771961325966851,-8.769640883977901,-9.045386740331491,-7.19610497237569,-9.520828729281767,15.53,25.15,17.01,19.04,19.79,14.72,-35.85,-39.02,-38.99,-40.91,-43.66,-42.26,40,49,51,48,36,52,2036.35,2710.18,2512.55,2579.59,2293.94,2685.81,0.702596685082873,0.47209944751381216,0.5734254143646409,0.48337016574585634,0.43607734806629833,0.839171270718232,26.12,8.78,9.74,8.16,9.48,11.78,0,0,0,0,0,0,127.17,85.45,103.79,87.49,78.92999999999999,151.89,41.19,89.03,83.83,73.06,97.75000000000001,111.42999999999999,301.3218232044199,208.79077348066298,217.70375690607736,222.04337016574584,239.4646408839779,247.65082872928178,42,44,53,49,70,60
LU2,LU2_137,LU2_2021,171.2,-8.541403314917126,19.54,-41.138,46.2,2509.178,0.5212375690607735,9.372,0,94.344,85.692,228.37954696132599,56.2,324,305,308,307,305,320,108,120,120,120,120,120,3.211767955801105,41.596353591160224,23.51436464088398,20.247624309392265,38.99469613259669,46.43662983425414,9.71,73.82,44.14,50.67,70.35,87.32,113,181,164,175,170,166,-6.542182320441989,-9.387817679558012,-8.47488950276243,-8.700110497237569,-6.938646408839779,-9.205552486187845,15.31,25.9,17.54,19.52,20.06,14.68,-35.72,-39.29,-39.07,-41.21,-43.76,-42.36,39,49,50,47,35,50,1986.67,2648.49,2472.87,2529.11,2255.73,2639.69,0.6380110497237569,0.4470165745856354,0.5696685082872928,0.4192817679558011,0.4161878453038674,0.7540331491712707,25.79,7.79,10.5,8.19,8.73,11.65,0,0,0,0,0,0,115.48,80.91,103.11,75.89,75.33,136.48,31.18,89.14999999999998,82.8,65.63,94.39000000000001,96.48999999999998,300.4239779005525,211.86983425414365,219.56226519337017,221.31723756906078,241.1828729281768,247.96552486187846,33,48,50,49,73,61
LU2,LU2_137_24,LU2_2024,156.6,-7.385817679558011,19.22,-41.296,38.4,2280.818,0.48427624309392264,10.172,0,87.654,86.60799999999999,247.11362430939226,57.6,307,305,320,306,305,328,120,120,120,105,105,120,20.247624309392265,38.99469613259669,46.43662983425414,12.608121546961327,14.701049723756906,55.65110497237569,50.67,70.35,87.32,34.53,33.63,92.27,175,170,166,165,124,158,-8.700110497237569,-6.938646408839779,-9.205552486187845,-8.655939226519337,-5.076933701657459,-7.052016574585635,19.52,20.06,14.68,19.34,21.01,21.01,-41.21,-43.76,-42.36,-38.36,-42.28,-39.72,47,35,50,41,24,42,2529.11,2255.73,2639.69,2450.27,1814.72,2243.68,0.4192817679558011,0.4161878453038674,0.7540331491712707,0.49607734806629833,0.21828729281767956,0.5367955801104972,8.19,8.73,11.65,10.52,6.13,13.83,0,0,0,0,0,0,75.89,75.33,136.48,89.78999999999999,39.51,97.16,65.63,94.39000000000001,96.48999999999998,68.60000000000001,47.42999999999999,126.12999999999997,221.31723756906078,241.1828729281768,247.96552486187846,211.20513812154695,268.31353591160223,266.9010497237569,49,73,61,48,49,57
LU2,LU2_13_24,LU2_2024,159.2,-7.699414364640884,18.788,-40.988,39.8,2316.888,0.5508729281767956,10.896,0,99.708,101.06400000000001,249.0631491712707,57.8,307,305,320,306,305,328,120,120,120,106,112,120,24.62254143646409,41.718895027624306,56.14745856353591,16.031270718232044,18.499834254143646,77.7288950276243,58.85,74.54,103.32,43.31,41.93,130.49,176,175,166,166,131,158,-9.045386740331491,-7.19610497237569,-9.520828729281767,-8.922872928176796,-5.279447513812155,-7.577817679558011,19.04,19.79,14.72,18.32,20.64,20.47,-40.91,-43.66,-42.26,-38.85,-42.15,-38.02,48,36,52,41,25,45,2579.59,2293.94,2685.81,2474.74,1830.28,2299.67,0.48337016574585634,0.43607734806629833,0.839171270718232,0.5683977900552486,0.28187845303867404,0.6288397790055249,8.16,9.48,11.78,10.91,9.16,13.15,0,0,0,0,0,0,87.49,78.92999999999999,151.89,102.88,51.02,113.82,73.06,97.75000000000001,111.42999999999999,81.45,58.4,156.29000000000002,222.04337016574584,239.4646408839779,247.65082872928178,217.48093922651933,276.3834806629834,264.33585635359117,49,70,60,46,54,59
LU2,LU2_143,LU2_2021,173.6,-9.064453038674033,18.684,-40.892,47.2,2574.3199999999997,0.5877016574585635,9.874,0,106.37400000000001,94.452,228.28460773480663,53,324,305,308,307,305,320,113,120,120,120,120,120,5.743701657458564,43.52795580110497,26.972983425414366,27.401049723756906,43.07839779005525,55.24662983425414,14.95,80.35,50.17,63.79,77.34,101.45,128,181,169,177,175,166,-7.139613259668509,-10.043011049723757,-8.908204419889502,-9.241602209944752,-7.370497237569061,-9.758950276243095,15.55,24.37,16.3,18.56,19.34,14.85,-35.71,-38.95,-38.85,-40.91,-43.6,-42.15,40,50,50,48,36,52,2066.69,2747.23,2514.85,2590.97,2306.66,2711.89,0.7511049723756906,0.5087292817679558,0.5890055248618784,0.5338121546961326,0.4503314917127072,0.8566298342541436,25.8,8.85,9.92,8.25,10.49,11.86,0,0,0,0,0,0,135.95,92.08,106.61,96.62,81.51,155.05,44.67,93.27999999999999,86.24,81.39999999999999,101.28999999999999,110.05000000000001,302.1774033149171,209.4832044198895,219.002817679558,225.45314917127072,240.82093922651933,246.6629281767956,44,41,52,45,69,58
LU2,LU2_143_24,LU2_2024,160,-7.89732044198895,18.488,-41.28,40,2334.292,0.5789502762430939,11.426,0,104.79,107.254,250.35313812154698,56,307,305,320,306,305,328,120,120,120,106,115,120,27.401049723756906,43.07839779005525,55.24662983425414,15.99767955801105,22.56850828729282,91.02093922651933,63.79,77.34,101.45,42.26,47.86,151.99,177,175,166,166,135,158,-9.241602209944752,-7.370497237569061,-9.758950276243095,-9.070220994475138,-5.460801104972376,-7.826132596685083,18.56,19.34,14.85,17.63,19.92,20.7,-40.91,-43.6,-42.15,-39.56,-42.11,-38.98,48,36,52,41,26,45,2590.97,2306.66,2711.89,2476.44,1844.8,2331.67,0.5338121546961326,0.4503314917127072,0.8566298342541436,0.5845303867403315,0.2994475138121547,0.7038121546961326,8.25,10.49,11.86,12.38,9.05,13.35,0,0,0,0,0,0,96.62,81.51,155.05,105.8,54.2,127.39,81.39999999999999,101.28999999999999,110.05000000000001,81.38,65.83999999999999,177.71,225.45314917127072,240.82093922651933,246.6629281767956,220.5143093922652,277.75447513812156,266.01303867403317,45,69,58,43,53,57
LU2,LU2_15,LU2_2021,173.8,-9.006541436464088,18.868,-40.897999999999996,47.4,2572.304,0.5790055248618784,9.744,0,104.8,93.44800000000001,227.2413370165746,53.8,307,305,308,307,305,320,116,120,120,120,120,120,5.651823204419889,42.6114364640884,26.570773480662982,26.63149171270718,42.8546408839779,57.37817679558011,13.96,77.75,49.63,62.16,76.56,105.3,131,181,169,177,176,166,-7.063121546961326,-9.968370165745856,-8.879254143646408,-9.192651933701658,-7.316961325966851,-9.675469613259668,15.58,24.66,16.58,18.72,19.54,14.84,-35.81,-38.94,-38.9,-40.85,-43.61,-42.19,40,50,51,48,36,52,2059.71,2739.2,2519.44,2593.28,2306.35,2703.25,0.7395027624309393,0.48767955801104973,0.5802209944751381,0.5164088397790055,0.4491160220994475,0.8616022099447513,26.01,8.8,9.7,8.13,10.2,11.89,0,0,0,0,0,0,133.85,88.27,105.02,93.47,81.29,155.95,47.96,90.3,85.03999999999999,78.25,100.10000000000002,113.55,301.3429834254144,207.68988950276244,218.0454143646409,223.38906077348065,239.86447513812155,247.2178453038674,47,41,53,46,71,58
LU2,LU2_153,LU2_2021,171.8,-8.686265193370165,19.328,-40.948,46.4,2531.814,0.541767955801105,9.586,0,98.06,88.878,228.52288397790056,55.8,324,305,308,307,305,320,108,120,120,120,120,120,3.794806629834254,42.47458563535912,24.038839779005524,22.905801104972376,40.79690607734807,49.2139226519337,10.91,77.01,44.92,55.7,73.54,91.69,115,181,167,175,170,166,-6.701602209944752,-9.549558011049724,-8.58646408839779,-8.84621546961326,-7.0621546961325965,-9.386933701657458,15.4,25.51,17.18,19.28,19.9,14.77,-35.72,-38.99,-38.82,-41.09,-43.68,-42.16,39,48,50,47,36,51,2012.77,2676.62,2486.5099999999998,2551.82,2277.68,2666.44,0.6521546961325967,0.4649171270718232,0.581878453038674,0.4499447513812155,0.42220994475138124,0.789889502762431,25.3,7.94,10.19,8.24,9.58,11.98,0,0,0,0,0,0,118.04,84.15,105.32,81.44,76.42,142.97,33.69,91.89000000000001,84.78999999999999,69.92000000000002,96.94,100.85,300.08839779005524,212.01276243093923,218.99585635359117,222.86303867403316,240.54674033149172,248.1960220994475,35,47,53,48,72,59
LU2,LU2_155,LU2_2021,172.8,-9.153447513812154,18.596,-40.79,47.4,2586.718,0.5925635359116022,10.136,0,107.254,94.916,228.1505856353591,52.4,324,305,308,307,305,320,117,120,120,120,120,120,6.9832044198895025,43.37729281767956,26.956022099447516,28.131381215469613,43.58906077348066,55.43436464088398,22.4,79.97,50.14,65.09,78.4,101.66,140,181,169,177,171,166,-7.25317679558011,-10.155939226519337,-8.965220994475137,-9.325883977900553,-7.450524861878453,-9.869668508287292,15.58,24.08,16.22,18.36,19.21,15.11,-35.69,-38.8,-38.68,-40.87,-43.56,-42.04,40,50,50,48,37,52,2085.43,2766.7,2518.78,2601.28,2318.5,2728.33,0.7597790055248619,0.5069613259668508,0.59,0.5450276243093922,0.4518232044198895,0.8690055248618784,25.39,9.36,9.86,8.21,11.12,12.13,0,0,0,0,0,0,137.52,91.76,106.78999999999999,98.65,81.78,157.29,60.67,93.03999999999999,86.16000000000001,82.83000000000001,102.05,110.5,301.1250276243094,208.13812154696132,219.29723756906077,225.91917127071824,240.82093922651933,246.5774585635359,52,41,51,45,69,56
LU2,LU2_155_24,LU2_2024,159.2,-7.976668508287292,18.524,-41.22,40,2343.186,0.5924198895027625,11.838000000000001,0,107.228,109.94600000000001,251.69355801104973,54.8,307,305,320,306,305,328,120,120,120,106,115,120,28.131381215469613,43.58906077348066,55.43436464088398,15.90281767955801,23.403756906077348,97.58878453038675,65.09,78.4,101.66,42.27,49.58,164.11,177,171,166,166,135,158,-9.325883977900553,-7.450524861878453,-9.869668508287292,-9.100331491712707,-5.489972375690607,-7.972845303867404,18.36,19.21,15.11,17.35,19.93,21.02,-40.87,-43.56,-42.04,-40.39,-42.08,-38.03,48,37,52,41,25,45,2601.28,2318.5,2728.33,2470.06,1848.26,2350.78,0.5450276243093922,0.4518232044198895,0.8690055248618784,0.5952486187845304,0.3079558011049724,0.7380662983425414,8.21,11.12,12.13,12.82,9.49,13.63,0,0,0,0,0,0,98.65,81.78,157.29,107.74,55.74,133.59,82.83000000000001,102.05,110.5,81.99000000000001,67.78999999999999,187.40000000000003,225.91917127071824,240.82093922651933,246.5774585635359,224.27237569060773,280.47270718232045,266.3243093922652,45,69,56,41,53,55
LU2,LU2_15_24,LU2_2024,160.4,-7.837176795580111,18.592,-40.91,40,2329.016,0.5740110497237569,11.388,0,103.896,106.18599999999999,250.13867403314916,57,307,305,320,306,305,328,120,120,120,107,115,120,26.63149171270718,42.8546408839779,57.37817679558011,16.51513812154696,22.500165745856354,85.10049723756906,62.16,76.56,105.3,44.51,48.74,142.38,177,176,166,167,135,158,-9.192651933701658,-7.316961325966851,-9.675469613259668,-9.024198895027624,-5.390276243093923,-7.778977900552486,18.72,19.54,14.84,17.81,20.25,20.52,-40.85,-43.61,-42.19,-38.99,-42.1,-37.66,48,36,52,41,26,45,2593.28,2306.35,2703.25,2476.1,1837.16,2322.22,0.5164088397790055,0.4491160220994475,0.8616022099447513,0.5924861878453038,0.3020994475138122,0.6647513812154696,8.13,10.2,11.89,11.67,10.07,13.11,0,0,0,0,0,0,93.47,81.29,155.95,107.24,54.68,120.32000000000001,78.25,100.10000000000002,113.55,84.08,66.32,166.87999999999997,223.38906077348065,239.86447513812155,247.2178453038674,220.4186187845304,279.4509392265193,263.74149171270716,46,71,58,44,54,58
LU2,LU2_17,LU2_2021,172.8,-8.618740331491713,19.486,-41.089999999999996,46.2,2523.862,0.5338453038674034,9.438,0,96.626,87.84400000000001,228.0866629834254,57,324,305,308,307,305,320,108,120,120,120,120,120,3.465690607734807,42.09629834254144,23.95574585635359,21.948066298342543,39.740110497237566,49.64038674033149,10.21,75.92,44.96,54.07,71.48,92.59,114,181,167,175,175,166,-6.610497237569061,-9.468121546961326,-8.556602209944751,-8.78878453038674,-7.000580110497237,-9.279613259668508,15.38,25.79,17.49,19.46,20.04,14.65,-35.78,-39.21,-39.05,-41.12,-43.74,-42.33,39,49,50,47,35,50,1998.6,2663.32,2488.14,2546.56,2268.65,2652.64,0.6445856353591161,0.4594475138121547,0.575303867403315,0.43867403314917125,0.41613259668508285,0.7796685082872928,25.89,8.09,10.19,8.41,8.85,11.65,0,0,0,0,0,0,116.67,83.16,104.13,79.4,75.32,141.12,31.19,90.62,83.89999999999999,68.28,95.07000000000001,101.35000000000001,299.764861878453,212.416408839779,218.65618784530386,221.67,239.80370165745856,247.88701657458563,34,49,53,49,72,62
LU2,LU2_17_24,LU2_2024,158,-7.470569060773481,19.114,-41.194,38.8,2293.016,0.5003093922651933,10.196,0,90.556,90.27000000000001,246.87141436464088,57.8,307,305,320,306,305,328,120,120,120,106,106,120,21.948066298342543,39.740110497237566,49.64038674033149,13.560220994475138,15.405138121546962,61.073812154696135,54.07,71.48,92.59,37,34.99,102.35,175,175,166,166,125,158,-8.78878453038674,-7.000580110497237,-9.279613259668508,-8.746740331491713,-5.122044198895027,-7.203867403314917,19.46,20.04,14.65,19.11,21.01,20.76,-41.12,-43.74,-42.33,-38.73,-42.24,-38.93,47,35,50,41,24,44,2546.56,2268.65,2652.64,2465.47,1820.09,2258.23,0.43867403314917125,0.41613259668508285,0.7796685082872928,0.5096685082872928,0.24243093922651934,0.553646408839779,8.41,8.85,11.65,10.19,6.75,13.54,0,0,0,0,0,0,79.4,75.32,141.12,92.25,43.88,100.21,68.28,95.07000000000001,101.35000000000001,71.47,50.53,132.93,221.67,239.80370165745856,247.88701657458563,211.695635359116,269.8675138121547,265.1032044198895,49,72,62,47,49,59
LU2,LU2_18,LU2_2021,173.4,-8.937801104972376,18.904,-40.972,47.2,2558.716,0.5743867403314917,9.66,0,103.964,92.758,228.812773480663,53.4,324,305,308,307,305,320,112,120,120,120,120,120,5.193977900552486,43.52552486187845,25.75524861878453,25.727734806629833,42.18580110497238,53.682265193370164,13.93,79.78,48.12,61.44,75.77,98.97,124,181,169,176,175,166,-6.989585635359116,-9.877790055248619,-8.812348066298343,-9.114779005524861,-7.265331491712708,-9.618756906077348,15.5,24.77,16.65,18.82,19.53,14.75,-35.73,-39.06,-38.95,-40.98,-43.64,-42.23,40,49,51,48,36,52,2045.9,2721.61,2507.18,2576.98,2294.08,2693.73,0.7259668508287292,0.5,0.5917127071823205,0.5104972375690607,0.44116022099447516,0.8285635359116023,25.92,8.34,10.02,8.31,9.9,11.73,0,0,0,0,0,0,131.4,90.5,107.1,92.4,79.85,149.97,42,92.92,86.72999999999999,76.89999999999999,99.66000000000001,107.58,302.4160773480663,211.19110497237568,219.9363535911602,225.08569060773482,241.01596685082873,246.83475138121548,42,42,52,45,69,59
LU2,LU2_18_24,LU2_2024,159.8,-7.775994475138122,18.616,-41.262,40,2322.6639999999998,0.5536132596685083,11.026,0,100.204,103.21400000000001,249.1384419889503,57.4,307,305,320,306,305,328,120,120,120,106,114,120,25.727734806629833,42.18580110497238,53.682265193370164,15.533314917127072,20.88657458563536,84.13668508287293,61.44,75.77,98.97,40.82,44.73,140.13,176,175,166,166,134,158,-9.114779005524861,-7.265331491712708,-9.618756906077348,-8.998176795580111,-5.367209944751381,-7.6304972375690605,18.82,19.53,14.75,18.04,20.28,20.48,-40.98,-43.64,-42.23,-38.94,-42.13,-39.37,48,36,52,41,26,45,2576.98,2294.08,2693.73,2478.33,1838.01,2309.17,0.5104972375690607,0.44116022099447516,0.8285635359116023,0.5628729281767956,0.28281767955801107,0.6526519337016574,8.31,9.9,11.73,11.79,8.25,13.46,0,0,0,0,0,0,92.4,79.85,149.97,101.88,51.19,118.13,76.89999999999999,99.66000000000001,107.58,78.78,62.14,167.91000000000005,225.08569060773482,241.01596685082873,246.83475138121548,217.22270718232045,275.06613259668507,265.55265193370167,45,69,59,47,54,58
LU2,LU2_20,LU2_2021,171,-8.476546961325967,19.652,-41.154,45.8,2501.006,0.5124198895027624,9.39,0,92.748,84.62,228.26483977900554,56.4,324,305,308,307,305,320,108,120,120,120,120,120,2.892099447513812,41.37889502762431,22.981049723756907,19.20027624309392,38.55900552486188,45.21524861878453,8.93,73.32,43.19,48.44,69.68,85.16,112,181,163,175,170,166,-6.463314917127072,-9.308701657458563,-8.409696132596686,-8.626215469613259,-6.883121546961326,-9.155,15.27,26.06,17.63,19.61,20.13,14.83,-35.67,-39.32,-39.06,-41.26,-43.77,-42.36,39,49,49,46,35,50,1975.8700000000001,2636.9,2464.3,2519.21,2248.93,2635.69,0.622817679558011,0.4398342541436464,0.5667955801104972,0.4028729281767956,0.4138121546961326,0.7387845303867403,25.66,7.78,10.63,8.05,8.69,11.8,0,0,0,0,0,0,112.73,79.61,102.59,72.92,74.9,133.72,30.21,89.21,82.19,63.55,93.83000000000001,94.32,299.7761325966851,212.46209944751382,219.07883977900553,220.77209944751382,241.76011049723758,247.2510497237569,32,49,50,49,73,61
LU2,LU2_20_24,LU2_2024,156.4,-7.331298342541436,19.332,-41.226,38.4,2274.902,0.4748839779005525,10.248,0,85.95400000000001,84.648,246.77676243093921,58,307,305,320,306,305,328,120,120,120,105,104,120,19.20027624309392,38.55900552486188,45.21524861878453,12.127513812154696,14.134530386740332,53.215414364640885,48.44,69.68,85.16,33.37,32.35,88.39,175,170,166,165,123,158,-8.626215469613259,-6.883121546961326,-9.155,-8.60767955801105,-5.029806629834254,-6.980883977900552,19.61,20.13,14.83,19.53,21.09,21.08,-41.26,-43.77,-42.36,-38.29,-42.3,-39.41,46,35,50,41,24,42,2519.21,2248.93,2635.69,2447.78,1810.48,2231.63,0.4028729281767956,0.4138121546961326,0.7387845303867403,0.486353591160221,0.21204419889502762,0.5234254143646409,8.05,8.69,11.8,10.99,5.84,13.92,0,0,0,0,0,0,72.92,74.9,133.72,88.03,38.38,94.74,63.55,93.83000000000001,94.32,66.41999999999999,46.1,122.57,220.77209944751382,241.76011049723758,247.2510497237569,210.16386740331492,267.637182320442,267.07160220994473,49,73,61,49,49,58
LU2,LU2_21,LU2_2021,171,-8.484348066298342,19.648,-41.156,46,2503.02,0.5132154696132597,9.372,0,92.892,84.74,228.11941436464087,56.4,324,305,308,307,305,320,108,120,120,120,120,120,2.929779005524862,41.33314917127072,23.105027624309393,19.43961325966851,38.56149171270718,45.58828729281768,8.98,73.17,43.42,48.98,69.62,85.87,112,181,163,175,170,166,-6.4725690607734805,-9.317348066298342,-8.423232044198896,-8.638701657458563,-6.8900552486187845,-9.152403314917127,15.29,26.06,17.66,19.62,20.13,14.77,-35.7,-39.32,-39.07,-41.24,-43.78,-42.37,38,49,49,47,35,50,1977.83,2638.84,2467.81,2522.68,2251.12,2634.65,0.6230939226519336,0.4385082872928177,0.56646408839779006,0.405414364640884,0.41276243093922654,0.7429281767955801,25.72,7.79,10.57,8.13,8.65,11.72,0,0,0,0,0,0,112.78,79.37,102.53,73.38,74.71,134.47,30.21,88.9,82.17999999999999,63.89,93.69,95.04,299.6939779005525,212.04734806629835,218.95933701657458,220.67977900552486,241.27657458563536,247.63403314917127,32,49,50,49,73,61
LU2,LU2_21_24,LU2_2024,156.4,-7.334834254143646,19.318,-41.248,38.4,2275.676,0.4755580110497238,10.156,0,86.076,84.86,246.75164640883978,58,307,305,320,306,305,328,120,120,120,105,104,120,19.43961325966851,38.56149171270718,45.58828729281768,12.262209944751381,14.234033149171271,53.117845303867405,48.98,69.62,85.87,33.75,32.66,88.26,175,170,166,165,123,158,-8.638701657458563,-6.8900552486187845,-9.152403314917127,-8.610580110497237,-5.031602209944752,-6.989530386740332,19.62,20.13,14.77,19.52,21.12,21.05,-41.24,-43.78,-42.37,-38.33,-42.3,-39.46,47,35,50,41,24,42,2522.68,2251.12,2634.65,2447.88,1811.18,2233.55,0.405414364640884,0.41276243093922654,0.7429281767955801,0.48718232044198895,0.21232044198895028,0.5225966850828729,8.13,8.65,11.72,10.6,5.94,13.87,0,0,0,0,0,0,73.38,74.71,134.47,88.17999999999999,38.43,94.59,63.89,93.69,95.04,67.12,46.24999999999999,122.2,220.67977900552486,241.27657458563536,247.63403314917127,210.41055248618784,267.67049723756907,266.76657458563534,49,73,61,49,49,58
LU2,LU2_24,LU2_2021,170,-8.370475138121547,19.752,-41.256,45,2478.88,0.5012044198895027,9.618,0,90.718,82.812,229.0975138121547,56.4,324,305,308,307,305,320,108,120,120,120,120,120,2.373812154696133,41.64524861878453,21.829779005524863,15.647624309392265,36.58596685082873,43.9675138121547,8.05,73.65,42.72,40.08,66.48,83.67,109,181,161,173,169,166,-6.3556906077348065,-9.199972375690608,-8.276408839779005,-8.49292817679558,-6.7940883977900555,-9.088977900552486,15.17,26.18,17.63,19.67,20.29,14.99,-35.52,-39.54,-39.08,-41.39,-43.82,-42.45,39,48,46,46,35,50,1955.79,2615.57,2435.65,2488.29,2226.58,2628.31,0.6088397790055249,0.4446408839779006,0.5638674033149171,0.361767955801105,0.41651933701657456,0.7192265193370165,26.01,7.91,11.28,7.77,8.86,12.27,0,0,0,0,0,0,110.2,80.48,102.06,65.48,75.39,130.18,27.6,90.59000000000002,81.02999999999999,57.169999999999995,92.26000000000002,93.00999999999999,297.6649723756906,215.3024861878453,219.49270718232043,218.81906077348066,244.57342541436464,247.29988950276243,30,48,48,48,74,64
LU2,LU2_25,LU2_2021,171,-8.540541436464089,19.516,-41.104,46.2,2506.252,0.5211602209944751,9.475999999999999,0,94.33,85.548,228.99301657458562,55.8,324,305,308,307,305,320,108,120,120,120,120,120,3.143038674033149,41.85292817679558,23.27022099447514,19.88414364640884,38.80524861878453,45.41033149171271,9.69,74.45,43.56,49.67,70.32,85.52,112,181,163,175,170,166,-6.541685082872928,-9.386629834254144,-8.450303867403315,-8.685524861878452,-6.93939226519337,-9.24085635359116,15.29,25.82,17.4,19.46,20.07,14.83,-35.61,-39.26,-38.98,-41.24,-43.74,-42.3,39,49,50,46,35,51,1985.09,2646.86,2463.84,2521.87,2252.67,2646.02,0.6356906077348067,0.4530386740331492,0.5738674033149171,0.4145303867403315,0.42027624309392264,0.7440883977900552,25.53,7.73,10.69,7.97,9.04,11.95,0,0,0,0,0,0,115.06,82,103.87,75.03,76.07,134.68,30.44,90.3,83.14999999999999,64.95,94.50000000000001,94.83999999999999,299.91767955801106,212.83204419889503,220.22491712707182,222.07453038674032,242.58309392265193,247.25049723756905,32,48,50,49,73,59
LU2,LU2_25_24,LU2_2024,156.4,-7.399867403314917,19.236,-41.218,38.6,2280.842,0.48625414364640884,10.558,0,88.012,86.86399999999999,247.5786850828729,57,307,305,320,306,305,328,120,120,120,105,104,120,19.88414364640884,38.80524861878453,45.41033149171271,12.162209944751382,14.47220994475138,58.624198895027625,49.67,70.32,85.52,33.51,32.78,97.46,175,170,166,165,123,158,-8.685524861878452,-6.93939226519337,-9.24085635359116,-8.650469613259668,-5.088259668508288,-7.080359116022099,19.46,20.07,14.83,19.28,20.91,21.09,-41.24,-43.74,-42.3,-38.33,-42.27,-39.45,46,35,51,41,24,42,2521.87,2252.67,2646.02,2446.09,1813.93,2245.5,0.4145303867403315,0.42027624309392264,0.7440883977900552,0.4977900552486188,0.21883977900552487,0.5502762430939226,7.97,9.04,11.95,11.83,5.91,14.06,0,0,0,0,0,0,75.03,76.07,134.68,90.1,39.61,99.6,64.95,94.50000000000001,94.83999999999999,66.96,47.2,130.81999999999996,222.07453038674032,242.58309392265193,247.25049723756905,211.80668508287292,268.4619337016575,267.79121546961323,49,73,59,48,48,57
LU2,LU2_26,LU2_2021,172.8,-9.153447513812154,18.596,-40.79,47.4,2586.718,0.5925635359116022,10.136,0,107.254,94.916,228.1505856353591,52.4,324,305,308,307,305,320,117,120,120,120,120,120,6.9832044198895025,43.37729281767956,26.956022099447516,28.131381215469613,43.58906077348066,55.43436464088398,22.4,79.97,50.14,65.09,78.4,101.66,140,181,169,177,171,166,-7.25317679558011,-10.155939226519337,-8.965220994475137,-9.325883977900553,-7.450524861878453,-9.869668508287292,15.58,24.08,16.22,18.36,19.21,15.11,-35.69,-38.8,-38.68,-40.87,-43.56,-42.04,40,50,50,48,37,52,2085.43,2766.7,2518.78,2601.28,2318.5,2728.33,0.7597790055248619,0.5069613259668508,0.59,0.5450276243093922,0.4518232044198895,0.8690055248618784,25.39,9.36,9.86,8.21,11.12,12.13,0,0,0,0,0,0,137.52,91.76,106.78999999999999,98.65,81.78,157.29,60.67,93.03999999999999,86.16000000000001,82.83000000000001,102.05,110.5,301.1250276243094,208.13812154696132,219.29723756906077,225.91917127071824,240.82093922651933,246.5774585635359,52,41,51,45,69,56
LU2,LU2_26_24,LU2_2024,159.2,-7.976668508287292,18.524,-41.22,40,2343.186,0.5924198895027625,11.838000000000001,0,107.228,109.94600000000001,251.69355801104973,54.8,307,305,320,306,305,328,120,120,120,106,115,120,28.131381215469613,43.58906077348066,55.43436464088398,15.90281767955801,23.403756906077348,97.58878453038675,65.09,78.4,101.66,42.27,49.58,164.11,177,171,166,166,135,158,-9.325883977900553,-7.450524861878453,-9.869668508287292,-9.100331491712707,-5.489972375690607,-7.972845303867404,18.36,19.21,15.11,17.35,19.93,21.02,-40.87,-43.56,-42.04,-40.39,-42.08,-38.03,48,37,52,41,25,45,2601.28,2318.5,2728.33,2470.06,1848.26,2350.78,0.5450276243093922,0.4518232044198895,0.8690055248618784,0.5952486187845304,0.3079558011049724,0.7380662983425414,8.21,11.12,12.13,12.82,9.49,13.63,0,0,0,0,0,0,98.65,81.78,157.29,107.74,55.74,133.59,82.83000000000001,102.05,110.5,81.99000000000001,67.78999999999999,187.40000000000003,225.91917127071824,240.82093922651933,246.5774585635359,224.27237569060773,280.47270718232045,266.3243093922652,45,69,56,41,53,55
LU2,LU2_27,LU2_2021,170.8,-8.64243093922652,19.298000000000002,-41.032000000000004,46.2,2515.38,0.5349834254143646,9.652,0,96.832,87.00399999999999,229.67049723756907,53.8,324,305,308,307,305,320,108,120,120,120,120,120,3.701988950276243,42.55939226519337,23.665524861878453,20.94486187845304,39.58132596685083,45.9339226519337,11.28,76.14,44.03,51.62,71.46,86.18,114,181,163,175,169,166,-6.670994475138122,-9.51121546961326,-8.514861878453038,-8.78096685082873,-7.028701657458564,-9.376408839779005,15.32,25.46,17.05,19.23,19.98,14.77,-35.54,-39.17,-38.86,-41.23,-43.7,-42.2,39,49,48,46,36,52,2001.41,2663.39,2463.7400000000002,2527.07,2259.63,2663.07,0.6617679558011049,0.4732044198895028,0.5833149171270718,0.4338121546961326,0.4246961325966851,0.759889502762431,25.34,7.86,10.76,7.87,9.53,12.24,0,0,0,0,0,0,119.78,85.65,105.58,78.52,76.87,137.54,33.76,91.86,84.42999999999999,67.22999999999999,95.78999999999998,95.71,300.82403314917127,213.38552486187845,221.39508287292819,223.84116022099448,242.6500552486188,247.0806629834254,34,44,49,46,72,58
LU2,LU2_27_24,LU2_2024,155.4,-7.493546961325967,19.112,-41.376,38.8,2287.916,0.5067182320441989,10.952,0,91.716,91.366,249.2803093922652,55.6,307,305,320,306,305,328,120,120,120,105,105,120,20.94486187845304,39.58132596685083,45.9339226519337,12.474033149171271,14.954585635359116,69.60038674033149,51.62,71.46,86.18,33.89,33.28,115.75,175,169,166,165,119,158,-8.78096685082873,-7.028701657458564,-9.376408839779005,-8.68450276243094,-5.153977900552486,-7.22414364640884,19.23,19.98,14.77,18.97,20.74,21.1,-41.23,-43.7,-42.2,-39.18,-42.22,-39.58,46,36,52,40,25,41,2527.07,2259.63,2663.07,2435.92,1814.96,2266,0.4338121546961326,0.4246961325966851,0.759889502762431,0.51646408839779,0.22513812154696133,0.6074033149171271,7.87,9.53,12.24,13.09,5.97,13.93,0,0,0,0,0,0,78.52,76.87,137.54,93.48,40.75,109.94,67.22999999999999,95.78999999999998,95.71,69.06,48.12,148.15,223.84116022099448,242.6500552486188,247.0806629834254,215.61220994475138,270.72662983425414,270.33198895027624,46,72,58,46,45,57
LU2,LU2_29,LU2_2021,172.6,-8.572342541436464,19.558,-41.248000000000005,45.8,2515.214,0.52846408839779,9.262,0,95.652,87.038,228.42706077348066,57,324,305,308,307,305,320,108,120,120,120,120,120,3.338839779005525,42.15933701657458,24.143922651933703,21.163425414364642,38.469447513812156,50.10160220994475,9.91,75.88,45.54,52.78,69.14,93.54,115,181,166,175,175,166,-6.549226519337017,-9.422375690607735,-8.541546961325967,-8.751988950276242,-6.954613259668508,-9.191187845303867,15.35,25.95,17.71,19.57,20.12,14.44,-35.81,-39.46,-39.31,-41.17,-43.78,-42.52,38,49,49,47,34,50,1985.64,2652.85,2487.7,2539.23,2257.13,2639.16,0.6533149171270718,0.46314917127071825,0.5659668508287293,0.4341988950276243,0.4102209944751381,0.7687845303867403,26.58,8.13,10.27,8.49,8.26,11.16,0,0,0,0,0,0,118.25,83.83,102.44,78.59,74.25,139.15,31.71,90.34,82.61,67.41,92.87,101.96000000000001,301.2517127071823,213.71088397790055,219.34049723756905,221.67243093922653,239.72828729281767,247.6832044198895,35,49,51,49,74,62
LU2,LU2_29_24,LU2_2024,157.8,-7.412955801104973,19.16,-41.218,38.6,2288.048,0.4878674033149171,9.804,0,88.304,87.134,245.3524861878453,58.4,307,305,320,306,305,328,120,120,120,106,105,120,21.163425414364642,38.469447513812156,50.10160220994475,13.87160220994475,15.376298342541437,52.70712707182321,52.78,69.14,93.54,37.71,35.45,86.49,175,175,166,166,124,158,-8.751988950276242,-6.954613259668508,-9.191187845303867,-8.76328729281768,-5.112651933701658,-7.043038674033149,19.57,20.12,14.44,19.31,21.15,20.78,-41.17,-43.78,-42.52,-38.24,-42.31,-39.24,47,34,50,42,24,43,2539.23,2257.13,2639.16,2480.65,1828.59,2234.71,0.4341988950276243,0.4102209944751381,0.7687845303867403,0.5061878453038674,0.23204419889502761,0.5220994475138122,8.49,8.26,11.16,9.91,6.31,13.38,0,0,0,0,0,0,78.59,74.25,139.15,91.62,42,94.5,67.41,92.87,101.96000000000001,71.83,48.510000000000005,120.5,221.67243093922653,239.72828729281767,247.6832044198895,208.03193370165747,266.9256906077348,264.3933149171271,49,74,62,48,50,58
LU2,LU2_3,LU2_2021,173.4,-8.909364640883979,18.958,-41.07,47.2,2553.274,0.5763204419889503,9.514,0,104.31400000000001,92.82000000000001,229.3006740331492,54,324,305,308,307,305,320,109,120,120,120,120,120,5.130773480662984,43.65209944751381,26.195690607734807,25.585580110497236,41.838729281767954,54.4,13.81,79.78,49,61.27,74.98,100.25,122,181,169,176,175,166,-6.955386740331492,-9.847734806629834,-8.806546961325967,-9.09450276243094,-7.237569060773481,-9.560469613259668,15.49,24.88,16.81,18.9,19.58,14.62,-35.77,-39.21,-39.13,-41,-43.67,-42.34,40,49,51,48,36,52,2037.74,2713.92,2507.82,2572.88,2287.05,2684.7,0.7356906077348067,0.5040331491712707,0.5934254143646409,0.5108287292817679,0.4410497237569061,0.8322651933701658,26.4,8.44,10.04,8.34,9.35,11.4,0,0,0,0,0,0,133.16,91.23,107.41,92.46000000000001,79.83,150.64000000000001,39.53,92.55000000000001,87.25999999999999,76.78000000000002,98.95000000000002,108.55999999999999,303.9545303867403,212.02248618784532,220.74740331491714,225.23375690607736,241.24602209944752,247.25370165745858,40,42,52,46,71,59
LU2,LU2_30,LU2_2021,172.2,-8.524878453038674,19.606,-41.28,45.8,2507.828,0.5193149171270718,9.272,0,93.996,85.652,228.46137016574585,57.2,324,305,308,307,305,320,108,120,120,120,120,120,3.145745856353591,41.314419889502766,23.82060773480663,19.898232044198895,37.85574585635359,49.15541436464088,9.49,73.23,45.02,50.33,68.17,92.08,113,181,165,174,175,166,-6.501187845303868,-9.368922651933701,-8.499088397790056,-8.701187845303867,-6.915165745856354,-9.140027624309392,15.32,26.05,17.79,19.63,20.16,14.4,-35.8,-39.51,-39.34,-41.2,-43.8,-42.55,38,49,49,47,34,50,1978.48,2643.92,2481.68,2531.31,2250.69,2631.54,0.6448618784530387,0.4470718232044199,0.5637569060773481,0.4198895027624309,0.40668508287292815,0.759171270718232,26.63,8.06,10.37,8.43,8.4,11.1,0,0,0,0,0,0,116.72,80.92,102.03999999999999,76,73.61,137.41,31.11,87.92,82.23,65.32,92.17,100.62,301.87243093922655,212.587182320442,219.81138121546962,221.24861878453038,240.4692817679558,248.1903867403315,33,49,51,49,74,63
LU2,LU2_30_24,LU2_2024,157.8,-7.366430939226519,19.21,-41.14,38.4,2281.344,0.480817679558011,9.74,0,87.028,85.732,245.73717127071825,58.8,307,305,320,306,305,328,120,120,120,106,105,120,19.898232044198895,37.85574585635359,49.15541436464088,13.524364640883977,15.084806629834254,50.65563535911602,50.33,68.17,92.08,36.86,34.8,83.61,174,175,166,166,124,158,-8.701187845303867,-6.915165745856354,-9.140027624309392,-8.718259668508287,-5.080966850828729,-6.977734806629834,19.63,20.16,14.4,19.46,21.2,20.83,-41.2,-43.8,-42.55,-38.07,-42.33,-38.95,47,34,50,41,24,43,2531.31,2250.69,2631.54,2475.45,1825.83,2223.21,0.4198895027624309,0.40668508287292815,0.759171270718232,0.49773480662983427,0.22712707182320443,0.5133701657458564,8.43,8.4,11.1,9.72,6.04,13.44,0,0,0,0,0,0,76,73.61,137.41,90.09,41.11,92.92,65.32,92.17,100.62,70.65,47.74,117.47999999999999,221.24861878453038,240.4692817679558,248.1903867403315,207.9667403314917,266.8712154696133,265.1882320441989,49,74,63,49,50,58
LU2,LU2_31,LU2_2021,173.4,-8.993370165745857,18.804000000000002,-41.042,47.2,2562.6059999999998,0.5862209944751382,9.564,0,106.10600000000001,93.964,229.24113812154695,53.2,324,305,308,307,305,320,114,120,120,120,120,120,5.707292817679558,43.68955801104972,26.39259668508287,26.658729281767958,42.49497237569061,55.87198895027624,14.68,80.25,49.37,63.31,76.15,102.66,131,181,169,176,175,166,-7.0529558011049724,-9.958922651933701,-8.876767955801105,-9.181740331491712,-7.305220994475138,-9.644198895027625,15.53,24.61,16.6,18.73,19.45,14.63,-35.76,-39.18,-39.12,-40.95,-43.64,-42.32,40,49,51,48,36,52,2049.55,2729.64,2513.68,2581.42,2293.72,2694.57,0.7583977900552487,0.5119889502762431,0.5917127071823205,0.5308839779005525,0.449060773480663,0.8474585635359116,26.47,8.55,9.97,8.29,9.62,11.39,0,0,0,0,0,0,137.27,92.67,107.1,96.09,81.28,153.39000000000001,46.2,92.75,86.95,79.13,100.11,110.87999999999998,304.5224309392265,211.17364640883977,220.53834254143646,225.89005524861878,241.64602209944752,246.95762430939226,44,41,52,45,69,59
LU2,LU2_31_24,LU2_2024,160,-7.830806629834254,18.464,-41.444,39.8,2333.634,0.5718453038674033,11.02,0,103.504,103.514,249.28498342541437,57,307,305,320,306,305,328,120,120,120,107,114,120,26.658729281767958,42.49497237569061,55.87198895027624,16.671049723756905,22.323977900552485,77.84093922651934,63.31,76.15,102.66,43.09,47.84,129.92,176,175,166,167,134,158,-9.181740331491712,-7.305220994475138,-9.644198895027625,-9.117127071823205,-5.440469613259668,-7.647016574585636,18.73,19.45,14.63,17.84,20.3,20.1,-40.95,-43.64,-42.32,-38.59,-42.17,-40.5,48,36,52,41,26,44,2581.42,2293.72,2694.57,2504.22,1854.53,2321.13,0.5308839779005525,0.449060773480663,0.8474585635359116,0.5815469613259668,0.29580110497237566,0.6853591160220994,8.29,9.62,11.39,12.03,8.77,13.29,0,0,0,0,0,0,96.09,81.28,153.39000000000001,105.26,53.54,124.05,79.13,100.11,110.87999999999998,82.31,64.81,159.46,225.89005524861878,241.64602209944752,246.95762430939226,215.5539779005525,274.69801104972373,267.56928176795583,45,69,59,44,55,58
LU2,LU2_32,LU2_2021,173.4,-8.91588950276243,18.982,-41.07,47.2,2556.946,0.5752596685082874,9.502,0,104.122,92.67,228.60280662983425,54.6,324,305,308,307,305,320,113,120,120,120,120,120,5.312817679558011,43.10419889502762,25.936132596685084,25.77022099447514,41.90718232044199,56.09790055248619,13.84,78.77,48.61,61.42,74.95,103.15,126,181,169,176,175,166,-6.9491988950276244,-9.854364640883977,-8.82353591160221,-9.106629834254143,-7.2384806629834255,-9.556436464088398,15.52,24.91,16.87,18.92,19.63,14.58,-35.81,-39.2,-39.16,-40.96,-43.67,-42.36,40,49,51,48,36,52,2038.06,2716.64,2513.69,2578.38,2289.98,2686.04,0.7374585635359115,0.49767955801104974,0.5846961325966851,0.5107734806629834,0.4430939226519337,0.8400552486187846,26.54,8.67,9.9,8.25,9.3,11.39,0,0,0,0,0,0,133.48,90.08,105.83,92.45,80.2,152.05,44.21,91.3,85.83,76.45,98.59000000000003,111.17999999999999,304.0521546961326,210.9461325966851,219.68734806629834,224.37508287292817,240.8007182320442,247.20475138121546,44,41,53,48,71,60
LU2,LU2_32_24,LU2_2024,159.8,-7.754668508287293,18.605999999999998,-41.384,39.8,2326.754,0.5593591160220994,10.822000000000001,0,101.244,100.494,248.55956906077347,57.8,307,305,320,306,305,328,120,120,120,107,113,120,25.77022099447514,41.90718232044199,56.09790055248619,16.61734806629834,19.077955801104974,72.70060773480662,61.42,74.95,103.15,43.35,42.81,122.11,176,175,166,167,133,158,-9.106629834254143,-7.2384806629834255,-9.556436464088398,-9.054696132596685,-5.369585635359116,-7.55414364640884,18.92,19.63,14.58,18.13,20.54,20.15,-40.96,-43.67,-42.36,-38.64,-42.2,-40.05,48,36,52,41,25,45,2578.38,2289.98,2686.04,2502.44,1849.11,2306.2,0.5107734806629834,0.4430939226519337,0.8400552486187846,0.5749171270718232,0.2878453038674033,0.6508839779005525,8.25,9.3,11.39,11.48,8.73,13.21,0,0,0,0,0,0,92.45,80.2,152.05,104.06,52.1,117.81,76.45,98.59000000000003,111.17999999999999,82.17,59.120000000000005,151.41,224.37508287292817,240.8007182320442,247.20475138121546,214.51591160220994,274.02906077348064,266.2474033149171,48,71,60,46,55,57
LU2,LU2_33,LU2_2021,173.4,-8.8599226519337,19.044,-41.11,47.4,2547.118,0.5694475138121546,9.446,0,103.07000000000001,92.118,229.2018453038674,54.6,324,305,308,307,305,320,109,120,120,120,120,120,4.926298342541436,43.51734806629835,26.036132596685082,25.002099447513814,41.33066298342541,53.94149171270718,13.43,79.38,48.75,60.15,74.07,99.56,121,181,169,176,175,166,-6.895911602209945,-9.785,-8.771187845303867,-9.045883977900553,-7.195524861878453,-9.502016574585635,15.47,25.04,16.95,19,19.66,14.57,-35.78,-39.27,-39.18,-41.03,-43.68,-42.39,40,50,51,48,36,52,2029.31,2704.08,2505.34,2567.54,2281.56,2677.07,0.7271270718232045,0.5006629834254144,0.5919889502762431,0.5007182320441989,0.4366850828729282,0.8171823204419889,26.5,8.41,10.07,8.37,9.07,11.31,0,0,0,0,0,0,131.61,90.62,107.15,90.63,79.04,147.91,38.64,92.19,86.99,75.56,98.01,107.84,303.82447513812156,212.5543093922652,220.65823204419888,224.85160220994476,241.0088397790055,246.93624309392266,39,43,52,47,71,60
LU2,LU2_33_24,LU2_2024,159.4,-7.70292817679558,18.694,-41.49,39.6,2321.746,0.5445193370165746,10.59,0,98.558,97.588,247.82485082872927,57.4,307,305,320,306,305,328,120,120,120,107,112,120,25.002099447513814,41.33066298342541,53.94149171270718,16.05436464088398,18.231878453038675,68.79629834254143,60.15,74.07,99.56,41.26,40.78,114.53,176,175,166,167,131,158,-9.045883977900553,-7.195524861878453,-9.502016574585635,-9.019972375690609,-5.346712707182321,-7.450414364640884,19,19.66,14.57,18.3,20.57,20.37,-41.03,-43.68,-42.39,-38.52,-42.22,-40.64,48,36,52,41,25,44,2567.54,2281.56,2677.07,2500.81,1849.04,2300.25,0.5007182320441989,0.4366850828729282,0.8171823204419889,0.5567955801104972,0.2774585635359116,0.634475138121547,8.37,9.07,11.31,11.38,7.85,13.34,0,0,0,0,0,0,90.63,79.04,147.91,100.78,50.22,114.84,75.56,98.01,107.84,79.1,56.959999999999994,146.03,224.85160220994476,241.0088397790055,246.93624309392266,212.3435359116022,271.67629834254143,267.15933701657457,47,71,60,47,54,55
LU2,LU2_34,LU2_2021,173.4,-8.777232044198895,19.32,-41.018,46.6,2548.254,0.5496243093922651,9.478,0,99.482,89.816,226.19145856353592,57,324,305,308,307,305,320,113,120,120,120,120,120,4.451657458563536,41.59397790055249,24.53082872928177,23.69867403314917,40.8771270718232,56.20944751381216,11.78,74.74,46.02,56.98,72.93,103.61,123,181,169,176,175,166,-6.777292817679558,-9.660165745856354,-8.714779005524862,-8.965055248618784,-7.126049723756906,-9.42011049723757,15.51,25.46,17.31,19.24,19.96,14.63,-35.9,-39.09,-39.07,-40.92,-43.69,-42.32,40,48,51,48,36,50,2023.25,2694.14,2511.48,2573.81,2287.69,2674.15,0.6830386740331492,0.4605524861878453,0.5679558011049723,0.4638121546961326,0.4270718232044199,0.8287292817679558,26.3,8.88,9.71,8.15,8.98,11.67,0,0,0,0,0,0,123.63,83.36,102.8,83.95,77.3,150,39.339999999999996,87.85999999999999,82.89,70.91,95.85000000000001,111.57000000000001,300.16281767955803,208.5778453038674,216.35364640883978,220.356408839779,237.9485082872928,247.72088397790054,42,48,54,49,73,61
LU2,LU2_34_24,LU2_2024,159.4,-7.618889502762431,18.896,-41.09,39.2,2311.112,0.5362651933701658,10.562,0,97.064,98.44200000000001,247.4480220994475,59,307,305,320,306,305,328,120,120,120,107,112,120,23.69867403314917,40.8771270718232,56.20944751381216,15.99756906077348,17.764696132596686,71.83911602209945,56.98,72.93,103.61,43.39,40.59,120.58,176,175,166,167,131,158,-8.965055248618784,-7.126049723756906,-9.42011049723757,-8.875745856353591,-5.216795580110497,-7.455745856353591,19.24,19.96,14.63,18.61,20.91,20.37,-40.92,-43.69,-42.32,-38.86,-42.2,-38.38,48,36,50,42,24,44,2573.81,2287.69,2674.15,2478,1828.31,2287.41,0.4638121546961326,0.4270718232044199,0.8287292817679558,0.5604972375690608,0.2702762430939227,0.5947513812154696,8.15,8.98,11.67,10.37,8.68,13.11,0,0,0,0,0,0,83.95,77.3,150,101.45,48.92,107.64999999999999,70.91,95.85000000000001,111.57000000000001,81.2,56.21,147.38000000000002,220.356408839779,237.9485082872928,247.72088397790054,214.8767403314917,273.58591160220993,263.1080662983425,49,73,61,46,55,60
LU2,LU2_36,LU2_2021,174.6,-9.481259668508288,18.126,-40.73,49.8,2625.334,0.6277237569060774,10.602,0,113.61800000000001,98.962,227.03744751381217,51,307,305,308,307,305,320,120,120,120,120,120,120,10.453756906077349,43.54116022099448,29.217624309392264,31.505580110497238,44.84281767955801,61.718618784530385,32.96,81.19,55.06,71.31,79.46,112.18,156,181,172,178,176,166,-7.646850828729282,-10.613425414364642,-9.247292817679558,-9.679116022099448,-7.716104972375691,-10.1503591160221,15.72,23.12,15.98,17.68,18.73,15.12,-35.71,-38.75,-38.71,-40.68,-43.48,-42.03,43,53,53,49,39,55,2137,2834.94,2545.85,2639.83,2347.13,2758.92,0.8461878453038674,0.5283977900552487,0.5927624309392265,0.6102209944751381,0.4761325966850829,0.9311049723756906,25.87,10.2,9.6,8.99,12.19,12.03,0,0,0,0,0,0,153.16,95.64,107.29,110.45,86.18,168.53,73.23,92.58,87.28,90.08000000000001,104.17999999999999,120.69,299.8296132596685,203.82900552486188,219.64060773480662,226.36701657458565,239.7353038674033,245.61530386740333,58,37,53,43,68,54
LU2,LU2_36_24,LU2_2024,161.2,-8.278939226519338,17.928,-40.974,41.6,2372.742,0.6521988950276243,13.22,0,118.048,120.562,253.70698342541436,52.2,307,305,320,306,305,328,120,120,120,107,119,120,31.505580110497238,44.84281767955801,61.718618784530385,18.737237569060774,28.59060773480663,109.22303867403315,71.31,79.46,112.18,48.84,61.84,182.98,178,176,166,167,139,158,-9.679116022099448,-7.716104972375691,-10.1503591160221,-9.375414364640884,-5.759475138121547,-8.393342541436464,17.68,18.73,15.12,16.23,18.98,20.58,-40.68,-43.48,-42.03,-40.69,-41.96,-36.71,49,39,55,42,26,46,2639.83,2347.13,2758.92,2495.17,1868.27,2394.22,0.6102209944751381,0.4761325966850829,0.9311049723756906,0.6676243093922652,0.36906077348066296,0.8170718232044198,8.99,12.19,12.03,14.14,12.88,14.86,0,0,0,0,0,0,110.45,86.18,168.53,120.84,66.8,147.89,90.08000000000001,104.17999999999999,120.69,92.51,80.11,205.32,226.36701657458565,239.7353038674033,245.61530386740333,228.5381767955801,289.1946408839779,265.4514917127072,43,68,54,39,47,53
LU2,LU2_38,LU2_2021,172.4,-8.639756906077348,19.418,-41.094,46.2,2524.414,0.5359226519337017,9.432,0,97.002,87.95,228.42386740331492,56.4,324,305,308,307,305,320,108,120,120,120,120,120,3.6961878453038675,42.35259668508287,24.10088397790055,22.049116022099447,39.86762430939226,49.47259668508287,10.61,76.51,45.23,54.32,71.77,92.29,115,181,165,175,175,166,-6.640801104972375,-9.498701657458563,-8.570165745856354,-8.808508287292817,-7.018701657458563,-9.302707182320441,15.38,25.69,17.4,19.4,19.98,14.62,-35.76,-39.22,-39.06,-41.13,-43.73,-42.33,39,49,50,47,35,50,2001.22,2666.48,2486.9900000000002,2546.01,2268.32,2654.27,0.6528176795580111,0.46591160220994476,0.5706629834254143,0.44408839779005527,0.41823204419889504,0.7807182320441989,25.9,8.02,10.25,8.38,8.9,11.61,0,0,0,0,0,0,118.16,84.33,103.29,80.38,75.7,141.31,33.16,91.12,83.01,68.95,95.54999999999998,101.12,300.00441988950274,212.73585635359117,219.16944751381214,222.23939226519337,240.1538674033149,247.82077348066298,35,48,51,48,73,62
LU2,LU2_38_24,LU2_2024,157.8,-7.487436464088398,19.07,-41.242,38.6,2293.98,0.5010718232044199,10.238,0,90.694,90.424,246.9004640883978,58,307,305,320,306,305,328,120,120,120,106,105,120,22.049116022099447,39.86762430939226,49.47259668508287,14.026298342541436,15.427127071823204,61.168342541436466,54.32,71.77,92.29,36.83,35.3,102.24,175,175,166,166,124,158,-8.808508287292817,-7.018701657458563,-9.302707182320441,-8.760883977900553,-5.142983425414364,-7.2119060773480665,19.4,19.98,14.62,19.04,20.93,20.78,-41.13,-43.73,-42.33,-38.63,-42.23,-39.29,47,35,50,41,24,43,2546.01,2268.32,2654.27,2464.9,1821.32,2261.09,0.44408839779005527,0.41823204419889504,0.7807182320441989,0.5117127071823204,0.23624309392265194,0.5584530386740332,8.38,8.9,11.61,10.37,6.71,13.6,0,0,0,0,0,0,80.38,75.7,141.31,92.62,42.76,101.08,68.95,95.54999999999998,101.12,72.55,49.38999999999999,133.51000000000002,222.23939226519337,240.1538674033149,247.82077348066298,211.90779005524863,269.18972375690606,265.43016574585636,48,73,62,47,49,59
LU2,LU2_39,LU2_2021,173.2,-8.804801104972375,19.134,-41.044,46.8,2543.2599999999998,0.5586740331491713,9.548,0,101.12,90.812,228.88941436464088,55,324,305,308,307,305,320,108,120,120,120,120,120,4.524585635359116,43.064475138121544,25.069668508287293,24.418839779005523,41.14524861878453,51.82823204419889,12.63,78.38,46.88,58.99,73.92,96.01,118,181,168,176,175,166,-6.832016574585635,-9.706104972375691,-8.70707182320442,-8.979447513812154,-7.155939226519337,-9.475441988950276,15.45,25.2,17.01,19.09,19.73,14.64,-35.75,-39.16,-39.02,-41.06,-43.69,-42.29,40,48,50,48,36,52,2025.34,2696.2,2498.89,2563.09,2282.21,2675.91,0.6951933701657459,0.48646408839779004,0.5859116022099448,0.4841988950276243,0.4303867403314917,0.8064088397790056,25.96,8.2,10.12,8.41,9.37,11.64,0,0,0,0,0,0,125.83,88.05,106.05,87.64,77.9,145.96,36.339999999999996,91.97,85.71000000000001,73.98,97.71999999999998,104.68000000000002,301.813591160221,212.2135359116022,219.71872928176796,224.4421546961326,240.72265193370166,247.35,36,44,52,48,72,59
LU2,LU2_39_24,LU2_2024,159,-7.649265193370166,18.786,-41.252,39.8,2310.978,0.5310939226519337,10.636,0,96.128,96.38,248.20586740331493,57.6,307,305,320,306,305,328,120,120,120,106,111,120,24.418839779005523,41.14524861878453,51.82823204419889,14.925801104972376,17.01182320441989,71.37127071823204,58.99,73.92,96.01,39.07,38.09,119.57,176,175,166,166,130,158,-8.979447513812154,-7.155939226519337,-9.475441988950276,-8.903977900552487,-5.268314917127072,-7.442651933701657,19.09,19.73,14.64,18.5,20.6,20.46,-41.06,-43.69,-42.29,-38.7,-42.18,-39.4,48,36,52,41,25,45,2563.09,2282.21,2675.91,2476.26,1831.49,2289.02,0.4841988950276243,0.4303867403314917,0.8064088397790056,0.5395580110497238,0.26464088397790053,0.614475138121547,8.41,9.37,11.64,11.16,7.44,13.57,0,0,0,0,0,0,87.64,77.9,145.96,97.66,47.9,111.22,73.98,97.71999999999998,104.68000000000002,75.99,54.71,148.8,224.4421546961326,240.72265193370166,247.35,214.31696132596684,272.36983425414365,266.26988950276245,48,72,59,47,52,58
LU2,LU2_3_24,LU2_2024,159.6,-7.751303867403315,18.614,-41.434,39.6,2325.536,0.5573922651933702,10.788,0,100.888,100.08,248.75546961325966,57.6,307,305,320,306,305,328,120,120,120,107,112,120,25.585580110497236,41.838729281767954,54.4,16.176353591160222,18.61497237569061,74.57127071823204,61.27,74.98,100.25,41.67,41.51,124.92,176,175,166,167,132,158,-9.09450276243094,-7.237569060773481,-9.560469613259668,-9.045,-5.377541436464089,-7.535939226519337,18.9,19.58,14.62,18.14,20.45,20.28,-41,-43.67,-42.34,-38.58,-42.19,-40.39,48,36,52,41,25,44,2572.88,2287.05,2684.7,2498.63,1849.14,2308.16,0.5108287292817679,0.4410497237569061,0.8322651933701658,0.5641436464088397,0.2832044198895028,0.6662983425414365,8.34,9.35,11.4,11.63,8.17,13.39,0,0,0,0,0,0,92.46000000000001,79.83,150.64000000000001,102.11,51.26,120.6,76.78000000000002,98.95000000000002,108.55999999999999,79.85,58.01,155.03,225.23375690607736,241.24602209944752,247.25370165745858,213.92911602209944,273.09022099447515,268.25828729281767,46,71,59,47,54,57
LU2,LU2_40,LU2_2021,171.4,-8.595635359116022,19.438,-41.112,46.2,2515.576,0.5279779005524862,9.392,0,95.56400000000001,86.604,228.46565745856353,56.4,324,305,308,307,305,320,108,120,120,120,120,120,3.4237016574585635,41.822541436464086,23.834917127071822,21.06745856353591,39.60889502762431,47.116298342541434,10.31,74.39,44.65,52.3,71.45,88.4,114,181,165,175,170,166,-6.604696132596685,-9.452209944751381,-8.520138121546962,-8.756491712707183,-6.985497237569061,-9.263839779005524,15.34,25.75,17.41,19.43,19.98,14.62,-35.72,-39.25,-39.04,-41.18,-43.75,-42.34,39,49,50,47,35,50,1994.85,2657.77,2477.06,2535.31,2261.06,2646.68,0.6461325966850828,0.45370165745856356,0.5727624309392265,0.4323756906077348,0.41740331491712707,0.763646408839779,25.78,7.76,10.44,8.23,8.88,11.65,0,0,0,0,0,0,116.95,82.12,103.67,78.26,75.55,138.22,31.18,89.44999999999999,83.27,67.28,95.43,97.59,299.8169613259669,211.60077348066298,219.53049723756905,222.14977900552486,241.05375690607735,247.99348066298342,34,48,51,49,73,61
LU2,LU2_40_24,LU2_2024,156.8,-7.438513812154696,19.122,-41.304,38.6,2286.3579999999997,0.49175690607734807,10.272,0,89.008,88.558,247.32212154696134,57.8,307,305,320,306,305,328,120,120,120,106,105,120,21.06745856353591,39.60889502762431,47.116298342541434,13.348121546961327,15.151878453038673,58.48370165745857,52.3,71.45,88.4,35.14,34.5,97.42,175,170,166,166,124,158,-8.756491712707183,-6.985497237569061,-9.263839779005524,-8.69475138121547,-5.118950276243094,-7.129530386740331,19.43,19.98,14.62,19.16,20.89,20.96,-41.18,-43.75,-42.34,-38.41,-42.26,-39.76,47,35,50,41,24,43,2535.31,2261.06,2646.68,2451.6,1817.96,2254.49,0.4323756906077348,0.41740331491712707,0.763646408839779,0.5030939226519336,0.22408839779005524,0.5505524861878454,8.23,8.88,11.65,10.61,6.33,13.89,0,0,0,0,0,0,78.26,75.55,138.22,91.06,40.56,99.65,67.28,95.43,97.59,70.71000000000001,48.54,130.52,222.14977900552486,241.05375690607735,247.99348066298342,212.06596685082874,268.97453038674035,266.5228729281768,49,73,61,48,49,58
LU2,LU2_42,LU2_2021,173.8,-9.115276243093923,18.573999999999998,-40.894,47.4,2578.174,0.5933259668508287,9.964,0,107.392,95.33800000000001,228.49811049723758,52.8,324,305,308,307,305,320,117,120,120,120,120,120,6.253922651933702,43.94977900552486,27.42828729281768,28.086022099447515,43.40027624309392,55.13646408839779,15.6,81.29,50.92,65.32,77.93,101.16,135,181,169,177,176,166,-7.205497237569061,-10.109806629834255,-8.947099447513812,-9.292762430939227,-7.415635359116022,-9.811077348066298,15.56,24.19,16.15,18.45,19.27,14.81,-35.69,-38.96,-38.85,-40.92,-43.59,-42.15,40,50,50,48,37,52,2073.9,2755.52,2516.02,2593.37,2308.89,2717.07,0.7649723756906077,0.5179005524861878,0.5935911602209945,0.5487845303867404,0.45353591160220996,0.852817679558011,25.82,9.13,9.97,8.3,10.6,11.82,0,0,0,0,0,0,138.46,93.74,107.44,99.33,82.09,154.36,50.839999999999996,94.17,86.97,83.60000000000001,102.11000000000003,109.83999999999997,302.26309392265193,209.56812154696132,219.43939226519336,226.45872928176794,241.102817679558,245.9214917127072,47,41,52,44,70,57
LU2,LU2_44,LU2_2021,173,-9.21717679558011,18.454,-40.808,47.8,2591.482,0.6030165745856354,10.218,0,109.146,96.28800000000001,228.5764861878453,51.2,324,305,308,307,305,320,117,120,120,120,120,120,7.430939226519337,43.912154696132596,27.75657458563536,28.948950276243092,44.040939226519335,56.230441988950275,23.23,81.23,51.57,66.69,79.15,102.87,143,181,170,177,171,166,-7.328453038674033,-10.243701657458564,-9.019337016574585,-9.392099447513813,-7.499861878453038,-9.930883977900553,15.6,23.86,16.09,18.22,19.12,14.98,-35.66,-38.84,-38.73,-40.86,-43.55,-42.06,40,51,51,48,37,52,2092.38,2777.22,2521.43,2604.79,2320.05,2733.92,0.7829281767955801,0.5180110497237569,0.5955801104972376,0.5633701657458564,0.46,0.8781215469613259,25.6,9.76,9.89,8.23,11.21,12,0,0,0,0,0,0,141.71,93.76,107.8,101.97,83.26,158.94,62.760000000000005,94.03999999999999,87.25,85.24000000000001,103.28000000000002,111.63000000000001,301.86386740331494,208.24662983425415,219.93486187845303,226.86220994475138,241.66486187845302,246.17386740331492,52,40,51,43,67,55
LU2,LU2_44_24,LU2_2024,159.4,-8.045955801104972,18.344,-41.27,40.4,2349.5460000000003,0.6022872928176796,11.976,0,109.014,111.792,251.68770165745858,53.8,307,305,320,306,305,328,120,120,120,106,116,120,28.948950276243092,44.040939226519335,56.230441988950275,16.39011049723757,24.458121546961326,100.27447513812155,66.69,79.15,102.87,43.08,51.84,166.77,177,171,166,166,136,158,-9.392099447513813,-7.499861878453038,-9.930883977900553,-9.174806629834254,-5.583121546961326,-8.04110497237569,18.22,19.12,14.98,17.13,19.47,21.02,-40.86,-43.55,-42.06,-40.35,-42.08,-38.31,48,37,52,42,26,45,2604.79,2320.05,2733.92,2479.23,1856.97,2357.56,0.5633701657458564,0.46,0.8781215469613259,0.6059668508287293,0.31734806629834256,0.75,8.23,11.21,12,13.22,9.69,13.76,0,0,0,0,0,0,101.97,83.26,158.94,109.67999999999999,57.44,135.75,85.24000000000001,103.28000000000002,111.63000000000001,83.28,69.73,191.04,226.86220994475138,241.66486187845302,246.17386740331492,224.23359116022098,280.7275138121547,265.6386740331492,43,67,55,42,50,55
LU2,LU2_46,LU2_2021,171.8,-8.621149171270718,19.464,-41.018,46.4,2524.7580000000003,0.5332044198895027,9.506,0,96.51,87.86600000000001,228.03658563535913,56.2,324,305,308,307,305,320,108,120,120,120,120,120,3.4982872928176794,42.17011049723757,23.78160220994475,22.019668508287292,40.06889502762431,48.88845303867403,10.27,76.12,44.45,54,72.2,91.28,114,181,167,175,170,166,-6.619364640883978,-9.467707182320442,-8.543453038674032,-8.78425414364641,-7.006657458563536,-9.303674033149171,15.38,25.74,17.39,19.42,20.02,14.75,-35.75,-39.09,-38.92,-41.12,-43.72,-42.24,39,49,50,47,36,50,2001.59,2664.51,2485.06,2546.46,2271.75,2656.01,0.6380110497237569,0.45696132596685085,0.5769060773480663,0.4358011049723757,0.4167403314917127,0.7796132596685083,25.52,7.96,10.2,8.31,9.2,11.86,0,0,0,0,0,0,115.48,82.71,104.42,78.88,75.42999999999999,141.11,32.43,91.17000000000002,84.03,68.12,95.68000000000002,100.33000000000001,299.28922651933703,212.18801104972377,218.36132596685084,221.58298342541437,239.9175138121547,248.13309392265194,34,48,53,49,71,60
LU2,LU2_47,LU2_2021,171,-8.540541436464089,19.516,-41.104,46.2,2506.252,0.5211602209944751,9.475999999999999,0,94.33,85.548,228.99301657458562,55.8,324,305,308,307,305,320,108,120,120,120,120,120,3.143038674033149,41.85292817679558,23.27022099447514,19.88414364640884,38.80524861878453,45.41033149171271,9.69,74.45,43.56,49.67,70.32,85.52,112,181,163,175,170,166,-6.541685082872928,-9.386629834254144,-8.450303867403315,-8.685524861878452,-6.93939226519337,-9.24085635359116,15.29,25.82,17.4,19.46,20.07,14.83,-35.61,-39.26,-38.98,-41.24,-43.74,-42.3,39,49,50,46,35,51,1985.09,2646.86,2463.84,2521.87,2252.67,2646.02,0.6356906077348067,0.4530386740331492,0.5738674033149171,0.4145303867403315,0.42027624309392264,0.7440883977900552,25.53,7.73,10.69,7.97,9.04,11.95,0,0,0,0,0,0,115.06,82,103.87,75.03,76.07,134.68,30.44,90.3,83.14999999999999,64.95,94.50000000000001,94.83999999999999,299.91767955801106,212.83204419889503,220.22491712707182,222.07453038674032,242.58309392265193,247.25049723756905,32,48,50,49,73,59
LU2,LU2_47_24,LU2_2024,156.4,-7.399867403314917,19.236,-41.218,38.6,2280.842,0.48625414364640884,10.558,0,88.012,86.86399999999999,247.5786850828729,57,307,305,320,306,305,328,120,120,120,105,104,120,19.88414364640884,38.80524861878453,45.41033149171271,12.162209944751382,14.47220994475138,58.624198895027625,49.67,70.32,85.52,33.51,32.78,97.46,175,170,166,165,123,158,-8.685524861878452,-6.93939226519337,-9.24085635359116,-8.650469613259668,-5.088259668508288,-7.080359116022099,19.46,20.07,14.83,19.28,20.91,21.09,-41.24,-43.74,-42.3,-38.33,-42.27,-39.45,46,35,51,41,24,42,2521.87,2252.67,2646.02,2446.09,1813.93,2245.5,0.4145303867403315,0.42027624309392264,0.7440883977900552,0.4977900552486188,0.21883977900552487,0.5502762430939226,7.97,9.04,11.95,11.83,5.91,14.06,0,0,0,0,0,0,75.03,76.07,134.68,90.1,39.61,99.6,64.95,94.50000000000001,94.83999999999999,66.96,47.2,130.81999999999996,222.07453038674032,242.58309392265193,247.25049723756905,211.80668508287292,268.4619337016575,267.79121546961323,49,73,59,48,48,57
LU2,LU2_5,LU2_2021,173.2,-8.711740331491713,19.438,-41.06,46.2,2540.3,0.542707182320442,9.398,0,98.23,89.062,226.42365745856355,57,324,305,308,307,305,320,108,120,120,120,120,120,4.048508287292818,41.41060773480663,24.311160220994473,23.069171270718233,40.235082872928174,55.58458563535912,11.09,74.31,45.66,55.91,71.79,102.61,115,181,168,176,175,166,-6.697154696132596,-9.574889502762431,-8.666187845303867,-8.899337016574586,-7.069613259668508,-9.348674033149171,15.49,25.67,17.5,19.38,20.07,14.57,-35.91,-39.15,-39.13,-40.95,-43.71,-42.36,38,48,50,48,35,50,2012.09,2680.9900000000002,2507.65,2566.73,2280.71,2665.42,0.6696685082872929,0.455414364640884,0.5655248618784531,0.45298342541436465,0.42138121546961327,0.8182320441988951,26.41,8.85,9.75,8.17,8.65,11.57,0,0,0,0,0,0,121.21,82.43,102.36,81.99,76.27,148.1,33.97,87.72,82.56,69.78,94.74000000000001,110.50999999999999,300.5061878453039,209.44712707182322,216.76060773480663,220.1289502762431,237.89867403314918,247.8829281767956,35,48,54,49,72,62
LU2,LU2_50,LU2_2021,172,-8.734602209944752,19.236,-40.95,46.4,2536.708,0.5480994475138121,9.606,0,99.206,89.60199999999999,228.4337237569061,54.6,324,305,308,307,305,320,108,120,120,120,120,120,4.054806629834254,42.75011049723757,24.347127071823206,23.438011049723755,41.071491712707186,49.854861878453036,11.35,77.68,45.47,56.81,73.99,92.71,116,181,167,176,170,166,-6.757707182320442,-9.611795580110497,-8.628618784530387,-8.896906077348067,-7.101629834254144,-9.434060773480663,15.42,25.37,17.07,19.19,19.82,14.73,-35.71,-39,-38.84,-41.07,-43.67,-42.17,40,48,50,47,36,51,2019.27,2685.07,2489.94,2556.11,2280.58,2671.84,0.6665193370165746,0.4726519337016575,0.5843646408839779,0.46171270718232044,0.42546961325966853,0.7962983425414365,25.39,7.99,10.17,8.28,9.65,11.94,0,0,0,0,0,0,120.64,85.55,105.77,83.57,77.01,144.13,34.68,92.21000000000001,85.21,71.29,97.49,101.80999999999997,300.41022099447514,211.82154696132596,218.97160220994476,223.06817679558011,240.4972375690608,247.8100552486188,35,46,51,48,70,58
LU2,LU2_50_24,LU2_2024,157,-7.584099447513812,18.986,-41.112,39,2300.934,0.5197458563535912,10.752,0,94.074,94.32199999999999,248.47575690607735,56.2,307,305,320,306,305,328,120,120,120,105,107,120,23.438011049723755,41.071491712707186,49.854861878453036,13.768066298342541,16.150662983425413,70.18154696132596,56.81,73.99,92.71,37.12,36.01,118.07,176,170,166,165,126,158,-8.896906077348067,-7.101629834254144,-9.434060773480663,-8.774834254143647,-5.19060773480663,-7.419364640883978,19.19,19.82,14.73,18.7,20.81,20.87,-41.07,-43.67,-42.17,-39.06,-42.18,-38.48,47,36,51,40,24,44,2556.11,2280.58,2671.84,2449.14,1820.56,2282.55,0.46171270718232044,0.42546961325966853,0.7962983425414365,0.5258011049723758,0.25403314917127073,0.5971270718232045,8.28,9.65,11.94,10.88,7.18,14.11,0,0,0,0,0,0,83.57,77.01,144.13,95.17,45.98,108.08,71.29,97.49,101.80999999999997,73.69,52.849999999999994,145.76999999999998,223.06817679558011,240.4972375690608,247.8100552486188,216.6200552486188,272.6649171270718,264.78651933701656,48,70,58,46,49,58
LU2,LU2_51,LU2_2021,171.8,-8.679254143646409,19.376,-40.926,46.4,2532.3759999999997,0.5401104972375691,9.61,0,97.76,88.75,228.50942541436464,55.6,324,305,308,307,305,320,108,120,120,120,120,120,3.714696132596685,42.31486187845304,23.911878453038675,22.89696132596685,40.8478453038674,49.2446408839779,10.81,76.7,44.68,55.62,73.64,91.76,114,181,167,175,170,166,-6.691712707182321,-9.536961325966852,-8.579475138121547,-8.839033149171271,-7.057375690607735,-9.383425414364641,15.4,25.55,17.19,19.29,19.92,14.93,-35.72,-38.95,-38.78,-41.08,-43.68,-42.14,39,48,50,47,36,51,2012.69,2675.8,2486.77,2552.74,2279.16,2667.41,0.6467955801104972,0.46082872928176793,0.5806077348066299,0.4470718232044199,0.42132596685082874,0.7907182320441989,25.19,7.95,10.14,8.24,9.65,12.07,0,0,0,0,0,0,117.07000000000001,83.41,105.09,80.92,76.26,143.12,33.36,91.7,84.53,69.66,96.91999999999999,100.94000000000001,300.2452486187845,211.87182320441988,219.00740331491713,222.70303867403314,240.57082872928177,248.39403314917126,34,47,52,48,72,59
LU2,LU2_52,LU2_2021,172.8,-9.065104972375691,18.772,-40.772,47.4,2578.122,0.5817237569060774,10.058,0,105.292,93.59,228.04997790055248,52.8,324,305,308,307,305,320,116,120,120,120,120,120,5.728342541436464,42.79386740331492,26.1892817679558,27.193480662983426,43.173591160220994,54.34773480662984,14.11,78.68,48.85,63.29,77.66,100.05,129,181,169,177,171,166,-7.148314917127072,-10.037237569060773,-8.891657458563536,-9.235939226519337,-7.378756906077348,-9.781933701657458,15.55,24.37,16.34,18.54,19.35,15.26,-35.71,-38.76,-38.63,-40.88,-43.57,-42.02,40,50,50,48,37,52,2073.58,2750.71,2513.6,2594.4900000000002,2313.87,2717.94,0.7332596685082873,0.49353591160220994,0.585635359116022,0.5245303867403315,0.44535911602209943,0.8595580110497237,25.17,9.01,9.83,8.18,10.99,12.28,0,0,0,0,0,0,132.72,89.33,106,94.94,80.61,155.58,48.51,92.12000000000002,85.36,80.11000000000001,101.29,109.07,301.42270718232044,208.34662983425414,218.82922651933703,225.04016574585634,240.5333149171271,247.50055248618784,46,41,52,46,69,56
LU2,LU2_52_24,LU2_2024,159.2,-7.890972375690608,18.714,-41.066,40,2333.14,0.5791602209944752,11.746,0,104.828,106.92999999999999,251.73501657458564,55.6,307,305,320,306,305,328,120,120,120,106,115,120,27.193480662983426,43.173591160220994,54.34773480662984,15.24646408839779,22.171491712707184,92.68762430939226,63.29,77.66,100.05,41.2,46.97,155.85,177,171,166,166,135,158,-9.235939226519337,-7.378756906077348,-9.781933701657458,-8.998011049723758,-5.400248618784531,-7.895911602209945,18.54,19.35,15.26,17.62,20.32,21.02,-40.88,-43.57,-42.02,-40.4,-42.09,-37.25,48,37,52,40,25,46,2594.4900000000002,2313.87,2717.94,2455.73,1837.85,2340.31,0.5245303867403315,0.44535911602209943,0.8595580110497237,0.5823204419889503,0.29701657458563535,0.7115469613259668,8.18,10.99,12.28,12.28,9.24,13.94,0,0,0,0,0,0,94.94,80.61,155.58,105.4,53.76,128.79,80.11000000000001,101.29,109.07,80.49000000000001,65.42,178.37999999999997,225.04016574585634,240.5333149171271,247.50055248618784,224.67657458563536,280.20784530386743,265.7567955801105,46,69,56,44,54,55
LU2,LU2_54,LU2_2021,172.4,-8.977370165745857,18.912,-40.784,47.4,2568.826,0.5700441988950277,9.934,0,103.178,92.36999999999999,227.88409944751382,52.6,324,305,308,307,305,320,113,120,120,120,120,120,5.0575690607734805,42.39651933701658,25.543204419889502,26.57734806629834,42.68580110497238,53.33911602209945,13.16,77.65,47.68,62.05,76.81,98.47,124,181,168,177,170,166,-7.042458563535911,-9.918922651933702,-8.820690607734807,-9.14549723756906,-7.307099447513812,-9.6946408839779,15.52,24.65,16.44,18.72,19.49,15.26,-35.72,-38.76,-38.62,-40.91,-43.6,-42.03,40,50,50,48,36,53,2060.56,2733.81,2508.42,2586.39,2307.75,2707.7599999999998,0.7104419889502762,0.4823756906077348,0.5816574585635359,0.5078453038674033,0.4387292817679558,0.8396132596685083,25.08,8.59,9.84,8.18,10.74,12.32,0,0,0,0,0,0,128.59,87.31,105.28,91.92,79.41,151.97,41.75,91.35000000000001,84.62,78.1,100.23999999999998,107.53999999999999,301.09552486187846,208.7028729281768,218.50917127071824,224.3935359116022,240.27618784530387,247.53872928176796,42,42,51,46,68,56
LU2,LU2_56,LU2_2021,172.4,-8.837668508287292,19.228,-40.78,46.8,2554.638,0.5506519337016574,9.81,0,99.668,90.13799999999999,227.57476243093922,54,324,305,308,307,305,320,112,120,120,120,120,120,4.367458563535911,41.85176795580111,24.53082872928177,24.94668508287293,41.458950276243094,51.495469613259665,11.84,76.1,45.72,58.87,74.81,95.92,120,181,168,177,170,166,-6.880165745856353,-9.734861878453039,-8.709640883977901,-9.00596685082873,-7.195939226519337,-9.541933701657458,15.49,25.1,16.79,19,19.72,15.53,-35.75,-38.74,-38.58,-40.94,-43.62,-42.02,40,48,50,47,36,53,2041.65,2708.27,2501.06,2575.36,2299.74,2688.76,0.6725414364640884,0.4619889502762431,0.5761878453038674,0.4667403314917127,0.4286740331491713,0.8196685082872928,24.87,8.26,9.81,8.11,10.42,12.45,0,0,0,0,0,0,121.73,83.62,104.29,84.48,77.59,148.36,38.69,90.3,83.65,73.57,97.88999999999999,105.28,299.9422651933702,208.78486187845303,217.47425414364642,222.8139779005525,239.72187845303867,249.07883977900553,39,44,50,50,69,57
LU2,LU2_56_24,LU2_2024,157.4,-7.661867403314917,19.092,-40.882,40,2303.956,0.5456132596685083,11.225999999999999,0,98.756,102.05399999999999,252.13801104972376,55,307,305,320,306,305,328,120,120,120,103,111,120,24.94668508287293,41.458950276243094,51.495469613259665,13.434585635359117,17.05060773480663,90.12099447513812,58.87,74.81,95.92,38.6,37.72,152.45,177,170,166,163,130,158,-9.00596685082873,-7.195939226519337,-9.541933701657458,-8.692541436464088,-5.195193370165746,-7.683729281767956,19,19.72,15.53,18.4,20.86,20.95,-40.94,-43.62,-42.02,-40.17,-42.12,-36.48,47,36,53,39,25,47,2575.36,2299.74,2688.76,2407.98,1809.3,2314,0.4667403314917127,0.4286740331491713,0.8196685082872928,0.5501104972375691,0.26734806629834257,0.6622651933701658,8.11,10.42,12.45,11.09,8.38,13.79,0,0,0,0,0,0,84.48,77.59,148.36,99.57,48.39,119.87,73.57,97.88999999999999,105.28,76.87,55.72,174.50999999999996,222.8139779005525,239.72187845303867,249.07883977900553,227.22,279.1145856353591,265.55475138121545,50,69,57,42,52,55
LU2,LU2_57,LU2_2021,171.4,-8.64042541436464,19.65,-40.806,46.2,2533.186,0.5290165745856353,9.692,0,95.752,87.366,227.36260773480663,55.6,324,305,308,307,305,320,108,120,120,120,120,120,3.231767955801105,40.90331491712707,23.044917127071823,22.752651933701657,40.396408839779006,48.61099447513812,10.2,73.63,43.02,54.73,73.06,91.62,112,181,165,175,170,166,-6.6499447513812155,-9.478729281767956,-8.554419889502762,-8.810359116022099,-7.038977900552486,-9.3196408839779,15.43,25.7,17.28,19.39,20.03,15.85,-35.79,-38.75,-38.58,-41,-43.67,-42.03,40,48,49,47,36,51,2013.06,2671.38,2489.7599999999998,2558.05,2286.62,2660.12,0.6169613259668508,0.4374585635359116,0.5689502762430939,0.42861878453038676,0.41530386740331493,0.7947513812154696,24.68,8.15,9.84,8.06,9.88,12.53,0,0,0,0,0,0,111.67,79.17999999999999,102.98,77.58,75.17,143.85,30.95,89.19,82.22000000000001,68.15,95.83,101.44,297.326408839779,209.59386740331493,216.78662983425414,220.39198895027624,239.09088397790055,250.9496685082873,31,48,52,51,69,58
LU2,LU2_5_24,LU2_2024,159.2,-7.559569060773481,18.988,-41.148,38.2,2306.474,0.5236243093922652,10.334,0,94.776,96.36200000000001,246.74514917127073,58.8,307,305,320,306,305,328,120,120,120,107,111,120,23.069171270718233,40.235082872928174,55.58458563535912,15.814198895027625,17.22453038674033,67.92845303867404,55.91,71.79,102.61,42.8,39.55,113.94,176,175,166,167,130,158,-8.899337016574586,-7.069613259668508,-9.348674033149171,-8.84828729281768,-5.178176795580111,-7.353093922651934,19.38,20.07,14.57,18.83,21.06,20.41,-40.95,-43.71,-42.36,-38.84,-42.23,-38.6,48,35,50,39,23,44,2566.73,2280.71,2665.42,2481.99,1828.28,2275.97,0.45298342541436465,0.42138121546961327,0.8182320441988951,0.5501104972375691,0.26160220994475136,0.5667955801104972,8.17,8.65,11.57,10.07,8.24,13.14,0,0,0,0,0,0,81.99,76.27,148.1,99.57,47.35,102.59,69.78,94.74000000000001,110.50999999999999,79.99,54.6,141.97000000000003,220.1289502762431,237.89867403314918,247.8829281767956,213.02027624309392,272.0971270718232,262.8267403314917,49,72,62,46,55,59
LU2,LU2_E27_24,LU2_2024,157,-7.424116022099447,19.073999999999998,-41.062,37.8,2284.258,0.4853149171270718,9.862,0,87.842,86.55600000000001,245.10668508287293,59.2,307,305,320,306,305,328,120,120,120,107,105,120,17.83292817679558,36.84469613259669,49.16906077348066,13.81646408839779,15.674364640883978,52.441767955801105,46.43,66.7,91.86,37.14,35.51,86.63,174,170,166,167,124,158,-8.720138121546961,-6.943784530386741,-9.208370165745857,-8.817044198895028,-5.156298342541437,-6.995082872928177,19.47,19.99,14.4,19.29,20.93,20.76,-41.25,-43.81,-42.65,-38.03,-42.33,-38.49,46,35,49,42,24,39,2514.22,2236.2,2640.32,2493.75,1836.43,2214.59,0.414585635359116,0.4116022099447514,0.7514364640883978,0.5023756906077348,0.2291160220994475,0.5320441988950276,8.28,9.06,10.93,10.28,5.54,13.5,0,0,0,0,0,0,75.04,74.5,136.01,90.92999999999999,41.47,96.3,63.41,91.660000000000025,100.14,70.64,49.22,121.12,221.5414364640884,242.66696132596684,246.37309392265195,204.61187845303868,265.93027624309394,265.95121546961326,46,73,64,48,51,60
LU2,LU2_G25_24,LU2_2024,156.8,-7.425685082872928,19.082,-41.086,38.4,2284.38,0.48571270718232046,9.866,0,87.914,86.496,245.48707182320442,58.8,307,305,320,306,305,328,120,120,120,106,105,120,18.656795580110497,37.45961325966851,48.832209944751384,13.651215469613259,15.550552486187845,52.50668508287293,47.98,67.75,91.25,36.83,35.33,86.75,174,170,166,166,124,158,-8.727154696132597,-6.949861878453039,-9.21867403314917,-8.796243093922651,-5.1474861878453035,-7.016160220994475,19.46,19.98,14.44,19.26,20.94,20.79,-41.23,-43.8,-42.59,-37.98,-42.31,-38.75,45,36,50,42,24,40,2518.84,2241.13,2641.52,2486.28,1832.16,2220.81,0.42027624309392264,0.41314917127071826,0.7541988950276243,0.5021546961325967,0.22806629834254144,0.5309944751381216,8.27,8.8,11.05,10.31,5.65,13.52,0,0,0,0,0,0,76.07,74.78,136.51,90.89,41.28,96.11,64.53999999999999,92.44,99.66,70.44,49.07,120.86999999999999,222.0078453038674,242.3460773480663,246.62187845303868,206.1417127071823,266.6367955801105,265.6888950276243,46,73,63,48,51,59
LU2,LU2_G26_24,LU2_2024,156.8,-7.366790055248619,19.174,-41.046,37.8,2279.194,0.4766077348066298,9.752,0,86.26599999999999,84.94999999999999,244.98364640883977,59.2,307,305,320,306,305,328,120,120,120,106,105,120,17.699834254143646,36.66232044198895,48.44370165745856,13.483812154696132,15.133370165745855,49.82187845303867,46.13,66.36,90.75,36.52,34.55,82.59,173,170,166,166,124,158,-8.668287292817679,-6.898093922651934,-9.145441988950276,-8.755386740331492,-5.099088397790055,-6.935939226519337,19.58,20.06,14.44,19.49,21.07,20.81,-41.26,-43.83,-42.64,-38.02,-42.34,-38.4,44,35,49,42,24,39,2514.12,2236.48,2633.59,2487.1,1830.08,2208.72,0.40591160220994477,0.4085082872928177,0.7430939226519337,0.49303867403314916,0.22243093922651935,0.5159668508287293,8.28,8.93,10.96,9.89,5.47,13.51,0,0,0,0,0,0,73.47,73.94,134.5,89.24,40.26,93.39,62.68,91.10999999999999,99.08,69.61,47.949999999999996,116.99999999999999,220.70243093922653,242.11088397790056,246.6239779005525,204.64972375690607,265.8491712707182,265.68447513812157,47,73,64,48,51,60
LU2,LU2_H16_24,LU2_2024,156.4,-7.4689447513812155,19.138,-41.286,38.6,2286.134,0.5004530386740331,10.826,0,90.582,90,248.5531270718232,57,307,305,320,306,305,328,120,120,120,105,105,120,20.62988950276243,39.264972375690604,45.81596685082873,12.619226519337017,14.841546961325967,65.88226519337016,51.04,70.88,86.06,33.78,33.18,109.75,175,169,166,165,124,158,-8.753066298342542,-7.002209944751382,-9.334419889502762,-8.681740331491712,-5.1379281767955804,-7.188425414364641,19.3,20.01,14.79,19.06,20.78,21.05,-41.23,-43.71,-42.24,-38.89,-42.23,-39.36,46,36,51,40,25,41,2525.79,2257.67,2657.89,2440.83,1815.75,2258.53,0.4281767955801105,0.42198895027624306,0.755414364640884,0.5102762430939226,0.22646408839779006,0.588121546961326,7.91,9.37,12.18,12.6,5.95,14.03,0,0,0,0,0,0,77.5,76.38,136.73,92.36,40.99,106.45,66.57,95.16999999999997,95.52,68.78,48.39,142.14000000000001,223.2713812154696,242.32657458563537,247.14154696132596,214.15,269.7688950276243,269.3786187845304,47,72,59,48,48,58
LU2,LU2_H26_24,LU2_2024,157,-7.495348066298343,18.97,-41.14,38.6,2291.54,0.49712707182320437,9.94,0,89.98,88.616,246.53641988950275,58.8,307,305,320,306,305,328,120,120,120,106,106,120,20.272596685082874,38.65469613259668,49.62232044198895,14.050773480662983,16.116187845303866,55.59917127071823,51.2,69.79,92.54,37.53,36.45,91.46,175,170,166,166,125,158,-8.810386740331491,-7.017458563535912,-9.295193370165746,-8.844668508287294,-5.203342541436464,-7.116077348066298,19.33,19.89,14.4,19.01,20.82,20.73,-41.19,-43.77,-42.53,-37.92,-42.29,-39.19,47,36,50,42,24,41,2528.8,2249.7,2649.18,2485.88,1835.51,2237.43,0.44314917127071823,0.4180110497237569,0.7690607734806629,0.513646408839779,0.2365193370165746,0.5483977900552486,8.34,8.64,11.03,10.54,6.01,13.48,0,0,0,0,0,0,80.21,75.66,139.2,92.97,42.81,99.26,67.67999999999999,94.37000000000002,101.06,71.96,50.47,125.22,224.13342541436464,242.68419889502763,247.24596685082872,208.67889502762432,268.21651933701656,265.85651933701655,45,74,63,48,50,59
LU2,LU2_I15_24,LU2_2024,156.4,-7.436977900552486,19.182,-41.216,38.8,2282.226,0.4942209944751381,10.756,0,89.454,88.732,248.5003093922652,57,307,305,320,306,305,328,120,120,120,105,105,120,20.904806629834255,39.373591160221,45.25850828729282,12.410773480662984,14.702099447513811,63.132872928176795,51.58,71.32,85.27,33.4,33.08,105.51,175,169,166,165,124,158,-8.730331491712708,-6.979447513812155,-9.290441988950276,-8.631270718232043,-5.098204419889503,-7.185524861878453,19.38,20.03,14.82,19.16,20.9,21,-41.21,-43.72,-42.23,-38.87,-42.23,-39.03,46,36,51,40,25,42,2528.52,2259.79,2651.62,2432.41,1810.57,2256.7400000000002,0.4260220994475138,0.4219889502762431,0.7513812154696132,0.5053591160220995,0.22209944751381216,0.5702762430939227,7.96,9.34,12.08,12.07,6.16,14.13,0,0,0,0,0,0,77.11,76.38,136,91.47,40.2,103.22,66.64,95.24999999999997,94.83999999999999,68.69,48.08,136.8,222.73685082872927,242.28596685082874,247.7767955801105,214.9910497237569,270.12480662983427,267.3229281767956,49,72,59,47,48,59
LU2,LU2_J27_24,LU2_2024,158.2,-7.5086132596685085,18.96,-41.184,38.6,2295.658,0.5045303867403315,9.96,0,91.32,90.22,246.2256132596685,58.6,307,305,320,306,305,328,120,120,120,107,106,120,22.079447513812156,39.0978453038674,50.94425414364641,14.399171270718233,16.432983425414363,57.707790055248616,54.81,70.35,94.88,38.47,37.41,94.52,175,175,166,167,125,158,-8.85207182320442,-7.03707182320442,-9.28889502762431,-8.859861878453039,-5.212845303867403,-7.14439226519337,19.35,19.89,14.38,18.97,20.9,20.66,-41.16,-43.76,-42.55,-37.99,-42.3,-39.32,48,35,50,42,24,42,2541.77,2258.15,2647.61,2488.91,1839.8799999999999,2243.74,0.4603867403314917,0.4193370165745856,0.781767955801105,0.5211602209944751,0.24591160220994476,0.5544751381215469,8.49,8.46,11.01,10.53,6.41,13.39,0,0,0,0,0,0,83.33,75.9,141.5,94.33,44.51,100.36,70.56,94.57,103.3,73.53999999999999,51.029999999999994,128.66,224.29668508287293,241.16154696132597,247.64381215469612,208.82806629834255,267.87232044198896,265.62232044198896,47,75,63,48,50,57
LU2,LU2_K26_24,LU2_2024,158,-7.433933701657459,19.092,-41.162,38.4,2288.202,0.4922651933701657,9.846,0,89.10000000000001,87.94,246.18861878453038,58.8,307,305,320,306,305,328,120,120,120,106,106,120,20.913591160220996,38.432541436464085,50.02149171270718,13.942209944751381,15.738232044198895,54.12828729281768,52.42,69.18,93.44,37.64,36.09,88.77,175,175,166,166,125,158,-8.773314917127072,-6.973508287292818,-9.210718232044199,-8.786491712707182,-5.144226519337017,-7.0547237569060774,19.49,20.03,14.38,19.23,21.06,20.76,-41.18,-43.78,-42.55,-38.03,-42.32,-39.13,48,34,50,42,24,42,2536.38,2254.31,2639.1,2482.07,1832.71,2232.82,0.4389502762430939,0.41243093922651936,0.7701657458563536,0.5091160220994475,0.23585635359116022,0.533756906077348,8.46,8.43,11.06,10.1,6.22,13.42,0,0,0,0,0,0,79.45,74.65,139.4,92.15,42.69,96.61,67.78,93.25999999999999,101.92,72,49.35,123.17,222.94685082872928,241.006408839779,248.08270718232043,208.7081767955801,267.48690607734807,265.6588950276243,48,75,63,48,50,58
LU2,LU2_L20_24,LU2_2024,156.6,-7.386265193370166,19.228,-41.262,38.6,2282.092,0.4848839779005525,10.038,0,87.76400000000001,86.91600000000001,247.104,58,307,305,320,306,305,328,120,120,120,105,105,120,20.600441988950276,39.10060773480663,47.29348066298343,12.848508287292818,14.661602209944752,55.55696132596685,51.4,70.49,88.79,35.31,33.7,92.79,175,170,166,165,124,158,-8.705939226519337,-6.938093922651934,-9.199502762430939,-8.658480662983425,-5.0639502762430935,-7.071298342541437,19.56,20.11,14.64,19.35,21.1,20.94,-41.18,-43.76,-42.36,-38.49,-42.26,-39.44,47,35,50,41,24,43,2534.24,2259.19,2640.32,2452.84,1813.43,2244.68,0.4207734806629834,0.41226519337016576,0.759281767955801,0.49530386740331495,0.22585635359116021,0.5317127071823204,8.29,8.68,11.59,9.89,6.29,13.74,0,0,0,0,0,0,76.16,74.62,137.43,89.65,40.88,96.24,65.97999999999999,94.35000000000001,97.81,69.43,47.379999999999995,125.61000000000004,221.2799447513812,240.6303314917127,248.28845303867402,211.8492817679558,268.66812154696134,266.08381215469615,49,71,62,49,50,58
LU2,LU2_L46_24,LU2_2024,156.6,-7.477756906077348,19.137999999999998,-41.068,39.2,2291.208,0.4991270718232044,10.402,0,90.342,90.3,247.25022099447514,56.8,307,305,320,306,305,328,120,120,120,105,105,120,22.019668508287292,40.06889502762431,48.88845303867403,13.509944751381216,15.102209944751381,62.86276243093923,54,72.2,91.28,36.26,34.46,105.97,175,170,166,165,124,158,-8.78425414364641,-7.006657458563536,-9.303674033149171,-8.698563535911601,-5.11121546961326,-7.268674033149171,19.42,20.02,14.75,19.08,21.01,20.83,-41.12,-43.72,-42.24,-38.84,-42.22,-38.32,47,36,50,41,25,44,2546.46,2271.75,2656.01,2449.45,1815.3,2263.53,0.4358011049723757,0.4167403314917127,0.7796132596685083,0.5091160220994475,0.23226519337016574,0.5579005524861879,8.31,9.2,11.86,10.24,6.81,13.9,0,0,0,0,0,0,78.88,75.42999999999999,141.11,92.15,42.04,100.98,68.12,95.68000000000002,100.33000000000001,72.02,48.83,134.64,221.58298342541437,239.9175138121547,248.13309392265194,214.2421546961326,269.81486187845303,264.14348066298345,49,71,60,46,48,59
LU2,LU2_M25_24,LU2_2024,158,-7.461828729281768,19.088,-41.268,38.6,2293.974,0.4985414364640884,9.896,0,90.236,88.52,245.58713812154696,58.4,307,305,320,306,305,328,120,120,120,106,106,120,22.070110497237568,39.002265193370164,50.83977900552486,14.191602209944751,15.745690607734806,54.68740331491713,54.55,70.03,94.71,38.36,36.23,90.07,175,175,166,166,125,158,-8.801160220994475,-6.994419889502763,-9.241602209944752,-8.804917127071823,-5.148287292817679,-7.119917127071823,19.48,20.05,14.47,19.15,21.07,20.7,-41.15,-43.76,-42.5,-38.31,-42.3,-39.47,48,35,50,41,24,43,2544.68,2261.56,2645.7,2484.12,1831.53,2246.96,0.44718232044198897,0.4145303867403315,0.7778453038674034,0.5149723756906077,0.23756906077348067,0.5477900552486188,8.47,8.23,11.21,10.13,6.54,13.37,0,0,0,0,0,0,80.94,75.03,140.79,93.21000000000001,43,99.15,69.16,93.73,103.08,72.92,49.49999999999999,123.36999999999999,222.4360220994475,239.7524861878453,247.553591160221,208.6993370165746,267.40480662983424,264.52546961325965,48,75,62,48,49,58
LU2,LU2_O16_24,LU2_2024,156.6,-7.4405138121546965,19.176,-41.04,38.8,2285.676,0.4936022099447514,10.462,0,89.342,88.73799999999999,247.4899226519337,56.6,307,305,320,306,305,328,120,120,120,105,105,120,21.57232044198895,39.94817679558011,47.672099447513816,13.003701657458564,14.692375690607735,60.14646408839779,53,72.07,89.27,35.14,33.51,102.17,175,170,166,165,124,158,-8.741298342541436,-6.976850828729281,-9.271961325966851,-8.64281767955801,-5.07803867403315,-7.232900552486188,19.47,20.04,14.78,19.19,21.06,20.81,-41.15,-43.72,-42.22,-38.8,-42.22,-38.24,47,36,50,40,24,44,2540.76,2268.36,2651.61,2439.32,1810.07,2259.02,0.4269060773480663,0.41513812154696134,0.7716022099447514,0.502707182320442,0.22867403314917126,0.549889502762431,8.21,9.23,11.94,10.37,6.62,14.15,0,0,0,0,0,0,77.27,75.14,139.66,90.99,41.39,99.53,67.11,95.53999999999998,98.52,70.72,47.989999999999995,130.92,221.55602209944752,240.17127071823205,248.3136464088398,214.78779005524862,269.92,264.25690607734805,49,71,59,47,48,58
LU2,LU2_O25_24,LU2_2024,159.4,-7.64892817679558,18.778,-41.426,39.6,2314.97,0.5318011049723756,10.416,0,96.256,95.21199999999999,246.9284861878453,58.2,307,305,320,306,305,328,120,120,120,107,112,120,24.82729281767956,40.80513812154696,53.10983425414365,15.714530386740332,17.706187845303866,65.22486187845304,59.91,73.19,98.24,40.47,39.7,106.99,176,175,166,167,131,158,-8.991740331491712,-7.151436464088398,-9.444668508287293,-8.970773480662983,-5.305220994475138,-7.372541436464088,19.11,19.73,14.54,18.49,20.67,20.46,-41.06,-43.7,-42.41,-38.44,-42.24,-40.34,48,36,52,41,25,44,2561.68,2276.42,2669.81,2496.47,1845.41,2286.74,0.49480662983425416,0.43165745856353593,0.8076243093922651,0.5462983425414365,0.2701104972375691,0.6033149171270719,8.4,8.86,11.27,11.13,7.47,13.35,0,0,0,0,0,0,89.56,78.13,146.18,98.88,48.89,109.2,75.21999999999998,97.05999999999999,106.55,77.77,55.61000000000001,139.07,225.10883977900554,240.72204419889502,247.0343093922652,211.3071270718232,270.5847513812155,264.99419889502764,47,73,61,47,54,56
LU2,LU2_Q24_24,LU2_2024,160,-7.7716795580110505,18.576,-41.364,39.8,2327.71,0.5634254143646409,10.884,0,101.98,102.474,248.88065193370167,57.6,307,305,320,306,305,328,120,120,120,107,114,120,25.96441988950276,42.070662983425414,55.870276243093926,16.475524861878455,21.604309392265193,76.82425414364641,61.82,75.27,102.73,43.12,46.73,128.45,176,175,166,167,134,158,-9.125,-7.257541436464089,-9.580690607734807,-9.057651933701658,-5.3801104972375695,-7.582403314917127,18.87,19.59,14.61,18.07,20.47,20.14,-40.96,-43.66,-42.34,-38.66,-42.18,-39.98,48,36,52,41,25,45,2580.09,2292.36,2689.01,2499.73,1848.5,2308.95,0.5140331491712707,0.443646408839779,0.8414917127071823,0.5748618784530387,0.28828729281767956,0.6688397790055248,8.27,9.42,11.45,11.57,8.71,13.27,0,0,0,0,0,0,93.04,80.3,152.31,104.05,52.18,121.06,76.91999999999999,98.88,110.85,81.89,63.28,157.47,224.57867403314918,240.77839779005524,247.11292817679558,214.96883977900552,274.22767955801106,267.3154143646409,46,71,59,46,55,57
LU2,LU2_U13_24,LU2_2024,156.8,-7.569635359116022,19.23,-40.85,39.6,2291.95,0.5330055248618785,11.008000000000001,0,96.474,98.674,252.29485082872927,55.4,307,305,320,306,305,328,120,120,120,101,110,120,23.82425414364641,40.98110497237569,50.14016574585635,12.684364640883977,16.186740331491713,83.29325966850828,56.94,74.03,93.89,37.34,36.11,141.73,176,170,166,161,129,158,-8.916049723756906,-7.123729281767956,-9.439254143646409,-8.568950276243093,-5.118729281767956,-7.597513812154697,19.18,19.86,15.68,18.7,20.99,20.92,-40.97,-43.64,-42.03,-40.07,-42.13,-36.38,47,36,52,39,25,46,2567.41,2293.56,2675.56,2388.31,1798.65,2303.67,0.44900552486187845,0.42243093922651936,0.8080662983425414,0.5367403314917127,0.25574585635359115,0.6420441988950276,8.09,10.17,12.49,10.64,8.02,13.72,0,0,0,0,0,0,81.27,76.46,146.26,97.15,46.29,116.21000000000001,70.58,96.95000000000002,103.46000000000001,75.37,53.629999999999995,163.96000000000004,221.75635359116023,239.47729281767957,249.98270718232044,228.25657458563535,278.5786740331492,265.17900552486185,50,70,58,41,52,56
LU2,LU2_W21_24,LU2_2024,161,-8.192022099447513,18.024,-40.974,41.2,2364.03,0.6415469613259669,12.816,0,116.12,118.562,253.0172044198895,53.4,307,305,320,306,305,328,120,120,120,107,118,120,30.811602209944752,44.339558011049725,61.459834254143644,18.51160220994475,27.314917127071823,105.49160220994474,69.98,78.58,111.9,48.62,59.25,177.29,178,176,166,167,138,158,-9.585497237569061,-7.633232044198895,-10.053563535911602,-9.312734806629834,-5.682182320441989,-8.278397790055248,17.89,18.9,15.04,16.53,19.3,20.35,-40.7,-43.51,-42.07,-40.26,-41.97,-37.06,48,39,53,42,26,46,2631.57,2339.15,2746.9,2492.57,1860.43,2381.1,0.5951381215469613,0.47104972375690607,0.9206629834254144,0.6581767955801104,0.3569613259668508,0.8008839779005525,8.45,11.82,12,13.59,12.37,14.3,0,0,0,0,0,0,107.72,85.26,166.64000000000001,119.13,64.61,144.96,88.14,102.96,120.3,91.98,77.56,200.01,225.7296132596685,239.11767955801105,246.03436464088398,226.9257458563536,287.3214917127072,265.6867403314917,43,68,54,40,51,54
LU21,LU21_10,LU21_2022,174.8,-9.297198895027623,19.83,-39.152,51.4,2677.404,0.507756906077348,6.292,0,91.904,79.834,206.70914917127072,54.6,305,308,305,305,317,306,120,120,120,120,120,115,42.03480662983426,27.396187845303867,40.52497237569061,33.01519337016575,48.25939226519337,17.413977900552485,63.83,54.24,78.87,49.94,87.97,40.97,181,168,181,181,169,175,-10.260027624309393,-9.254198895027624,-9.618563535911603,-7.988370165745856,-10.22439226519337,-9.400469613259668,24.52,20.93,20.05,20.2,15.13,22.84,-38.65,-40.33,-38,-41.41,-38.88,-37.14,53,56,47,46,63,45,2859.68,2640.92,2714.56,2461,2882.56,2687.98,0.5327624309392265,0.48,0.48861878453038676,0.43011049723756906,0.6917127071823205,0.44834254143646407,11.38,3.62,5.28,6.13,7.01,9.42,0,0,0,0,0,0,96.43,86.88,88.44,77.85,125.2,81.15,79.81,73.61,88.86,64.63,96.51,75.56,186.52441988950275,209.0432044198895,206.85127071823203,204.54646408839778,216.89530386740333,196.20950276243093,43,42,53,79,53,46
LU21,LU21_100,LU21_2022,173.6,-9.980657458563536,18.284,-39.722,55.4,2788.126,0.5981436464088398,6.406,0,108.264,94.584,202.63606629834254,52.2,305,308,305,305,316,306,120,120,120,120,120,116,50.8953591160221,31.8207182320442,48.64524861878453,46.345082872928174,63.93,19.2346408839779,80.94,59.27,92.01,73.12,109.85,41.82,181,174,181,181,170,162,-11.001961325966851,-9.80585635359116,-10.204447513812156,-8.601077348066298,-11.075220994475139,-10.216685082872928,23.19,19.33,18.67,18.71,13.6,21.11,-39.2,-40.16,-39.03,-42.59,-39.51,-37.32,61,57,52,46,68,54,3004.95,2730.82,2817.67,2549.47,3036.54,2806.13,0.6232596685082873,0.5568508287292817,0.5020994475138122,0.5409944751381215,0.8607182320441988,0.5300552486187845,11.17,4.26,5.26,5.9,6.93,9.68,0,0,0,0,0,0,112.81,100.79,90.88,97.92,155.79,95.94,94.07999999999998,83.15,98.49000000000001,86.15000000000003,118.26999999999998,86.86,181.81121546961327,207.03458563535912,198.98939226519337,207.50364640883978,208.82552486187845,190.82718232044198,40,45,49,73,49,45
LU21,LU21_105,LU21_2022,176.8,-10.066309392265193,18.298000000000002,-39.822,56.2,2802.5899999999997,0.5922651933701658,6.3919999999999995,0,107.2,94.18,202.18190055248618,52.4,305,308,305,305,316,306,120,120,120,120,120,119,47.96198895027624,29.932375690607735,47.469337016574585,46.66685082872928,63.40558011049724,22.9907182320442,74.87,56.34,90.51,73.26,109.04,48.91,181,173,181,181,170,179,-11.084337016574585,-9.88950276243094,-10.285662983425414,-8.688812154696132,-11.165469613259669,-10.302099447513813,23.05,19.47,18.78,18.71,13.61,20.92,-38.95,-40.25,-39.05,-42.81,-39.63,-37.37,62,58,52,49,68,54,3015.68,2743.41,2829.31,2565.91,3054.24,2820.08,0.5969613259668508,0.533646408839779,0.4891160220994475,0.5350276243093923,0.8532044198895028,0.5503314917127072,11.09,4.1,5.14,5.98,6.38,10.36,0,0,0,0,0,0,108.05,96.59,88.53,96.84,154.43,99.61,87.95000000000002,79.85,97.32000000000001,85.75,116.83,91.15,179.10729281767956,204.80414364640885,197.72259668508286,205.98408839779006,207.5703314917127,194.82834254143646,39,44,47,74,50,47
LU21,LU21_106,LU21_2022,176.6,-9.906668508287293,18.458000000000002,-39.638,55.8,2779.058,0.5951933701657459,6.462,0,107.73,93.818,204.48635359116022,52.4,305,308,305,305,316,306,120,120,120,120,120,117,50.877955801104974,32.15099447513812,48.732762430939225,44.79734806629834,62.541657458563535,21.57878453038674,80.76,59.76,91.9,70.57,108.23,46.85,181,174,181,181,170,177,-10.937292817679557,-9.747127071823204,-10.157237569060774,-8.566270718232044,-10.959088397790055,-10.103618784530386,23.13,19.46,18.67,18.78,13.94,21.44,-39.02,-40.16,-38.95,-42.51,-39.18,-37.39,59,58,53,46,68,54,2994.27,2725.83,2812.71,2546.89,3016.4,2793.46,0.6343093922651933,0.5462983425414365,0.5075138121546962,0.5345303867403315,0.8438674033149172,0.5437569060773481,11.42,4.17,5.3,5.92,7.4,9.52,0,0,0,0,0,0,114.81,98.88,91.86,96.75,152.74,98.42,96.05000000000001,82.17,98.05000000000001,82.97,116.74000000000001,89.16,183.1593370165746,207.68342541436465,199.85397790055248,207.78745856353592,210.83027624309392,196.27662983425415,41,46,49,73,50,44
LU21,LU21_107,LU21_2022,177,-10.008519337016574,18.276,-39.746,56,2795.088,0.6053259668508287,6.438000000000001,0,109.564,95.72,203.2765635359116,52.2,305,308,305,305,316,306,120,120,120,120,120,118,51.2267955801105,32.406519337016576,50.14922651933701,46.650773480662984,63.87502762430939,21.95950276243094,80.95,60.06,94.32,73.57,109.94,47.1,181,175,181,181,170,178,-11.0307182320442,-9.830994475138121,-10.242099447513812,-8.648093922651933,-11.088591160220995,-10.23281767955801,23.07,19.35,18.6,18.68,13.6,21.15,-39.11,-40.19,-39.04,-42.68,-39.42,-37.4,59,58,53,47,68,54,3010.8,2737.96,2826.18,2560.03,3039.22,2812.05,0.6252486187845304,0.5571823204419889,0.5104419889502763,0.5541436464088397,0.8573480662983426,0.5475138121546962,11.36,4.16,5.24,5.95,7.04,9.8,0,0,0,0,0,0,113.17,100.85,92.39,100.3,155.18,99.1,94.28999999999999,83.86,100.38,86.13,118.21,90.02000000000001,181.03127071823204,206.8311049723757,198.7317679558011,207.76801104972375,208.76088397790056,194.2910497237569,41,47,48,73,49,44
LU21,LU21_109,LU21_2022,176.8,-9.978602209944752,18.35,-39.712,56,2789.83,0.5948508287292817,6.42,0,107.668,93.96600000000001,203.7320552486188,52.2,305,308,305,305,316,306,120,120,120,120,120,118,50.3321546961326,31.907513812154697,48.79441988950276,45.24475138121547,62.66696132596685,21.6446408839779,79.72,59.52,92.2,71.19,108.19,46.91,181,174,181,181,170,178,-10.993480662983426,-9.807513812154696,-10.214171270718232,-8.617403314917127,-11.054254143646409,-10.199668508287292,23.05,19.44,18.69,18.77,13.64,21.21,-39.03,-40.2,-38.99,-42.63,-39.34,-37.4,60,58,53,47,68,54,3003.07,2733.48,2820.54,2555.33,3032.87,2806.93,0.6219889502762431,0.5482872928176795,0.504585635359116,0.5361878453038674,0.8461325966850829,0.539060773480663,11.36,4.11,5.24,5.99,6.96,9.8,0,0,0,0,0,0,112.58,99.24,91.33,97.05,153.15,97.57000000000001,93.82999999999998,82.47,98.52000000000001,83.63999999999999,116.40000000000002,88.8,181.8557458563536,207.67922651933702,199.253591160221,207.23845303867404,209.37524861878452,195.11375690607736,41,46,48,73,49,45
LU21,LU21_114,LU21_2022,176.6,-10.040961325966851,18.304,-39.792,56,2798.234,0.591292817679558,6.388,0,107.024,93.878,202.1025856353591,51.8,305,308,305,305,316,306,120,120,120,120,120,118,48.091436464088396,30.01546961325967,47.49685082872928,46.2192817679558,63.41088397790055,21.823425414364642,74.87,56.51,90.52,72.75,109.1,47.13,181,173,181,181,170,178,-11.055027624309393,-9.86682320441989,-10.261961325966851,-8.660469613259668,-11.139226519337017,-10.276325966850829,23.1,19.44,18.77,18.74,13.6,20.97,-39,-40.23,-39.03,-42.75,-39.59,-37.36,61,58,52,48,68,54,3011.41,2739.76,2825.56,2560.91,3049.15,2815.79,0.5977348066298342,0.5350276243093922,0.4904972375690608,0.5337016574585636,0.8562983425414364,0.540939226519337,11.09,4.1,5.16,5.91,6.53,10.24,0,0,0,0,0,0,108.19,96.84,88.78,96.60000000000001,154.99,97.91,87.94,80.1,97.28999999999999,85.52,117.08,89.4,179.79591160220994,205.05309392265193,198.02408839779005,206.23911602209944,207.99303867403316,193.20359116022098,39,44,47,73,50,45
LU21,LU21_116,LU21_2022,176.6,-9.979171270718231,18.528,-39.74,56.2,2787.544,0.5808729281767956,6.376,0,105.138,92.484,202.8795138121547,52.2,305,308,305,305,316,306,120,120,120,120,120,119,46.34182320441989,28.88193370165746,46.301160220994475,44.37121546961326,61.6653591160221,22.65972375690608,72.1,55.12,88.78,69.71,106.7,48.58,181,172,181,181,170,179,-10.988922651933702,-9.823867403314917,-10.20439226519337,-8.601574585635358,-11.067955801104972,-10.19806629834254,23.14,19.71,19.04,18.92,13.88,21.09,-38.8,-40.29,-38.9,-42.7,-39.48,-37.33,61,57,52,49,69,54,2996.42,2731.99,2813.43,2551.77,3037.75,2802.78,0.5746961325966851,0.5249723756906077,0.4848618784530387,0.518121546961326,0.8339226519337016,0.5424861878453039,10.97,3.98,5.15,6.02,6.35,10.38,0,0,0,0,0,0,104.02,95.02,87.76,93.78,150.94,98.19,84.58999999999999,78.74,96.38,82.75999999999999,114.54,90,179.51988950276242,205.61121546961326,198.9582320441989,205.5029281767956,208.70060773480662,195.62458563535913,40,45,49,72,50,45
LU21,LU21_119,LU21_2022,177.8,-10.035618784530387,18.218,-39.768,56.2,2801.368,0.6049944751381215,6.4559999999999995,0,109.504,95.25,203.10090607734807,52.8,305,308,305,305,316,306,120,120,120,120,120,119,51.94801104972376,33.267127071823204,50.14519337016574,45.84016574585635,63.90546961325967,22.069447513812154,82.54,61.28,94.33,72.08,110.12,47.56,181,178,181,181,170,179,-11.06914364640884,-9.850662983425414,-10.274613259668508,-8.692292817679558,-11.109116022099448,-10.251408839779005,22.96,19.25,18.44,18.56,13.67,21.17,-39.19,-40.17,-39.09,-42.73,-39.4,-37.45,61,59,53,47,68,54,3019.66,2743.94,2834.13,2567.92,3043.6,2817.25,0.6460220994475139,0.5603867403314917,0.5119889502762431,0.5462430939226519,0.8537016574585635,0.5526519337016574,11.39,4.18,5.28,6.02,7.18,9.62,0,0,0,0,0,0,116.93,101.43,92.67,98.87,154.52,100.03,97.5,84.01,99.85000000000001,83.82,118.31,90.26,181.58806629834254,207.08287292817678,198.43237569060773,206.37237569060773,208.64055248618786,194.97635359116023,41,50,47,73,49,45
LU21,LU21_122,LU21_2022,177.6,-9.9347182320442,18.349999999999998,-39.654,55.6,2786.154,0.6123867403314917,6.512,0,110.842,96.002,203.96805524861878,53.2,305,308,305,305,316,306,120,120,120,120,120,118,53.0521546961326,34.280662983425415,50.61806629834254,45.9492817679558,64.21397790055248,21.76110497237569,83.89,62.77,94.49,72.66,110.86,47.08,181,178,181,181,170,178,-10.986933701657458,-9.762403314917128,-10.187237569060773,-8.609613259668508,-10.987265193370165,-10.12707182320442,23.05,19.22,18.39,18.58,14.11,21.45,-39.22,-40.06,-39.04,-42.54,-39.2,-37.43,59,59,53,45,68,53,3007.93,2733.25,2822.48,2553.53,3022.04,2799.47,0.6578453038674034,0.5689502762430939,0.5187845303867403,0.554585635359116,0.8647513812154696,0.5548618784530387,11.68,4.31,5.37,5.89,7.85,9.14,0,0,0,0,0,0,119.07,102.98,93.9,100.38,156.52,100.43,100.1,85.52,99.64999999999998,84.84,119.58999999999999,90.41,182.337182320442,207.7585082872928,199.00834254143646,207.6413812154696,210.30375690607735,195.12828729281767,41,50,49,73,50,44
LU21,LU21_126,LU21_2022,177.6,-10.104839779005525,18.102,-39.854,56.8,2818.976,0.6232154696132597,6.526,0,112.80199999999999,97.306,202.44754696132597,53,305,308,305,305,316,306,120,120,120,120,120,118,54.7621546961326,38.01939226519337,55.81099447513812,46.640055248618786,63.6717679558011,21.59596685082873,86.69,68.75,102.93,72.47,109.92,46.82,181,178,181,181,170,178,-11.157790055248618,-9.905220994475139,-10.356022099447515,-8.807983425414365,-11.157569060773481,-10.297403314917126,22.79,19.08,18.08,18.33,13.77,21.25,-39.3,-40.28,-39.19,-42.89,-39.25,-37.66,62,59,53,48,70,54,3041.22,2762.46,2855.67,2591.65,3053.08,2832.02,0.6809944751381215,0.6014364640883978,0.5474033149171271,0.5790055248618785,0.8386187845303867,0.5496132596685083,11.61,4.46,5.41,6.41,7.23,9.12,0,0,0,0,0,0,123.26,108.86,99.08,104.8,151.79,99.48,103.45,89.87,106.85000000000001,83.02000000000001,117.85,88.94,180.37276243093922,210.31563535911602,197.88276243093924,204.5246961325967,206.99044198895027,192.52419889502764,41,51,47,73,49,45
LU21,LU21_14,LU21_2022,177.6,-10.093016574585635,18.137999999999998,-39.812,56.4,2815.038,0.6133259668508287,6.454,0,111.012,95.89999999999999,202.07571270718233,52.8,305,308,305,305,316,306,120,120,120,120,120,118,53.57491712707182,35.98939226519337,53.85591160220994,46.14259668508287,63.22602209944751,21.776740331491713,85,65.49,99.87,71.89,109.22,47.15,181,178,181,181,170,178,-11.13925414364641,-9.896685082872928,-10.342458563535912,-8.78425414364641,-11.150414364640884,-10.291270718232044,22.8,19.17,18.2,18.4,13.7,21.22,-39.21,-40.16,-39.14,-42.86,-39.29,-37.61,62,58,53,48,69,54,3035.14,2757.2,2850.37,2586.66,3051.91,2829.05,0.6689502762430939,0.5812154696132596,0.5330386740331492,0.5682320441988951,0.835414364640884,0.5487292817679558,11.5,4.32,5.34,6.21,7.06,9.34,0,0,0,0,0,0,121.08,105.2,96.48,102.85,151.21,99.32,101.4,86.91,104.39000000000001,82.1,117.05999999999999,89.03999999999999,180.57513812154696,208.4656906077348,197.47767955801106,204.463591160221,207.0453038674033,192.92629834254143,41,51,47,73,49,44
LU21,LU21_153,LU21_2022,176.6,-10.021817679558012,18.3,-39.768,56.2,2795.086,0.5967403314917127,6.402,0,108.01,94.72399999999999,202.52429834254144,51.8,305,308,305,305,316,306,120,120,120,120,120,118,49.42044198895027,30.709723756906076,48.08889502762431,46.36524861878453,63.85751381215469,21.850773480662983,78.23,57.6,91.31,73.11,109.82,47.13,181,173,181,181,170,178,-11.033287292817679,-9.848591160220995,-10.243729281767957,-8.63853591160221,-11.120580110497238,-10.257651933701657,23.14,19.41,18.75,18.75,13.57,21.02,-39.07,-40.2,-39.03,-42.69,-39.56,-37.36,61,59,51,49,68,54,3008.54,2736.93,2822.94,2557.21,3045.6,2812.75,0.6032596685082873,0.5470165745856354,0.49464088397790057,0.5381767955801104,0.8603314917127072,0.5435359116022099,11.09,4.15,5.19,5.91,6.69,10.07,0,0,0,0,0,0,109.19,99.01,89.53,97.41,155.72,98.38,90.8,81.73,98,86.08,117.95999999999998,89.85,180.26878453038674,206.01701657458563,198.1897237569061,206.77618784530387,208.26977900552487,193.36878453038673,40,44,47,73,50,45
LU21,LU21_16,LU21_2022,177.8,-10.167348066298343,18.046,-39.89,57.2,2826.834,0.6054696132596685,6.47,0,109.59,95.048,200.78329281767955,52.8,305,308,305,305,316,306,120,120,120,120,120,119,52.29353591160221,35.128839779005524,53.49640883977901,46.18707182320442,62.7975138121547,21.724475138121548,83.02,64.62,99.91,71.3,108.31,47.03,181,178,181,181,170,179,-11.198314917127071,-9.96110497237569,-10.408756906077349,-8.848480662983425,-11.237154696132597,-10.381243093922652,22.74,19.18,18.22,18.4,13.41,21.02,-39.14,-40.23,-39.18,-43.01,-39.41,-37.62,62,59,53,50,70,54,3043.8,2765.76,2860.48,2598.95,3066.39,2842.59,0.6594475138121547,0.5748066298342541,0.525414364640884,0.5624861878453039,0.8232596685082872,0.5413812154696133,11.36,4.4,5.41,6.31,6.6,9.63,0,0,0,0,0,0,119.36,104.04,95.1,101.81,149.01,97.99,99.82,85.74000000000001,104.55,80.97999999999999,115.75000000000001,88.22,179.3278453038674,207.80375690607735,196.7111602209945,202.30861878453038,205.4692817679558,191.6236464088398,41,51,47,73,49,44
LU21,LU21_164,LU21_2022,177.8,-10.162093922651934,18.058,-39.884,57.4,2825.1059999999998,0.6067292817679558,6.466,0,109.818,95.398,200.97734806629833,52.8,305,308,305,305,316,306,120,120,120,120,120,119,52.40458563535912,34.78419889502762,53.375801104972375,46.40635359116022,62.69966850828729,21.939171270718234,82.67,63.73,99.62,72.03,108.2,47.45,181,178,181,181,170,179,-11.186906077348066,-9.957292817679559,-10.399779005524861,-8.833093922651933,-11.238121546961326,-10.38218232044199,22.78,19.21,18.28,18.44,13.37,20.99,-39.11,-40.23,-39.17,-42.99,-39.43,-37.6,62,60,53,50,70,54,3040.84,2763.85,2857.95,2595.88,3066.25,2841.6,0.6498342541436464,0.5757458563535912,0.5247513812154696,0.5650828729281768,0.8256906077348066,0.5423756906077348,11.36,4.34,5.37,6.37,6.55,9.7,0,0,0,0,0,0,117.62,104.21,94.98,102.28,149.45,98.17,98.11,86.13,104.48,82.2,115.65,88.53,178.8550276243094,207.2800552486188,196.80635359116022,203.32762430939226,205.51419889502762,191.95850828729283,41,51,47,73,49,44
LU21,LU21_21,LU21_2022,177.6,-9.959596685082873,18.292,-39.684,55.6,2789.5099999999998,0.6156685082872928,6.508,0,111.43599999999999,96.66199999999999,203.16914917127073,52.8,305,308,305,305,316,306,120,120,120,120,120,118,52.9578453038674,33.83099447513812,50.59298342541437,47.003701657458564,65.04779005524863,22.217790055248617,84.08,61.9,94.34,74.39,112.02,47.73,181,178,181,181,170,178,-11.013314917127072,-9.782845303867402,-10.206298342541437,-8.627955801104973,-11.021657458563535,-10.159226519337016,22.97,19.18,18.37,18.52,14.03,21.36,-39.27,-40.08,-39.05,-42.58,-39.29,-37.42,60,59,53,45,68,53,3012.34,2735.5,2824.81,2555.38,3028.49,2803.37,0.6581767955801106,0.563646408839779,0.5165193370165746,0.5614364640883978,0.873646408839779,0.5630939226519337,11.57,4.34,5.35,5.88,7.76,9.21,0,0,0,0,0,0,119.13,102.02,93.49,101.62,158.13,101.92,100.03,84.51,99.63000000000001,86.70999999999998,120.69,91.77,181.95900552486188,205.75011049723756,198.29033149171272,207.5539779005525,209.55657458563536,194.69475138121547,41,50,47,73,50,44
LU21,LU21_23,LU21_2022,177.6,-9.987801104972377,18.262,-39.724,56.2,2796.616,0.6185082872928177,6.518,0,111.95,96.64,203.6441767955801,53,305,308,305,305,316,306,120,120,120,120,120,118,53.90519337016575,35.68441988950276,52.21668508287293,46.20049723756906,64.4442541436464,21.878950276243092,85.33,64.95,96.92,72.85,111.23,47.34,181,178,181,181,170,178,-11.042099447513813,-9.806270718232044,-10.23925414364641,-8.670801104972377,-11.041657458563536,-10.181022099447514,22.96,19.14,18.27,18.48,14.03,21.39,-39.28,-40.15,-39.11,-42.64,-39.22,-37.5,60,59,53,47,69,53,3019.44,2742.97,2833.27,2564.98,3031.95,2809.91,0.670939226519337,0.5796685082872928,0.5285635359116022,0.5646408839779006,0.8624861878453038,0.5571823204419889,11.71,4.24,5.38,6.08,7.78,9.11,0,0,0,0,0,0,121.44,104.92,95.67,102.2,156.11,100.85,101.92,86.94999999999999,101.57999999999998,84.34000000000002,119.76000000000002,90.57000000000001,182.04933701657458,208.6575138121547,198.54878453038674,206.94828729281767,209.40193370165747,194.66436464088397,41,50,47,73,50,45
LU21,LU21_27,LU21_2022,177.6,-10.10353591160221,18.102,-39.836,56.8,2817.798,0.6186850828729281,6.4879999999999995,0,111.982,96.562,202.23156906077347,53,305,308,305,305,316,306,120,120,120,120,120,118,54.13149171270718,37.0514364640884,54.75806629834254,46.518839779005525,63.58834254143646,21.56149171270718,85.86,67.33,101.34,72.39,109.74,46.69,181,178,181,181,170,178,-11.155,-9.903729281767955,-10.353259668508288,-8.80196132596685,-11.159088397790056,-10.2996408839779,22.78,19.1,18.11,18.34,13.74,21.22,-39.28,-40.2,-39.17,-42.88,-39.29,-37.64,62,59,53,48,70,54,3039.5,2760.48,2853.81,2589.93,3053.42,2831.35,0.6762983425414365,0.5930386740331491,0.539171270718232,0.5744198895027625,0.8382872928176796,0.5485082872928176,11.57,4.4,5.38,6.3,7.16,9.2,0,0,0,0,0,0,122.41,107.34,97.59,103.97,151.73,99.28,102.59000000000002,88.61,105.51,82.32,117.61000000000001,88.75999999999999,180.43309392265192,209.7482320441989,197.61381215469612,204.4666850828729,206.94093922651933,192.3881767955801,41,51,47,73,49,45
LU21,LU21_32,LU21_2022,177.6,-10.16296685082873,18.01,-39.92,57.2,2829.524,0.6251049723756906,6.5600000000000005,0,113.14399999999999,97.626,201.82707182320442,53,305,308,305,305,316,306,120,120,120,120,120,118,55.06005524861879,38.49303867403315,56.631160220994474,46.87745856353591,63.73022099447514,21.601657458563537,87.48,69.45,104.44,72.7,109.88,46.78,181,178,181,181,170,178,-11.218121546961326,-9.95353591160221,-10.411132596685082,-8.871187845303867,-11.220414364640884,-10.358563535911602,22.68,19.01,18.02,18.23,13.64,21.15,-39.34,-40.31,-39.24,-43.01,-39.32,-37.72,63,59,54,48,71,54,3052.58,2771.31,2865.92,2603.19,3064.55,2842.65,0.6874585635359116,0.6070718232044199,0.5510497237569061,0.5825414364640884,0.8356906077348066,0.549171270718232,11.57,4.61,5.48,6.53,7.05,9.13,0,0,0,0,0,0,124.43,109.88,99.74,105.44,151.26,99.4,104.48000000000002,90.29,108.1,83.57000000000001,117.59000000000002,88.58,179.90790055248618,210.44745856353592,197.4210497237569,203.60806629834255,205.93375690607735,191.7250276243094,41,51,47,73,49,45
LU21,LU21_36,LU21_2022,177.8,-10.274132596685083,17.886,-39.998,58.6,2846.334,0.6171602209944751,6.554,0,111.706,97.234,200.24644198895027,51.8,305,308,305,305,316,306,120,120,120,120,120,119,53.712265193370165,36.77011049723757,56.53121546961326,47.143977900552485,63.124806629834254,22.701270718232045,84.95,66.89,104.95,72.37,108.77,48.28,181,178,181,181,170,179,-11.305883977900553,-10.051602209944752,-10.51121546961326,-8.963149171270718,-11.35171270718232,-10.492983425414364,22.63,19.07,18.07,18.24,13.2,20.85,-39.18,-40.25,-39.29,-43.2,-39.52,-37.73,62,61,54,50,74,54,3063.87,2782.37,2880.04,2620.5,3086.74,2862.02,0.6662983425414365,0.5974585635359116,0.5397237569060773,0.5813259668508287,0.819060773480663,0.548232044198895,11.33,4.68,5.54,6.56,6.32,9.67,0,0,0,0,0,0,120.6,108.14,97.69,105.22,148.25,99.23,100.99000000000001,88.95,109.05,83.13,115.87,89.17,177.68801104972377,208.69160220994476,196.0310497237569,201.35972375690608,203.6354143646409,191.51441988950276,40,51,46,72,49,41
LU21,LU21_41,LU21_2022,177.8,-10.365718232044198,17.782,-40.077999999999996,59.2,2862.986,0.6107403314917127,6.498,0,110.544,96.52000000000001,198.56713812154695,51.2,305,308,305,305,316,306,120,120,120,120,120,119,53.43513812154696,35.73220994475138,56.58911602209945,47.24110497237569,63.22591160220995,22.616408839779005,84.55,64.94,105.52,72.37,108.76,47.72,181,178,181,181,170,179,-11.394558011049725,-10.129337016574585,-10.599944751381216,-9.062265193370166,-11.448977900552487,-10.588066298342541,22.49,19.02,18.02,18.14,13.03,20.7,-39.28,-40.28,-39.37,-43.33,-39.58,-37.83,63,62,55,51,74,54,3079.42,2796.18,2896.36,2640.05,3103.67,2878.67,0.6714917127071823,0.5879558011049724,0.5379558011049723,0.5783425414364641,0.8076243093922651,0.5418232044198895,11.28,4.57,5.59,6.63,5.98,9.72,0,0,0,0,0,0,121.54,106.42,97.37,104.67999999999999,146.18,98.07,102.03,86.59,109.60999999999999,82.41000000000001,115.49000000000002,88.5,176.68883977900552,206.6831491712707,194.85127071823206,199.62906077348066,201.93082872928176,189.7413812154696,40,50,44,71,49,42
LU21,LU21_52,LU21_2022,173.6,-9.954088397790056,18.323999999999998,-39.698,55.2,2783.908,0.5990939226519337,6.398,0,108.436,94.33,203.05278453038673,52.4,305,308,305,305,316,306,120,120,120,120,120,116,51.40403314917127,32.19237569060773,47.88011049723757,46.10491712707182,63.68651933701658,19.155580110497237,81.63,59.85,90.43,72.74,109.47,41.66,181,174,181,181,170,162,-10.978977900552486,-9.782900552486188,-10.181546961325967,-8.578591160220995,-11.043729281767956,-10.18367403314917,23.17,19.34,18.68,18.72,13.7,21.18,-39.18,-40.15,-39.01,-42.54,-39.47,-37.32,58,57,52,45,68,54,3001.11,2727.57,2814.1,2545.53,3031.23,2801.11,0.6252486187845304,0.5623204419889503,0.5046408839779005,0.540828729281768,0.8576795580110498,0.53,11.24,4.27,5.28,5.91,6.99,9.54,0,0,0,0,0,0,113.17,101.78,91.34,97.89,155.24,95.93,94.47,84.19,96.92000000000002,85.90999999999998,117.94,86.69,182.12657458563535,207.7814364640884,199.4003867403315,207.71839779005523,209.15497237569062,191.20872928176794,40,46,49,73,49,45
LU21,LU21_56,LU21_2022,177.6,-9.89381767955801,18.418,-39.614,55.4,2778.746,0.6103756906077348,6.548,0,110.478,95.928,203.90346961325966,53.8,305,308,305,305,316,306,120,120,120,120,120,118,52.72209944751381,33.790165745856356,49.70629834254144,45.27386740331492,64.71867403314917,21.98132596685083,83.61,62.01,92.95,71.72,111.99,47.58,181,178,181,181,170,178,-10.946132596685082,-9.727790055248619,-10.147762430939226,-8.565165745856353,-10.944530386740333,-10.083839779005524,23.11,19.25,18.46,18.67,14.2,21.51,-39.2,-40.04,-39.01,-42.46,-39.17,-37.39,59,59,53,45,68,52,3000.26,2726.87,2815.36,2545.48,3014.18,2791.84,0.6524861878453039,0.5641988950276243,0.5119337016574586,0.5456906077348066,0.8715469613259669,0.5585082872928177,11.49,4.37,5.38,5.81,8.05,9.13,0,0,0,0,0,0,118.1,102.12,92.66,98.77,157.75,101.09,99.13,84.86,98.28,84.30999999999999,120.94999999999999,91.24,182.60298342541435,206.8404419889503,198.68773480662983,207.17629834254143,211.1846408839779,195.62823204419888,41,50,52,73,50,44
LU21,LU21_57,LU21_2022,177.6,-9.959596685082873,18.292,-39.684,55.6,2789.5099999999998,0.6156685082872928,6.508,0,111.43599999999999,96.66199999999999,203.16914917127073,52.8,305,308,305,305,316,306,120,120,120,120,120,118,52.9578453038674,33.83099447513812,50.59298342541437,47.003701657458564,65.04779005524863,22.217790055248617,84.08,61.9,94.34,74.39,112.02,47.73,181,178,181,181,170,178,-11.013314917127072,-9.782845303867402,-10.206298342541437,-8.627955801104973,-11.021657458563535,-10.159226519337016,22.97,19.18,18.37,18.52,14.03,21.36,-39.27,-40.08,-39.05,-42.58,-39.29,-37.42,60,59,53,45,68,53,3012.34,2735.5,2824.81,2555.38,3028.49,2803.37,0.6581767955801106,0.563646408839779,0.5165193370165746,0.5614364640883978,0.873646408839779,0.5630939226519337,11.57,4.34,5.35,5.88,7.76,9.21,0,0,0,0,0,0,119.13,102.02,93.49,101.62,158.13,101.92,100.03,84.51,99.63000000000001,86.70999999999998,120.69,91.77,181.95900552486188,205.75011049723756,198.29033149171272,207.5539779005525,209.55657458563536,194.69475138121547,41,50,47,73,50,44
LU21,LU21_59,LU21_2022,176.2,-9.928817679558012,18.708,-39.666,56,2779.746,0.5660662983425414,6.368,0,102.458,89.85600000000001,202.903182320442,52,305,308,305,305,316,306,120,120,120,120,120,118,44.33430939226519,27.656408839779004,45.20646408839779,42.58154696132597,58.96657458563536,21.91027624309392,68.7,53.72,87.21,66.67,102.79,47.76,181,171,181,181,170,178,-10.92767955801105,-9.787127071823205,-10.161160220994475,-8.557541436464088,-11.007265193370166,-10.130994475138122,23.2,19.95,19.23,19.08,14.06,21.22,-38.83,-40.34,-38.74,-42.65,-39.3,-37.3,59,57,53,49,69,52,2983.9,2726.63,2804.88,2546.28,3027.76,2793.18,0.5573480662983425,0.5102762430939226,0.4785635359116022,0.5061878453038674,0.8062430939226519,0.5290607734806629,11.04,3.9,5.19,6.08,6.23,10.44,0,0,0,0,0,0,100.88,92.36,86.62,91.62,145.93,95.76,82.16,76.57000000000001,95.39999999999999,79.74000000000001,110.4,87.17,179.45066298342542,205.58243093922653,199.6796132596685,204.74569060773482,208.97906077348065,195.52911602209946,40,45,49,73,51,42
LU21,LU21_6,LU21_2022,176.2,-10.006082872928177,18.356,-39.776,56,2789.832,0.5913149171270718,6.35,0,107.02799999999999,94.28,202.84352486187845,52.4,305,308,305,305,316,306,120,120,120,120,120,117,48.50740331491713,30.043093922651934,47.02580110497237,46.890662983425415,63.6553591160221,21.50767955801105,75.93,56.66,89.98,73.66,109.27,45.7,181,172,181,181,170,177,-11.031160220994476,-9.837237569060774,-10.220082872928177,-8.611519337016574,-11.116546961325968,-10.245027624309392,23.2,19.45,18.86,18.76,13.78,20.93,-39.03,-40.21,-39.02,-42.67,-39.72,-37.26,62,58,52,48,68,54,3005.66,2731.46,2815.7,2549.41,3045.82,2806.77,0.5989502762430939,0.5402762430939226,0.49149171270718234,0.534364640883978,0.8551381215469613,0.5353038674033149,10.95,4.14,5.18,5.93,6.42,10.08,0,0,0,0,0,0,108.41,97.78999999999999,88.96,96.72,154.78,96.89,88.2,80.92,97.32000000000001,87.02,117.73,88.41,180.4367955801105,206.7531491712707,199.10950276243094,207.54486187845305,208.3232044198895,192.48690607734807,39,45,48,73,50,46
LU21,LU21_63,LU21_2022,177.8,-10.151685082872929,18.04,-39.882,56.6,2822.938,0.6071381215469613,6.452,0,109.892,95.42,200.33930386740332,52.8,305,308,305,305,316,306,120,120,120,120,120,119,52.29961325966851,34.468895027624306,52.4560773480663,46.504972375690606,63.62834254143647,22.021878453038674,83.09,63.34,98.14,72.27,109.55,47.49,181,178,181,181,170,179,-11.182569060773481,-9.947099447513812,-10.38867403314917,-8.820220994475138,-11.229861878453038,-10.37256906077348,22.84,19.15,18.25,18.4,13.4,21,-39.2,-40.21,-39.19,-42.96,-39.48,-37.57,62,58,53,49,69,54,3040.89,2762.21,2856.05,2592.05,3065.09,2839.29,0.6583977900552487,0.5692817679558011,0.5193922651933701,0.560110497237569,0.8385635359116022,0.5483425414364641,11.38,4.33,5.31,6.2,6.76,9.66,0,0,0,0,0,0,119.17,103.03999999999999,94.01,101.38,151.78,99.25,99.47,84.96000000000001,102.94,82.61,117.19,89.4,179.20259668508288,205.8896685082873,196.3375690607735,202.51961325966852,205.50143646408839,191.4482320441989,41,51,47,73,49,44
LU21,LU21_68,LU21_2022,176.8,-10.152082872928176,18.221999999999998,-39.822,57.2,2822.044,0.5721325966850829,6.318,0,103.556,90.774,199.42337016574587,51.4,305,308,305,305,316,306,120,120,120,120,120,119,47.45408839779005,30.146629834254142,49.21563535911602,44.364972375690606,59.41160220994475,22.036850828729282,74.23,57.08,93.75,68.69,103.09,47.54,181,173,181,181,170,179,-11.149806629834254,-9.959585635359115,-10.387762430939226,-8.811850828729282,-11.230441988950277,-10.370773480662983,22.75,19.56,18.61,18.68,13.29,20.97,-38.98,-40.33,-38.96,-42.95,-39.35,-37.52,62,60,53,50,69,54,3028.21,2760.57,2850.72,2594.6,3065.48,2838.85,0.6050276243093923,0.5288950276243094,0.497292817679558,0.529889502762431,0.7823204419889502,0.5222651933701657,11.24,4.05,5.38,6.39,5.68,10.09,0,0,0,0,0,0,109.51,95.73,90.01,95.91,141.6,94.53,90.93,78.64,100.12,79.03,109.78,86.3,177.01187845303866,203.7882320441989,196.3345856353591,201.15370165745856,204.43657458563536,191.40375690607735,41,44,47,72,49,45
LU21,LU21_74,LU21_2022,173.2,-9.913309392265193,18.404,-39.668,55.2,2774.894,0.5978232044198895,6.438,0,108.206,94.316,203.86692817679557,52.4,305,308,305,305,316,306,120,120,120,120,120,116,50.18834254143646,29.469723756906077,46.231767955801104,45.70933701657459,63.85447513812154,19.238121546961327,78.49,55.74,89.33,71.95,109.87,41.93,181,172,181,181,170,162,-10.930082872928176,-9.754917127071824,-10.135524861878453,-8.518232044198895,-11.010690607734807,-10.147182320441988,23.32,19.42,18.85,18.84,13.74,21.17,-39.13,-40.14,-38.97,-42.46,-39.51,-37.26,60,58,51,45,68,54,2990.37,2719.74,2803.43,2534.29,3025,2792.0099999999998,0.6147513812154696,0.5576243093922651,0.5029281767955801,0.534364640883978,0.8639226519337017,0.5302762430939226,11.07,4.22,5.27,5.91,7.06,9.73,0,0,0,0,0,0,111.27,100.92999999999999,91.03,96.72,156.37,95.98,90.71000000000001,83.55,96.59,85.78999999999999,118.5,87.15,182.8890055248619,209.069226519337,200.3207182320442,208.2617127071823,210.49889502762431,191.18408839779005,41,46,49,72,50,45
LU21,LU21_78,LU21_2022,173.2,-9.932265193370165,18.398,-39.686,55.2,2778.11,0.5966740331491712,6.44,0,107.99799999999999,94.226,203.59563535911602,52.4,305,308,305,305,316,306,120,120,120,120,120,116,49.80889502762431,29.20093922651934,46.0917679558011,45.747624309392265,63.94685082872928,19.316022099447515,77.92,55.3,89.15,72,110.02,42.02,181,172,181,181,170,162,-10.946988950276243,-9.773259668508286,-10.153232044198894,-8.535690607734807,-11.032486187845304,-10.166657458563536,23.32,19.42,18.86,18.84,13.74,21.13,-39.14,-40.15,-38.98,-42.5,-39.54,-37.26,60,58,51,45,68,54,2993.1,2722.43,2806.07,2537.53,3029.33,2795.19,0.6103867403314918,0.554585635359116,0.5004419889502763,0.5332596685082873,0.8650276243093923,0.5300552486187845,11,4.2,5.25,5.92,6.99,9.84,0,0,0,0,0,0,110.48,100.38,90.58,96.52,156.57,95.94,90.01,83.05999999999999,96.4,85.76,118.57,87.34,182.50364640883978,208.61309392265193,200.0575690607735,207.9849723756906,210.26872928176795,191.05381215469612,41,46,49,72,50,45
LU21,LU21_82,LU21_2022,173.4,-9.833718232044198,18.49,-39.564,54.4,2765.972,0.610585635359116,6.542,0,110.516,95.614,205.14027624309392,53.6,305,308,305,305,316,306,120,120,120,120,120,116,53.19519337016575,31.625801104972375,47.93696132596685,45.73541436464088,64.71502762430939,19.569558011049725,84.57,58.74,91.15,72.11,111.71,42.64,181,173,181,181,170,162,-10.885773480662984,-9.677375690607734,-10.084419889502762,-8.485441988950276,-10.894337016574585,-10.027016574585636,23.18,19.27,18.59,18.77,14.29,21.53,-39.21,-40.02,-38.96,-42.33,-39.24,-37.27,58,57,51,44,68,52,2987.5,2715.26,2801.82,2529.01,3004.94,2778.83,0.654585635359116,0.5683425414364641,0.5161878453038674,0.5501657458563536,0.8724861878453039,0.5457458563535912,11.44,4.41,5.4,5.77,8.06,9.07,0,0,0,0,0,0,118.48,102.87,93.43,99.58,157.92,98.78,99.46,85.58,97.15,85.50999999999999,120.88,88.95,184.51939226519337,209.34801104972377,200.42309392265193,209.85441988950276,212.48558011049724,193.5902762430939,42,46,54,73,50,45
LU21,LU21_871,LU21_2022,176,-9.65078453038674,18.962,-39.404,53.8,2736.03,0.5665414364640884,6.44,0,102.544,88.774,206.1442320441989,53.2,305,308,305,305,317,306,120,120,120,120,120,117,48.287734806629835,30.780165745856355,45.306795580110496,39.423591160220994,57.58171270718232,20.118453038674033,74.56,58.02,86.06,61.66,101.65,44.86,181,172,181,181,169,177,-10.673480662983426,-9.540082872928178,-9.932569060773481,-8.330745856353591,-10.64828729281768,-9.802237569060773,23.68,19.93,19.14,19.27,14.44,22.03,-38.78,-40.17,-38.67,-42.11,-38.73,-37.34,56,58,50,45,65,51,2942.93,2690.3,2772.43,2510.17,2959.61,2747.64,0.6034254143646409,0.528232044198895,0.5003867403314917,0.4969060773480663,0.7961325966850828,0.511049723756906,11.47,4.03,5.33,5.84,7.66,9.34,0,0,0,0,0,0,109.22,95.61,90.57,89.94,144.1,92.5,90.01,80.25999999999999,93.30000000000001,75.19999999999999,110.53999999999999,84.57000000000001,184.75237569060772,209.4246408839779,202.65265193370166,207.34845303867402,214.28519337016576,197.01022099447513,41,46,51,72,53,44
LU21,LU21_9,LU21_2022,177.6,-10.002011049723757,18.284,-39.726,56.2,2797.326,0.604585635359116,6.428,0,109.42999999999999,94.888,202.66006629834254,53,305,308,305,305,316,306,120,120,120,120,120,118,52.27441988950276,34.00889502762431,51.224088397790055,45.44657458563536,62.99325966850829,21.747403314917126,82.85,62.47,95.7,71.37,108.91,47.12,181,178,181,181,170,178,-11.042596685082874,-9.822016574585636,-10.251381215469614,-8.67671270718232,-11.058701657458563,-10.201243093922653,22.95,19.29,18.41,18.57,13.83,21.32,-39.14,-40.16,-39.05,-42.68,-39.25,-37.49,61,59,53,47,68,54,3015.79,2741.43,2831.79,2566.56,3035,2811.85,0.6529834254143646,0.562707182320442,0.5197237569060773,0.5513812154696133,0.8419889502762431,0.5471270718232044,11.49,4.12,5.31,6.05,7.25,9.41,0,0,0,0,0,0,118.19,101.85,94.07,99.8,152.4,99.03,98.83,84.37,101,82.78000000000002,117.04999999999998,89.24,181.44657458563535,206.51154696132596,198.29955801104973,205.79066298342542,208.63204419889502,194.0665193370166,41,50,48,73,50,44
LU21,LU21_93,LU21_2022,176.4,-9.929127071823205,18.503999999999998,-39.65,55.8,2781.374,0.5814806629834254,6.36,0,105.248,92.12,204.50404419889503,52,305,308,305,305,316,306,120,120,120,120,120,117,48.39662983425414,30.8753591160221,47.81276243093922,43.89220994475138,60.62944751381215,21.22546961325967,75.02,58.21,90.82,68.84,105.28,46.41,181,173,181,181,170,177,-10.92707182320442,-9.773756906077349,-10.168287292817679,-8.564171270718232,-10.99767955801105,-10.141740331491713,23.15,19.65,18.9,18.97,13.69,21.31,-38.84,-40.23,-38.87,-42.56,-39.2,-37.39,60,58,51,48,68,54,2988.63,2727.09,2811.1,2548.2,3022.7400000000002,2797.74,0.6037016574585635,0.5386187845303867,0.4987292817679558,0.5241436464088398,0.8206077348066299,0.5253038674033149,11.32,3.95,5.2,6.07,6.69,9.89,0,0,0,0,0,0,109.27,97.49,90.27,94.87,148.53,95.08,89.00999999999999,81.2,97.71,81.48,113.29,86.92,181.9807182320442,208.96436464088399,200.23486187845305,207.65149171270718,210.24486187845304,195.4246408839779,42,45,48,72,50,45
LU21,LU21_97,LU21_2022,176.6,-10.012917127071823,18.532,-39.734,56.2,2794.822,0.5710497237569061,6.378,0,103.36,90.824,201.9341767955801,52,305,308,305,305,316,306,120,120,120,120,120,119,45.3592817679558,28.576519337016574,46.67740331491713,43.85447513812155,59.80674033149171,22.093591160220996,70.17,55.03,89.51,68.48,103.88,47.69,181,172,181,181,170,179,-11.015497237569061,-9.852292817679558,-10.242237569060773,-8.648011049723756,-11.095690607734806,-10.22635359116022,23.06,19.8,19.03,18.92,13.82,21.09,-38.85,-40.33,-38.83,-42.76,-39.39,-37.36,61,57,53,49,69,53,3000.64,2738.41,2820.52,2562.18,3043.12,2809.88,0.5765193370165745,0.518121546961326,0.4848618784530387,0.5184530386740331,0.8053038674033149,0.5285082872928176,11.12,4.03,5.23,6.17,6.03,10.43,0,0,0,0,0,0,104.35,93.78,87.76,93.84,145.76,95.66,84.48,77.56,97.09,80.74000000000002,111.10999999999997,87.61999999999999,178.61342541436463,205.37867403314917,198.52005524861877,204.20640883977902,207.39375690607736,194.17198895027624,40,45,48,73,50,44
LU21,LU21_98,LU21_2022,173.2,-9.911342541436465,18.387999999999998,-39.666,55,2774.524,0.5992486187845304,6.436,0,108.464,94.492,204.06096132596684,52.4,305,308,305,305,316,306,120,120,120,120,120,116,50.47701657458563,29.60209944751381,46.42685082872928,45.909447513812154,63.97646408839779,19.14022099447514,78.96,55.94,89.59,72.28,110.07,41.96,181,172,181,181,170,162,-10.929364640883978,-9.750414364640884,-10.132845303867404,-8.516988950276243,-11.009585635359116,-10.146878453038674,23.31,19.4,18.83,18.82,13.72,21.17,-39.15,-40.14,-38.97,-42.45,-39.51,-37.26,59,57,51,45,68,54,2990.46,2719.13,2803.2,2533.75,3024.61,2791.93,0.6186740331491712,0.5592265193370166,0.5040883977900552,0.5365193370165746,0.8661878453038674,0.5302209944751382,11.1,4.24,5.28,5.9,7.09,9.67,0,0,0,0,0,0,111.98,101.22,91.24,97.11,156.78,95.97,91.36,83.76,96.81000000000002,86.12,118.73,87.04,183.09524861878452,209.16988950276243,200.3674585635359,208.5270718232044,210.56546961325967,191.6749171270718,41,46,49,72,50,45
LU22,LU22_101,LU22_2023,173.6,-9.450370165745856,19.434,-40.862,53,2769.302,0.7636906077348067,8.93,0,138.228,133.74200000000002,213.71619889502762,62,307,307,305,311,305,305,120,120,120,120,120,120,69.56939226519337,94.03933701657459,74.51718232044199,68.59209944751382,29.22414364640884,42.39878453038674,114.22,160.02,121.25,121.16,66.78,76.77,179,179,181,175,181,152,-9.904530386740332,-10.286022099447514,-9.03232044198895,-10.930690607734807,-10.06610497237569,-6.936712707182321,18.9,18.28,20.13,15.17,24.42,19.17,-41.88,-39.66,-40.59,-39.5,-38.39,-46.17,61,55,51,66,58,35,2831.13,2923.05,2697.16,3002.81,2889.13,2334.36,1.1124309392265193,0.7433701657458563,1.101657458563536,0.9139226519337017,0.6651381215469613,0.3943646408839779,7.58,6.74,9.77,10.9,7.24,10,0,0,0,0,0,0,201.35,134.55,199.4,165.42,120.39,71.38,144.12,166.13000000000002,174.58000000000004,135.14000000000001,106.06000000000002,86.79999999999998,233.59491712707182,190.4154143646409,223.7020994475138,219.1086187845304,204.0903867403315,231.26447513812155,57,56,71,54,59,70
LU22,LU22_103,LU22_2023,172.6,-9.228712707182321,19.226,-40.618,50,2701.6659999999997,0.6586519337016574,8.174,0,119.21600000000001,107.898,213.1051491712707,60.4,308,307,305,307,305,305,120,120,120,120,119,116,58.0624861878453,77.17878453038674,63.597513812154695,57.92900552486188,21.901546961325966,21.282375690607736,104.87,135.6,106,102.33,50.09,42.96,178,179,181,176,180,147,-9.628950276243094,-10.151988950276243,-8.892292817679557,-10.562596685082873,-9.80950276243094,-6.727182320441989,18.39,17.99,19.67,15.13,24.53,18.81,-40.39,-40.07,-40.39,-38.74,-38.84,-45.05,61,52,50,61,54,33,2758.43,2871.22,2649.94,2906.89,2817.89,2262.39,1.0366298342541436,0.6676243093922651,0.9299447513812155,0.8105524861878453,0.5287845303867403,0.356353591160221,5.68,6.37,8.01,9.25,5.28,11.96,0,0,0,0,0,0,187.63,120.84,168.32,146.71,95.71000000000001,64.5,121.29000000000002,142.38,144.51999999999998,115.79999999999998,83.11,53.68000000000001,241.207182320442,192.8739779005525,221.99767955801104,219.8379005524862,196.32939226519338,234.4867955801105,55,54,74,55,56,63
LU22,LU22_107,LU22_2023,171.4,-9.201132596685083,19.192,-40.622,49.8,2693.724,0.6258121546961326,7.792,0,113.272,102.64,211.5331602209945,59.8,308,308,305,307,305,305,120,120,120,120,119,115,52.16878453038674,72.81950276243094,60.31309392265194,55.87292817679558,20.90756906077348,20.466298342541435,91.46,125.59,100.05,98.19,47.79,41.72,178,178,181,176,180,142,-9.592044198895028,-10.138839779005524,-8.878867403314917,-10.515552486187845,-9.780276243093923,-6.692127071823204,18.3,17.95,19.59,15.1,24.55,18.77,-40.25,-40.13,-40.39,-38.67,-38.93,-44.99,61,52,50,61,54,32,2749.78,2865.53,2645.88,2893.52,2810.2,2253.49,0.848232044198895,0.6132596685082873,0.8956906077348066,0.7712707182320442,0.5098342541436464,0.33900552486187846,5.25,6.13,7.57,8.95,5,11.31,0,0,0,0,0,0,153.53,111,162.12,139.6,92.28,61.36,108.07,132.45000000000002,139.76999999999998,109,79.91,52.069999999999986,230.99265193370167,189.5471270718232,221.0668508287293,218.84408839779005,194.73403314917127,233.47370165745858,55,53,73,56,55,62
LU22,LU22_11,LU22_2023,173.4,-9.13513812154696,19.594,-40.974,50,2719.726,0.8814585635359117,11.75,0,159.544,141.732,226.14292817679558,65.6,305,305,305,311,305,305,120,120,120,120,120,119,74.86232044198896,108.4221546961326,77.89441988950276,74.35138121546962,31.03088397790055,24.04635359116022,118.01,182.43,119.12,132.43,73.68,50.44,181,181,181,175,180,150,-9.69171270718232,-9.901408839779005,-8.722127071823204,-10.66792817679558,-9.766381215469613,-6.617845303867403,19.47,18.12,20.33,15.99,24.43,19.1,-41.72,-39.37,-40.1,-40.16,-38.07,-47.17,62,51,49,60,54,36,2799.13,2870.63,2650.35,2960.74,2841,2275.91,1.180220994475138,0.8477900552486188,1.1897237569060775,1.0159116022099448,0.7673480662983425,0.5865193370165745,8.66,6.6,11.46,14.39,8.97,17.33,0,0,0,0,0,0,213.62,153.45,215.34,183.88,138.89000000000001,106.16,149.29999999999998,189.38000000000002,192.77999999999997,146.45,116.73,63.31999999999999,237.69845303867405,199.44198895027625,228.7593370165746,227.9343093922652,216.493591160221,258.0854143646409,58,65,72,57,63,71
LU22,LU22_110,LU22_2023,170.6,-9.168425414364641,19.168,-40.638,49,2683.302,0.5769613259668508,7.106,0,104.43,94.41000000000001,209.2206961325967,59.2,308,308,305,311,305,305,120,120,120,120,117,114,46.87005524861878,64.55530386740331,54.576408839779006,53.69375690607735,19.49546961325967,19.221767955801106,84.45,110.63,91.34,94.27,44.35,39.7,178,178,181,175,178,141,-9.538232044198896,-10.126049723756907,-8.871022099447513,-10.453397790055249,-9.747762430939227,-6.64389502762431,18.16,17.87,19.43,15.06,24.61,18.87,-40.09,-40.26,-40.37,-38.54,-39.11,-44.91,61,52,50,59,52,32,2737.08,2858.35,2641.38,2875.2,2801.02,2240.56,0.7090055248618784,0.5540331491712707,0.8160773480662984,0.7238674033149172,0.48220994475138124,0.3086187845303867,4.56,5.65,6.76,8.52,4.59,10.01,0,0,0,0,0,0,128.33,100.28,147.71,131.02,87.28,55.86,98.86,116.55000000000001,126.68,103.73,75.15,49.940000000000005,220.4667403314917,187.00220994475137,217.20005524861878,218.22988950276243,192.11552486187844,231.55580110497237,56,53,73,54,54,62
LU22,LU22_15,LU22_2023,172.8,-9.071872928176795,19.496,-40.81,49.4,2703.104,0.8412707182320442,11.072,0,152.27,134.97000000000003,225.38381215469613,65,307,305,305,311,305,305,120,120,120,120,120,117,70.84082872928177,102.97005524861879,74.72696132596685,71.3253591160221,29.407292817679558,23.110828729281767,113.9,173.15,114.51,127.11,69.94,48.96,179,180,181,175,180,148,-9.606657458563536,-9.853259668508286,-8.68671270718232,-10.571906077348066,-9.698563535911601,-6.548922651933702,19.5,18.05,20.24,15.7,24.42,19.07,-41.69,-39.47,-40.1,-39.51,-38.26,-46.71,61,51,48,59,54,35,2782.94,2859.29,2642.1,2934,2823.7,2256.43,1.1081767955801105,0.8168508287292818,1.1342541436464089,0.9747513812154696,0.7342541436464088,0.5462430939226519,7.77,6.44,10.69,13.74,8.26,16.23,0,0,0,0,0,0,200.58,147.85,205.3,176.43,132.9,98.87,142.72,180.37000000000006,180.98000000000002,140.32999999999998,111.16,62.010000000000005,237.37265193370166,199.0143093922652,227.26651933701658,228.18812154696133,215.8910497237569,256.55906077348067,57,64,73,57,62,69
LU22,LU22_17,LU22_2023,173.6,-9.152060773480663,19.574,-40.936,50.2,2720.826,0.8622099447513812,11.572000000000001,0,156.06,139.422,225.15708287292819,65.4,305,305,305,311,305,305,120,120,120,120,120,120,72.95696132596684,106.11994475138121,76.66220994475138,73.29165745856353,30.682099447513814,24.511160220994476,116.37,179.03,117.89,130.68,72.88,50.64,181,181,181,175,180,151,-9.703701657458563,-9.933812154696133,-8.738867403314917,-10.674226519337017,-9.778839779005525,-6.634558011049724,19.38,18.13,20.3,15.91,24.44,19.09,-41.7,-39.42,-40.14,-40.01,-38.11,-47,62,51,49,60,55,36,2799.65,2874.01,2651.44,2960.63,2841.08,2276.97,1.1539779005524862,0.8312707182320442,1.1659668508287293,0.9948066298342542,0.758232044198895,0.5607734806629834,8.5,6.67,11.21,14.03,8.81,17.14,0,0,0,0,0,0,208.87,150.46,211.04,180.06,137.24,101.5,144.65,185.95,187.88,144.54,115.11,63.63,237.12861878453037,198.55955801104972,227.79651933701658,227.36049723756906,215.9621546961326,256.10668508287296,57,64,72,57,62,72
LU22,LU22_18,LU22_2023,173.2,-9.100005524861878,19.61,-40.818,49.8,2706.822,0.824817679558011,10.858,0,149.292,133.726,225.05779005524863,64.4,305,305,305,311,305,305,120,120,120,120,120,119,69.03331491712707,99.62187845303868,72.90093922651934,72.7082320441989,29.568950276243093,23.7707182320442,112.42,167.51,113.42,130.56,69.9,48.82,181,180,181,175,180,150,-9.639419889502763,-9.900718232044198,-8.675276243093922,-10.603342541436463,-9.73853591160221,-6.582154696132597,19.3,18.14,20.32,16.05,24.43,19.11,-41.4,-39.39,-40.22,-39.87,-38.01,-46.6,61,51,48,60,55,35,2783.02,2859.98,2633.69,2948.83,2830.2,2261.41,1.1190055248618784,0.7751933701657459,1.11292817679558,0.964585635359116,0.7329281767955801,0.5384530386740332,7.92,6.59,10.53,13.2,8.33,15.64,0,0,0,0,0,0,202.54,140.31,201.44,174.59,132.66,97.46000000000001,141.04999999999998,174.72,177.23999999999998,143.16999999999996,111.46000000000001,62.04,238.13138121546962,197.43497237569062,228.5874585635359,227.62696132596685,215.3996685082873,256.2398895027624,56,63,72,56,60,71
LU22,LU22_21,LU22_2023,173,-9.094375690607734,19.444,-40.796,49.2,2704.408,0.8251491712707183,10.78,0,149.352,133.434,224.6789723756906,64.4,307,305,305,311,305,305,120,120,120,120,120,118,70.71154696132596,100.01580110497238,74.59414364640884,72.13790055248619,28.545690607734805,23.300165745856354,115.53,169.74,117.77,128.93,67.51,48.67,179,180,181,175,180,149,-9.61475138121547,-9.889806629834254,-8.715055248618784,-10.57792817679558,-9.712596685082874,-6.576491712707182,19.41,18.05,20.18,15.57,24.44,18.98,-41.64,-39.54,-40.13,-39.45,-38.34,-46.52,61,51,47,58,55,35,2782.44,2862.53,2644.61,2931.79,2823.34,2259.77,1.1356906077348066,0.8104972375690608,1.1345303867403316,0.9646408839779006,0.7113812154696133,0.5046961325966851,7.63,6.52,10.42,13.21,7.88,15.87,0,0,0,0,0,0,205.56,146.7,205.35,174.6,128.76,91.35,142.62,176.85000000000002,177.85,142.5,108.21000000000001,61.760000000000005,239.0049723756906,199.24933701657457,228.64955801104972,227.5535359116022,214.26651933701658,253.67591160220994,57,63,71,56,62,70
LU22,LU22_22,LU22_2023,172.8,-9.07346408839779,19.478,-40.74,49.2,2699.122,0.8117569060773481,10.68,0,146.928,131.14600000000002,224.65499447513812,64.2,307,305,305,311,305,305,120,120,120,120,120,117,69.39961325966851,98.34629834254143,72.35149171270719,71.41016574585636,28.20696132596685,22.83220994475138,113.61,167.03,112.83,127.93,66.78,47.97,179,180,181,175,180,148,-9.594944751381215,-9.877872928176796,-8.683314917127072,-10.553756906077348,-9.699917127071823,-6.552458563535912,19.35,18.07,20.22,15.66,24.44,19,-41.4,-39.51,-40.17,-39.39,-38.26,-46.37,60,51,47,58,55,35,2776.23,2856.41,2636.06,2929.61,2820.11,2253.42,1.1071270718232045,0.7966298342541437,1.0892817679558011,0.9544751381215469,0.7048618784530387,0.5135359116022099,7.52,6.52,10.22,12.95,7.8,15.91,0,0,0,0,0,0,200.39,144.19,197.16,172.76,127.58,92.95,141.07000000000002,174.24000000000004,172.85999999999999,140.8,107.21000000000001,60.62,238.77198895027624,199.31723756906078,227.45767955801105,227.73878453038674,214.2249723756906,254.53629834254144,57,64,71,56,61,69
LU22,LU22_25,LU22_2023,172.8,-9.037370165745855,19.548000000000002,-40.626,49,2688.096,0.7785856353591161,10.286,0,140.924,124.828,224.24045303867405,64.2,307,305,305,311,305,305,120,120,120,120,120,117,64.53790055248619,91.71281767955801,68.94171270718232,67.75237569060774,26.842265193370167,22.67270718232044,107.47,155.05,108.67,121.71,63.39,47.55,179,180,181,175,180,148,-9.556049723756907,-9.87024861878453,-8.625414364640884,-10.499005524861879,-9.67743093922652,-6.514751381215469,19.16,18.1,20.25,15.9,24.42,19.07,-41.01,-39.48,-40.26,-39.25,-38.1,-46.04,61,50,46,60,55,34,2762.34,2844.7599999999998,2617.73,2923.04,2812.3,2242.65,1.0551381215469613,0.7297237569060774,1.0447513812154696,0.9200552486187845,0.6699447513812155,0.5284530386740331,7.03,6.51,9.6,12.1,7.43,15.79,0,0,0,0,0,0,190.98,132.08,189.1,166.53,121.26,95.65,132.79999999999998,162.42000000000004,165.57,135.20999999999998,101.25,59.69,238.25944751381215,196.74132596685084,228.37618784530386,227.3385635359116,212.41690607734807,256.3292817679558,56,63,74,56,59,69
LU22,LU22_29,LU22_2023,173.6,-9.15907182320442,19.516,-40.862,50,2718.602,0.852110497237569,11.174,0,154.232,138.862,224.7518232044199,64.4,307,305,305,311,305,305,120,120,120,120,120,120,73.85093922651934,105.87060773480663,77.06762430939227,74.28270718232044,29.32414364640884,24.65889502762431,120.72,179.2,120.57,132.99,69.28,50.56,179,180,181,175,181,151,-9.695027624309391,-9.959364640883978,-8.756878453038674,-10.661906077348066,-9.77878453038674,-6.638425414364641,19.3,18.12,20.24,15.71,24.45,19.06,-41.63,-39.5,-40.18,-39.68,-38.21,-46.74,62,51,48,61,55,35,2795.71,2874.7599999999998,2651.53,2953.97,2837.38,2275.37,1.1677348066298343,0.8376243093922652,1.183425414364641,0.9886187845303868,0.7329281767955801,0.5179558011049724,8.19,6.77,10.81,13.39,8.29,16.61,0,0,0,0,0,0,211.36,151.61,214.2,178.94,132.66,93.75,147.22000000000003,186.04999999999998,186.28999999999996,147.02999999999997,111.35000000000001,63.59000000000001,238.80762430939225,199.11779005524863,229.22060773480663,227.15116022099448,214.34342541436465,253.92613259668508,56,62,72,56,60,72
LU22,LU22_30,LU22_2023,173.2,-9.139381215469614,19.54,-40.839999999999996,49.8,2714.474,0.845878453038674,11.132,0,153.104,137.856,224.7018232044199,64,307,305,305,311,305,305,120,120,120,120,120,119,72.98773480662983,104.98314917127072,75.25419889502763,74.41475138121547,29.706685082872927,24.330773480662984,119.42,177.73,116.65,133.4,70.08,50.16,179,180,181,175,180,150,-9.676850828729282,-9.941519337016574,-8.732099447513813,-10.640220994475138,-9.7642817679558,-6.6187845303867405,19.29,18.12,20.26,15.8,24.45,19.07,-41.54,-39.48,-40.19,-39.7,-38.16,-46.67,62,51,48,60,55,35,2791.56,2870.1,2646.08,2951.19,2834.57,2270.43,1.1524309392265193,0.8288950276243094,1.1440883977900553,0.9808287292817679,0.7404972375690608,0.5350828729281768,8.09,6.73,10.71,13.33,8.27,16.62,0,0,0,0,0,0,208.59,150.03,207.08,177.53,134.03,96.85000000000001,146.71000000000004,184.71,183.04999999999998,145.76000000000002,112.80999999999999,62.95,238.51359116022098,199.0632044198895,227.62193370165747,227.26342541436463,214.7956906077348,254.76486187845305,56,62,71,56,60,71
LU22,LU22_32,LU22_2023,173.4,-9.023016574585636,19.554000000000002,-40.598,49,2684.564,0.7595690607734806,8.856,0,137.482,123.986,223.05611049723757,64.6,307,305,305,311,305,305,120,120,120,120,120,119,63.797403314917126,89.69475138121547,67.96624309392266,67.40049723756906,26.697016574585636,24.195911602209943,107.02,152.55,107.61,120.68,63.02,49.93,179,180,181,175,180,151,-9.538508287292817,-9.864171270718233,-8.606298342541436,-10.484060773480664,-9.664281767955801,-6.4962707182320445,19.16,18.1,20.3,15.86,24.42,19.09,-40.99,-39.47,-40.29,-39.22,-38.09,-45.92,60,50,46,61,55,33,2758.22,2841.88,2613.66,2919.82,2809.48,2237.98,1.0476795580110496,0.7252486187845304,1.023646408839779,0.9088950276243094,0.6697790055248619,0.47027624309392263,6.88,6.5,9.36,11.78,7.25,9.39,0,0,0,0,0,0,189.63,131.27,185.28,164.51,121.23,85.12,132.34000000000003,160.03,161.98,133.28,101.55000000000001,63.089999999999996,238.38077348066298,196.95375690607736,227.39767955801105,226.77541436464088,211.9703314917127,252.18337016574586,56,62,75,56,59,71
LU22,LU22_33,LU22_2023,173,-9.071099447513811,19.451999999999998,-40.698,49.4,2695.37,0.7972044198895027,10.344,0,144.29399999999998,129.946,223.8138453038674,64.2,305,305,305,311,305,305,120,120,120,120,120,117,68.06441988950276,96.3539226519337,72.27524861878453,69.52955801104973,29.06243093922652,22.723093922651934,113.83,164.88,114.67,124.24,68.1,47.66,180,180,181,175,181,148,-9.582624309392266,-9.895414364640883,-8.6839226519337,-10.5342817679558,-9.696850828729282,-6.545027624309392,19.25,18.06,20.18,15.56,24.46,19,-41.25,-39.56,-40.2,-39.29,-38.3,-46.14,61,50,46,61,55,35,2770.85,2854.83,2632.61,2923.27,2816.34,2249.8,1.1203314917127072,0.7853038674033149,1.1003314917127072,0.9411049723756906,0.679889502762431,0.4793922651933702,7.2,6.59,9.83,12.36,7.41,15.53,0,0,0,0,0,0,202.78,142.14,199.16,170.34,123.06,86.77,139.07999999999998,172.06,171.59,138.52,107.39,60.17,240.10171270718232,199.25419889502763,228.6843093922652,226.96773480662984,211.7011049723757,252.46187845303868,56,62,73,57,60,69
LU22,LU22_34,LU22_2023,172.8,-9.084237569060774,19.448,-40.696,49.4,2696.95,0.7903314917127072,10.262,0,143.05,128.93,223.10692817679558,63.8,307,307,305,311,305,305,120,120,120,120,120,117,68.69795580110497,95.60674033149171,72.07430939226519,69.01883977900553,28.540773480662985,22.781270718232044,115.3,163.76,114.56,123.26,66.45,47.55,179,179,181,175,181,148,-9.592044198895028,-9.915828729281769,-8.69646408839779,-10.543342541436465,-9.707596685082873,-6.557955801104972,19.2,18.07,20.17,15.53,24.46,19.01,-41.23,-39.58,-40.22,-39.27,-38.3,-46.11,60,50,46,61,55,35,2771.61,2856.72,2633.59,2924.69,2817.31,2252.44,1.1141988950276243,0.779889502762431,1.0938121546961326,0.9366298342541436,0.6684530386740332,0.4728729281767956,7.12,6.62,9.75,12.15,7.31,15.48,0,0,0,0,0,0,201.67,141.16,197.98,169.53,120.99,85.59,140.48,170.9,170.60000000000002,137.68,105.43,60.03999999999999,239.8017679558011,198.78723756906078,228.37513812154697,226.5314364640884,210.37088397790055,251.4699447513812,56,60,73,57,60,69
LU22,LU22_35,LU22_2023,173,-9.073165745856354,19.472,-40.678,49.2,2694.98,0.7923867403314917,10.286,0,143.422,129.126,223.93622099447515,64.2,305,305,305,311,305,305,120,120,120,120,120,117,68.70834254143647,95.6867403314917,72.0932044198895,69.16314917127072,28.639834254143647,22.67795580110497,115.16,163.9,114.51,123.55,66.74,47.44,180,180,181,175,181,148,-9.583729281767956,-9.903977900552487,-8.679972375690607,-10.533563535911602,-9.700276243093922,-6.548038674033149,19.2,18.08,20.19,15.62,24.45,19.02,-41.18,-39.56,-40.23,-39.26,-38.25,-46.09,60,50,46,61,55,34,2769.7400000000002,2854.02,2630.23,2924.41,2816.2,2250.04,1.1159668508287293,0.7811602209944751,1.0949171270718232,0.9388397790055248,0.6706629834254143,0.476353591160221,7.1,6.6,9.73,12.18,7.35,15.57,0,0,0,0,0,0,201.99,141.39,198.18,169.93,121.39,86.22,140.84999999999997,171.1,170.73000000000002,138.11,105.88,59.81,240.40060773480664,199.5311049723757,229.19988950276243,227.06298342541436,211.23729281767956,252.64983425414366,56,62,73,57,60,69
LU22,LU22_36,LU22_2023,172.8,-9.012563535911603,19.464,-40.58,48.8,2679.03,0.7551933701657458,9.724,0,136.69,122.39999999999999,223.00070718232044,64,308,305,305,311,305,305,120,120,120,120,120,116,63.95701657458564,89.08165745856354,68.88469613259669,65.82701657458564,26.90889502762431,21.28110497237569,109.21,153.65,110.56,117.54,62.74,45.32,178,180,181,175,181,147,-9.511160220994475,-9.865193370165747,-8.620524861878453,-10.446850828729282,-9.646850828729281,-6.483397790055249,19.12,18.06,20.18,15.63,24.43,19.02,-40.88,-39.58,-40.29,-39.09,-38.25,-45.69,60,50,46,60,55,33,2751.91,2839.55,2614.13,2906.26,2802.11,2233.1,1.0585082872928178,0.7471270718232044,1.0366850828729282,0.9043093922651934,0.6340331491712707,0.4538121546961326,6.55,6.5,9.01,11.37,6.75,14.99,0,0,0,0,0,0,191.59,135.23,187.64000000000001,163.68,114.76,82.14,132.84,161.17999999999998,161.04,132.54,100.08,57.160000000000004,240.57994475138122,199.52580110497237,228.67309392265193,226.7086187845304,209.150773480663,250.94524861878452,56,60,76,57,59,68
LU22,LU22_38,LU22_2023,172.8,-9.103734806629834,19.426,-40.714,49.6,2699.712,0.7760552486187846,10.154,0,140.466,126.462,221.84365745856354,63.8,307,307,305,311,305,305,120,120,120,120,120,117,68.77988950276243,92.96276243093922,71.93988950276243,67.12530386740332,27.793867403314916,22.627403314917128,115.24,159.29,115.01,119.81,65.13,47.43,179,179,181,175,181,148,-9.605082872928177,-9.94146408839779,-8.723618784530387,-10.558149171270719,-9.721629834254143,-6.573812154696133,19.17,18.07,20.13,15.46,24.47,19,-41.27,-39.63,-40.23,-39.24,-38.37,-46.1,60,50,47,61,55,35,2773.71,2860.96,2638.24,2924.7,2818.57,2256.09,1.114475138121547,0.7641988950276243,1.078950276243094,0.9239779005524862,0.6497790055248619,0.4633701657458564,7.06,6.66,9.71,11.95,7.18,15.27,0,0,0,0,0,0,201.72,138.32,195.29,167.24,117.61,83.87,140.35,166.28,168.86,135.69,102.05,59.43,239.67276243093923,197.11370165745856,227.63475138121547,225.73441988950276,209.19055248618784,249.54486187845305,56,60,73,57,60,69
LU22,LU22_4,LU22_2023,173,-9.092127071823205,19.662,-40.966,49.8,2712.724,0.8692707182320442,11.794,0,157.338,142.2,224.14661878453038,65.2,305,305,305,311,305,305,120,120,120,120,120,117,75.99397790055248,110.07657458563536,78.12303867403315,75.0460773480663,31.08182320441989,22.300552486187847,121.56,185.67,118.82,133.8,73.99,48.62,181,181,181,175,180,148,-9.653204419889503,-9.853232044198895,-8.671077348066298,-10.62867403314917,-9.737762430939226,-6.569889502762431,19.54,18.12,20.37,16.22,24.42,19.18,-41.66,-39.31,-40.11,-40.29,-37.96,-47.16,62,51,49,59,54,36,2792.7,2862.02,2640.25,2957.5,2837.2,2266.65,1.2047513812154695,0.86353591160221,1.2025966850828729,1.0319337016574586,0.77,0.47828729281767957,8.77,6.74,11.44,14.35,8.91,17.53,0,0,0,0,0,0,218.06,156.3,217.67,186.78,139.37,86.57000000000001,153.47,192.85999999999999,193.81,146.93999999999997,117.44,59.949999999999996,239.40381215469614,201.30281767955802,230.24154696132595,228.78524861878452,217.07734806629836,243.32613259668508,59,65,72,57,63,69
LU22,LU22_40,LU22_2023,173.8,-9.038314917127073,19.668,-40.532,49.6,2686.674,0.6980110497237569,7.742,0,126.34,120.334,219.25340331491714,64.8,308,305,305,311,305,305,120,120,120,120,120,120,59.01149171270718,80.60486187845304,63.74077348066298,64.11878453038673,27.72668508287293,34.90198895027624,101.52,139.11,103.37,115.31,64.92,66.45,178,180,181,175,181,152,-9.54839779005525,-9.929033149171271,-8.58756906077348,-10.49767955801105,-9.686685082872929,-6.49060773480663,18.99,18.2,20.56,15.97,24.33,19.28,-40.93,-39.43,-40.47,-39.28,-37.9,-45.58,61,51,47,61,56,33,2753.2599999999998,2843.35,2608.2,2927.84,2815.18,2238.8,1.0094475138121548,0.6851933701657459,0.9367403314917128,0.8453038674033149,0.6502762430939226,0.3725414364640884,6.37,6.39,8.46,10.33,6.73,6.8,0,0,0,0,0,0,182.71,124.02,169.55,153,117.7,67.43,126.46,146.98999999999998,148.49,123.98000000000002,103.97,78.24000000000001,238.42193370165745,196.92226519337018,227.0602762430939,224.4331491712707,210.88408839779007,236.96723756906079,56,59,80,56,57,72
LU22,LU22_44,LU22_2023,172.8,-9.069983425414364,19.372,-40.706,49.2,2690.422,0.7596353591160221,9.838,0,137.494,123.764,221.48340331491713,64.2,307,307,305,311,305,305,120,120,120,120,120,117,68.08022099447514,90.56685082872929,69.92475138121547,66.31734806629834,27.20546961325967,22.248618784530386,116.36,155.74,112.34,118.24,63.62,46.66,179,179,181,175,181,148,-9.552651933701657,-9.915994475138122,-8.706823204419889,-10.496298342541436,-9.684779005524861,-6.546022099447514,19.07,17.99,20.05,15.45,24.47,18.9,-40.98,-39.72,-40.2,-39.18,-38.5,-45.93,60,50,47,60,55,34,2760.98,2852.23,2634.45,2909.27,2810.99,2245.17,1.1638674033149172,0.7533149171270719,1.0519337016574586,0.905414364640884,0.6400552486187845,0.4474585635359116,6.74,6.56,9.43,11.8,6.81,14.59,0,0,0,0,0,0,210.66,136.35,190.4,163.88,115.85,80.99,141.29,162.91,164.09000000000003,132.39999999999998,100.71,58.70999999999999,242.89845303867403,197.8549723756906,226.7221546961326,225.86121546961326,208.72138121546962,248.25729281767957,57,60,75,58,60,68
LU22,LU22_46,LU22_2023,173.6,-8.98256906077348,19.628,-40.436,48.4,2670.448,0.6509171270718233,7.272,0,117.816,110.372,217.39124861878452,64.6,308,307,305,311,305,305,120,120,120,120,120,120,52.409723756906075,72.37182320441988,59.21569060773481,58.796408839779005,24.864419889502763,31.536243093922653,91.54,126.32,97.04,105.79,58.29,60.82,178,179,181,175,181,152,-9.47889502762431,-9.902872928176796,-8.549088397790054,-10.406132596685083,-9.629419889502762,-6.425331491712707,18.89,18.16,20.54,15.9,24.31,19.23,-40.62,-39.51,-40.51,-39.07,-37.97,-45.12,61,51,46,60,54,31,2736.11,2830.94,2596.78,2905.95,2800.56,2218.01,0.9135359116022099,0.6329834254143647,0.8668508287292818,0.799171270718232,0.5859116022099448,0.3696685082872928,5.69,6.25,7.69,9.39,5.86,7.17,0,0,0,0,0,0,165.35,114.57000000000001,156.9,144.65,106.05,66.91,114.67999999999999,134.41,134.74,117.13,93.34,72.24000000000001,235.4978453038674,195.44298342541435,224.82403314917127,222.72447513812153,206.13983425414364,237.8249171270718,56,57,80,56,57,73
LU22,LU22_47,LU22_2023,173.6,-8.98256906077348,19.628,-40.436,48.4,2670.448,0.6509171270718233,7.272,0,117.816,110.372,217.39124861878452,64.6,308,307,305,311,305,305,120,120,120,120,120,120,52.409723756906075,72.37182320441988,59.21569060773481,58.796408839779005,24.864419889502763,31.536243093922653,91.54,126.32,97.04,105.79,58.29,60.82,178,179,181,175,181,152,-9.47889502762431,-9.902872928176796,-8.549088397790054,-10.406132596685083,-9.629419889502762,-6.425331491712707,18.89,18.16,20.54,15.9,24.31,19.23,-40.62,-39.51,-40.51,-39.07,-37.97,-45.12,61,51,46,60,54,31,2736.11,2830.94,2596.78,2905.95,2800.56,2218.01,0.9135359116022099,0.6329834254143647,0.8668508287292818,0.799171270718232,0.5859116022099448,0.3696685082872928,5.69,6.25,7.69,9.39,5.86,7.17,0,0,0,0,0,0,165.35,114.57000000000001,156.9,144.65,106.05,66.91,114.67999999999999,134.41,134.74,117.13,93.34,72.24000000000001,235.4978453038674,195.44298342541435,224.82403314917127,222.72447513812153,206.13983425414364,237.8249171270718,56,57,80,56,57,73
LU22,LU22_48,LU22_2023,171.4,-8.917668508287292,19.268,-40.532000000000004,47.8,2647.73,0.6484419889502763,8.242,0,117.368,105.046,217.86080662983426,62.2,308,307,305,311,305,305,120,120,120,120,119,111,55.66530386740332,74.35005524861879,61.01475138121547,56.66182320441989,21.757237569060774,18.21867403314917,100.95,130.43,100,99.66,50.88,40.62,178,179,181,175,180,142,-9.35439226519337,-9.836906077348067,-8.59720994475138,-10.241132596685082,-9.545276243093923,-6.367817679558011,18.68,17.83,19.75,15.34,24.52,18.9,-40.08,-39.95,-40.28,-38.65,-38.71,-45.07,59,51,46,56,55,31,2712.95,2818.81,2599.82,2849.3,2772.87,2197.85,1.0049723756906077,0.6579005524861878,0.8924309392265194,0.7894475138121547,0.5291160220994475,0.3733149171270718,5.23,6.33,7.57,9.92,5.18,12.21,0,0,0,0,0,0,181.9,119.08,161.53,142.89,95.77,67.57000000000001,116.53999999999999,138.20000000000002,137.48000000000002,114.69999999999999,83.44,51.41,244.25458563535912,197.50977900552485,224.53651933701659,223.82718232044198,201.21983425414365,242.2107182320442,55,57,75,59,58,62
LU22,LU22_49,LU22_2023,172.2,-8.969044198895027,19.282,-40.589999999999996,48.6,2662.014,0.686707182320442,8.796,0,124.294,111.762,219.17678453038673,63.6,308,307,305,311,305,305,120,120,120,120,120,114,59.36359116022099,80.52994475138122,64.45121546961326,59.728011049723754,23.64961325966851,19.631049723756906,106.02,139.95,104.37,106.09,55.31,42.77,178,179,181,175,181,145,-9.42011049723757,-9.861491712707183,-8.63513812154696,-10.32853591160221,-9.592348066298342,-6.427707182320442,18.82,17.88,19.85,15.38,24.5,18.8,-40.34,-39.87,-40.25,-38.82,-38.64,-45.37,60,51,47,58,55,32,2728.87,2829.49,2611.72,2869.75,2785.65,2213.46,1.06,0.6882872928176795,0.9493922651933702,0.8314917127071824,0.5655801104972376,0.39878453038674033,5.75,6.41,8.24,10.57,5.73,13.03,0,0,0,0,0,0,191.86,124.58,171.84,150.5,102.37,72.17999999999999,122.13,147.51999999999998,147.05,120.77000000000001,89.41,54.06,244.0439226519337,197.45834254143645,225.19950276243094,224.86690607734806,204.16121546961327,244.19795580110497,55,57,77,59,59,66
LU22,LU22_5,LU22_2023,173,-9.092254143646409,19.664,-40.958,50,2712.2,0.8653701657458563,11.79,0,156.632,141.46,224.1545414364641,65.2,305,305,305,311,305,305,120,120,120,120,120,117,75.54911602209944,109.1110497237569,77.6025414364641,74.83602209944752,31.07878453038674,22.42441988950276,120.58,184.18,118.13,133.59,74.11,48.68,181,181,181,175,180,148,-9.653232044198894,-9.855193370165745,-8.66792817679558,-10.62560773480663,-9.739806629834254,-6.572734806629835,19.52,18.13,20.37,16.27,24.42,19.13,-41.65,-39.29,-40.13,-40.31,-37.93,-47.13,62,51,49,60,54,36,2792.06,2861.78,2638.48,2957.35,2836.95,2266.44,1.2020441988950277,0.8585635359116022,1.1923204419889504,1.027900552486188,0.7700552486187845,0.4780110497237569,8.75,6.76,11.37,14.31,8.95,17.56,0,0,0,0,0,0,217.57,155.4,215.81,186.05,139.38,86.52,152.63000000000002,191.32000000000002,191.82999999999998,146.91,117.27,59.970000000000006,239.36165745856354,201.30408839779005,230.20270718232044,228.8360773480663,217.1592817679558,243.27055248618785,59,65,72,57,63,69
LU22,LU22_50,LU22_2023,173,-9.107,19.387999999999998,-40.693999999999996,49.2,2697.392,0.760585635359116,9.91,0,137.666,124.11,220.8220773480663,64,307,307,305,311,305,305,120,120,120,120,120,118,69.13662983425414,90.67552486187846,70.72204419889503,65.81911602209945,26.99977900552486,23.088397790055247,117.67,155.85,113.56,117.39,63.12,47.18,179,179,181,175,181,149,-9.59378453038674,-9.953618784530386,-8.735193370165746,-10.543093922651934,-9.71803867403315,-6.585055248618785,19.08,18.04,20.07,15.43,24.47,18.93,-41.14,-39.69,-40.23,-39.19,-38.46,-45.9,60,50,47,60,55,34,2769.35,2860.02,2638.83,2918.44,2816.06,2253.61,1.176353591160221,0.7518784530386741,1.0577348066298342,0.9075138121546962,0.6333701657458564,0.45243093922651934,6.87,6.66,9.51,11.66,6.89,14.83,0,0,0,0,0,0,212.92,136.09,191.45,164.26,114.64,81.89,142.36,162.83,165.45,132.92999999999998,99.29,60.05,242.40265193370166,196.62872928176796,226.5521546961326,225.2258011049724,207.7988950276243,247.90480662983424,57,60,75,57,59,69
LU22,LU22_53,LU22_2023,173.6,-9.157679558011049,19.646,-40.652,50,2712.314,0.7139779005524862,8.08,0,129.23,125.75200000000001,217.2703093922652,63.6,308,307,305,311,305,305,120,120,120,120,120,120,61.668397790055245,84.90419889502762,67.0182320441989,65.6160773480663,28.83867403314917,39.40397790055248,103.49,146.12,107.93,117.45,67.31,73.74,178,179,181,175,181,152,-9.65414364640884,-10.03732044198895,-8.707651933701657,-10.633453038674034,-9.80182320441989,-6.608149171270718,18.96,18.24,20.55,15.79,24.36,19.29,-41.18,-39.47,-40.49,-39.48,-37.99,-45.83,61,51,47,62,57,33,2774.44,2865.71,2634.42,2954.49,2840.69,2266.26,1.0257458563535913,0.7003867403314917,0.9834806629834254,0.8696685082872928,0.6664088397790056,0.34994475138121545,6.83,6.58,8.94,10.46,6.98,7.44,0,0,0,0,0,0,185.66,126.77,178.01,157.41,120.62,63.339999999999996,132.16999999999996,153.46,154.94000000000003,128.77,106.33,85.25999999999999,235.76878453038674,194.3675690607735,225.38779005524862,222.56917127071824,209.1171270718232,234.90988950276244,57,57,76,56,57,72
LU22,LU22_6,LU22_2023,173.6,-9.077817679558011,19.704,-40.92,49.8,2710.126,0.8497569060773481,9.652,0,153.80599999999998,142.45399999999998,223.70346961325967,66.2,305,305,305,311,305,305,120,120,120,120,120,120,73.0978453038674,107.26220994475138,77.3678453038674,74.61922651933702,31.46182320441989,24.358011049723757,119.67,182.33,116.23,133.17,74.88,50.71,181,181,181,175,180,151,-9.636491712707182,-9.845248618784531,-8.637375690607735,-10.622541436464088,-9.72878453038674,-6.555138121546961,19.58,18.16,20.49,16.28,24.42,19.17,-41.75,-39.23,-40.15,-40.34,-37.87,-47.01,62,51,48,60,54,36,2788.35,2859.77,2634.23,2958.27,2836.44,2261.92,1.208950276243094,0.8377348066298342,1.1977348066298343,1.0211049723756906,0.7750276243093923,0.41718232044198894,8.6,6.77,11.17,14.04,8.93,7.35,0,0,0,0,0,0,218.82,151.63,216.79,184.82,140.28,75.51,155,189.85,192.38,146.17999999999995,118.66,65.2,240.39475138121546,200.6806629834254,230.87767955801104,228.75237569060772,217.86348066298342,240.3431491712707,59,66,74,56,63,72
LU22,LU22_60,LU22_2023,173.6,-9.172812154696132,19.578,-40.672,50.2,2713.202,0.7157790055248618,8.362,0,129.556,125.95400000000001,216.68202209944752,63.4,308,307,305,311,305,305,120,120,120,120,120,120,63.30425414364641,86.47403314917128,67.48193370165745,64.846408839779,27.820662983425414,41.05690607734807,108.21,148.46,107.88,115.65,64.36,74.83,178,179,181,175,181,152,-9.66292817679558,-10.05549723756906,-8.733756906077348,-10.64243093922652,-9.80864640883978,-6.623729281767956,18.89,18.22,20.45,15.58,24.39,19.25,-41.09,-39.54,-40.48,-39.41,-38.11,-45.82,61,51,48,62,57,33,2775.27,2867.65,2637.88,2951.44,2839.93,2269.11,1.1045856353591161,0.6956353591160221,0.9958563535911602,0.8718232044198895,0.6420994475138122,0.3734806629834254,6.79,6.62,8.93,10.35,6.71,9.2,0,0,0,0,0,0,199.93,125.91,180.25,157.8,116.22,67.6,135.14999999999998,155.68,158.19,127.55000000000003,102.12,86.23,239.84519337016576,193.8546408839779,224.72867403314916,221.96812154696133,206.9089502762431,235.94972375690608,57,56,76,56,57,72
LU22,LU22_61,LU22_2023,173.6,-9.180099447513811,19.618,-40.674,50.2,2716.444,0.7259005524861879,8.224,0,131.388,127.24600000000001,216.83383425414365,63.6,307,307,305,311,305,305,120,120,120,120,120,120,64.10519337016575,87.76977900552487,68.33988950276243,65.90508287292818,28.479613259668508,40.0978453038674,107.99,150.64,108.6,117.45,66.05,73.4,179,179,181,175,181,152,-9.673480662983426,-10.056436464088398,-8.733895027624309,-10.657624309392265,-9.820966850828729,-6.631574585635359,18.94,18.24,20.5,15.7,24.37,19.28,-41.2,-39.49,-40.49,-39.47,-38.04,-45.88,61,51,47,63,57,33,2778.45,2869.63,2639.37,2957.62,2843.76,2271.84,1.1056906077348065,0.7069613259668508,1.0070165745856354,0.8916022099447514,0.6564088397790055,0.36751381215469614,6.93,6.63,9.05,10.49,6.95,8,0,0,0,0,0,0,200.13,127.96,182.27,161.38,118.81,66.52,137.87,157.87,159.08,129.91,104.51,84.86,239.19977900552485,194.13955801104973,225.08977900552486,222.16845303867404,207.87303867403315,234.89834254143648,57,57,76,56,57,72
LU22,LU22_63,LU22_2023,173,-9.14245856353591,19.396,-40.628,50,2700.66,0.7313259668508287,9.514,0,132.37,119.28,218.73342541436463,63.4,308,307,305,311,305,305,120,120,120,120,120,118,66.49303867403314,87.04646408839778,69.3760773480663,62.47817679558011,25.763093922651933,22.74342541436464,114.26,150.57,112.37,111.6,59.97,45.78,178,179,181,175,181,149,-9.613204419889502,-10.012071823204419,-8.759254143646409,-10.560193370165745,-9.750027624309393,-6.630745856353591,18.96,18.09,20.07,15.35,24.47,19,-41.04,-39.72,-40.33,-39.07,-38.42,-45.6,60,52,48,61,55,34,2768.84,2863.97,2637.67,2922.03,2817.83,2261.8,1.1558011049723758,0.7316022099447513,1.0241988950276244,0.8666850828729282,0.6051933701657458,0.4289502762430939,6.7,6.72,9.09,10.72,6.45,14.59,0,0,0,0,0,0,209.2,132.42,185.38,156.87,109.53999999999999,77.64,137.99,157.57,160.08,125.82999999999998,94.77,58.150000000000006,242.0963535911602,195.75790055248618,226.10458563535911,222.4218784530387,205.18790055248618,244.19486187845303,57,58,76,57,58,68
LU22,LU22_65,LU22_2023,173.6,-9.301099447513812,19.572,-40.804,50.8,2742.862,0.7823425414364641,9.41,0,141.60399999999998,137.66000000000003,217.93965745856354,63.4,305,307,305,311,305,305,120,120,120,120,120,120,70.42016574585635,95.98801104972375,74.19447513812155,69.78657458563536,29.789447513812156,47.389060773480665,117.49,163.83,118.74,124.2,69.09,85.57,180,179,181,175,181,152,-9.792458563535911,-10.153812154696134,-8.854558011049724,-10.790883977900553,-9.930082872928176,-6.776160220994475,18.91,18.25,20.41,15.52,24.45,19.23,-41.43,-39.54,-40.45,-39.64,-38.13,-46.26,61,52,47,63,57,35,2803.68,2893.56,2665.13,2982.78,2867.7,2305.14,1.1908839779005524,0.7550828729281768,1.1149171270718232,0.9251381215469613,0.6914364640883978,0.42513812154696135,7.58,6.91,9.86,11.27,7.58,11.43,0,0,0,0,0,0,215.55,136.67,201.8,167.45,125.15,76.95,147.17,170.45000000000005,174.98999999999998,136.74,109.41000000000001,96.71000000000001,239.26983425414363,193.74662983425415,226.74364640883977,221.51331491712708,207.94270718232045,239.75198895027626,57,57,74,55,59,72
LU22,LU22_69,LU22_2023,173.6,-9.141292817679558,19.466,-40.604,50.2,2700.23,0.7100662983425414,8.358,0,128.522,117.434,217.90575690607736,63.2,308,307,305,307,305,305,120,120,120,120,120,120,61.990110497237566,83.03950276243094,67.36132596685083,61.11906077348066,24.973977900552487,27.175524861878454,108.18,144.41,109.77,108.64,57.8,54.39,178,179,181,176,181,151,-9.610690607734806,-10.041187845303867,-8.741657458563536,-10.549226519337017,-9.761546961325967,-6.612845303867403,18.8,18.13,20.23,15.42,24.45,19.1,-40.79,-39.71,-40.43,-39.12,-38.3,-45.46,61,53,49,61,55,33,2762.32,2860.83,2633.32,2924.97,2822.3,2259.73,1.0986740331491713,0.7029281767955801,0.9855801104972376,0.8586187845303868,0.5855801104972376,0.4176243093922652,6.35,6.55,8.59,9.91,6.04,10.7,0,0,0,0,0,0,198.86,127.23,178.39000000000001,155.41,105.99,75.59,129.76,151.60999999999999,153.68999999999997,124.18,92.32000000000001,65.36999999999999,241.87872928176796,195.19237569060775,225.21165745856354,221.86624309392266,203.10093922651933,244.15756906077348,57,56,76,57,57,70
LU22,LU22_7,LU22_2023,173.6,-9.07460773480663,19.688,-40.874,50,2707.558,0.8282209944751382,9.364,0,149.90800000000002,139.73600000000002,223.55824309392264,66.2,305,305,305,311,305,305,120,120,120,120,120,120,72.62944751381215,105.09154696132597,74.20629834254143,72.87292817679558,30.798729281767955,27.175027624309394,119.3,176.55,112.4,130.59,73.27,55.54,181,181,181,175,180,151,-9.628591160220994,-9.852734806629835,-8.630773480662983,-10.612127071823204,-9.723259668508287,-6.55414364640884,19.52,18.16,20.49,16.2,24.42,19.17,-41.65,-39.26,-40.18,-40.2,-37.9,-46.83,61,51,48,61,55,35,2784.9,2858.36,2631.69,2954.77,2833.53,2259.44,1.182486187845304,0.7964088397790056,1.1761325966850829,0.9886187845303868,0.7622099447513813,0.41773480662983425,8.32,6.72,10.89,13.68,8.71,6.82,0,0,0,0,0,0,214.03,144.15,212.88,178.94,137.96,75.61,152.07999999999998,183.98000000000002,187.95000000000002,140.77000000000004,116.47,69.50999999999999,240.01994475138122,199.2435359116022,230.81165745856353,228.6174585635359,217.51767955801105,241.60088397790057,58,66,74,56,63,72
LU22,LU22_70,LU22_2023,173.6,-9.160756906077347,19.526,-40.63,50.2,2706.554,0.7237790055248619,8.634,0,131.004,122.86999999999999,217.66496132596686,63.4,308,307,305,311,305,305,120,120,120,120,120,120,63.44629834254144,85.52276243093922,68.74475138121547,63.4546408839779,26.085027624309394,36.282099447513815,110.12,148.42,111.17,112.96,60.08,67.67,178,179,181,175,181,152,-9.639585635359117,-10.058756906077349,-8.743839779005524,-10.584696132596685,-9.784447513812154,-6.632044198895028,18.79,18.16,20.35,15.54,24.44,19.14,-40.84,-39.66,-40.43,-39.26,-38.21,-45.59,61,52,48,62,56,33,2767.51,2864.17,2636.46,2936.2599999999998,2830.57,2265.31,1.1186187845303868,0.7172375690607735,1.0093370165745856,0.875414364640884,0.6158011049723757,0.4011049723756906,6.54,6.59,8.77,10.14,6.35,11.32,0,0,0,0,0,0,202.47,129.82,182.69,158.45,111.46,72.6,131.99,155.54999999999998,157.17999999999998,125.86999999999999,97.14,78.61000000000001,241.94077348066298,195.58011049723757,225.84773480662983,222.2403867403315,204.57486187845305,240.08171270718233,57,56,75,56,58,72
LU22,LU22_71,LU22_2023,173.6,-9.248176795580111,19.55,-40.736000000000004,51,2728.23,0.7542430939226519,9.212,0,136.518,130.768,217.78167955801104,63.8,307,307,305,311,305,305,120,120,120,120,120,120,67.06209944751382,90.43917127071823,71.33215469613259,66.86447513812155,28.19988950276243,43.993701657458566,112.25,154.51,114.86,119.32,65.02,80.02,179,179,181,175,181,152,-9.731906077348066,-10.120939226519337,-8.81878453038674,-10.704917127071823,-9.876298342541437,-6.719944751381216,18.83,18.21,20.37,15.54,24.44,19.19,-41.14,-39.6,-40.45,-39.47,-38.17,-45.99,61,52,49,63,57,34,2788.54,2881.62,2654.58,2963.65,2852.75,2288.55,1.1460220994475139,0.7186740331491712,1.068232044198895,0.9030939226519337,0.6590607734806629,0.4221546961325967,7.15,6.75,9.39,10.77,7.02,12.13,0,0,0,0,0,0,207.43,130.08,193.35,163.46,119.28999999999999,76.41,142.55,161.31,167,130.36999999999998,104.12,91.04,239.78348066298344,193.12596685082872,226.56806629834253,222.02226519337017,206.41309392265194,240.77900552486187,57,58,74,56,59,72
LU22,LU22_72,LU22_2023,173.6,-9.321850828729282,19.546,-40.822,51.2,2746.088,0.7805524861878453,9.536,0,141.28,137.11599999999999,217.51603314917128,63.4,307,307,305,311,305,305,120,120,120,120,120,120,69.64419889502763,95.0317679558011,74.39127071823205,69.97546961325966,29.819558011049725,47.65486187845304,115.92,161.88,119.14,124.32,68.8,85.96,179,179,181,175,181,152,-9.805414364640884,-10.171574585635359,-8.885883977900553,-10.808839779005524,-9.949419889502762,-6.79353591160221,18.9,18.26,20.35,15.47,24.43,19.22,-41.48,-39.57,-40.51,-39.63,-38.18,-46.22,61,52,49,63,57,35,2807.17,2897.02,2670.58,2986.03,2869.51,2307.3,1.1817127071823204,0.7425966850828729,1.1122651933701657,0.923646408839779,0.6920441988950277,0.4322099447513812,7.57,6.84,9.81,11.19,7.55,12.29,0,0,0,0,0,0,213.89,134.41,201.32,167.18,125.26,78.23,146.23999999999998,168.4,174.45000000000002,136.31999999999996,109.52,96.89,238.66674033149172,192.76524861878454,226.13342541436464,220.97734806629833,207.52624309392266,240.1779005524862,57,57,74,55,59,72
LU22,LU22_76,LU22_2023,173.4,-9.193933701657459,19.404,-40.646,50.4,2710.44,0.7396906077348067,9.512,0,133.884,121.25199999999998,218.57756906077347,63.6,308,307,305,311,305,305,120,120,120,120,120,120,66.89060773480664,88.32259668508287,70.38375690607735,63.115248618784534,26.117182320441987,24.76767955801105,115.02,153.09,113.81,112.07,60.22,49.22,178,179,181,175,181,151,-9.659171270718232,-10.067375690607735,-8.803784530386741,-10.607513812154696,-9.800883977900552,-6.690110497237569,18.88,18.11,20.08,15.33,24.48,19.02,-41.04,-39.74,-40.38,-39.11,-38.4,-45.6,61,52,49,62,55,34,2775.38,2872.23,2645.01,2933.19,2828.18,2273.59,1.1609944751381216,0.7353038674033149,1.0309392265193371,0.8811049723756906,0.6059668508287293,0.4451381215469613,6.83,6.81,9.18,10.56,6.41,14.6,0,0,0,0,0,0,210.14,133.09,186.6,159.48,109.67999999999999,80.57000000000001,138.71,159.92,161.52999999999997,127.45999999999997,96.33,61.02,241.63795580110497,195.19872928176795,225.63088397790054,222.10055248618784,204.3104419889503,245.64723756906076,57,59,75,57,58,69
LU22,LU22_77,LU22_2023,173.6,-9.289270718232045,19.506,-40.748,51,2736.016,0.7571491712707182,9.15,0,137.044,131.6,216.88158011049723,63.6,307,307,305,311,305,305,120,120,120,120,120,120,67.3496685082873,91.13988950276243,72.12022099447513,67.66447513812155,28.526022099447513,43.72546961325967,112.56,155.62,116.17,120.22,65.64,79.53,179,179,181,175,181,152,-9.765027624309392,-10.152734806629834,-8.86486187845304,-10.750911602209944,-9.917651933701658,-6.760193370165746,18.88,18.23,20.28,15.42,24.42,19.18,-41.33,-39.61,-40.51,-39.43,-38.21,-45.98,61,52,49,63,57,34,2797.87,2890.41,2663.07,2971.49,2859.28,2295.83,1.1507734806629835,0.720110497237569,1.0762983425414365,0.9079005524861878,0.664364640883978,0.4170718232044199,7.19,6.72,9.43,10.76,7.1,11.74,0,0,0,0,0,0,208.29,130.34,194.81,164.33,120.25,75.49,143.10999999999999,162.32000000000005,168.39,132.05,104.99,90.24999999999999,238.9781767955801,192.56171270718232,225.98889502762432,221.34182320441988,206.17651933701657,238.33895027624308,57,57,74,56,59,72
LU22,LU22_8,LU22_2023,173.6,-9.09143093922652,19.669999999999998,-40.884,50,2709.988,0.8332154696132597,9.66,0,150.812,139.228,223.35134806629836,66,305,305,305,311,305,305,120,120,120,120,120,120,72.28674033149171,104.74685082872928,75.38674033149171,73.35917127071824,30.99767955801105,26.35878453038674,119.35,175.15,114.4,131.18,73.74,53.84,181,181,181,175,180,151,-9.6446408839779,-9.871685082872927,-8.653314917127071,-10.622790055248618,-9.737707182320442,-6.571657458563536,19.47,18.16,20.43,16.18,24.43,19.15,-41.61,-39.29,-40.18,-40.18,-37.92,-46.85,61,51,49,60,55,35,2787.52,2861.14,2634.61,2956.23,2835.15,2262.81,1.1605524861878453,0.7937569060773481,1.1651933701657458,0.9969060773480664,0.7669613259668508,0.4432596685082873,8.37,6.68,10.94,13.72,8.77,8.19,0,0,0,0,0,0,210.06,143.67,210.9,180.44,138.82,80.23,147.35999999999996,182.39000000000001,186.73000000000002,142.09,117.03999999999999,67.89000000000001,239.1028729281768,197.89281767955802,229.74132596685084,228.38193370165746,217.3107182320442,243.4299447513812,58,66,73,56,63,72
LU22,LU22_80,LU22_2023,173.2,-9.259060773480662,19.396,-40.698,50.4,2724.184,0.7533149171270719,9.76,0,136.35,123.702,217.57542541436464,62.6,307,307,305,311,305,305,120,120,120,120,120,119,70.98298342541436,91.62883977900553,72.36585635359116,64.46812154696133,26.593922651933703,23.71828729281768,119.08,158.22,116.91,114.47,61.12,47.35,179,179,181,175,181,150,-9.722541436464088,-10.122707182320442,-8.87157458563536,-10.678563535911602,-9.854558011049724,-6.7679005524861875,18.87,18.12,20.05,15.32,24.51,18.98,-41.26,-39.77,-40.34,-39.18,-38.46,-45.74,61,52,49,62,55,34,2789.23,2886.45,2659.89,2946.42,2840.05,2288.11,1.1962983425414364,0.7538674033149171,1.0652486187845305,0.8966850828729281,0.6155801104972376,0.43519337016574583,7.13,6.9,9.53,10.89,6.65,14.83,0,0,0,0,0,0,216.53,136.45,192.81,162.3,111.42,78.77,148.63,164.75000000000003,167.29,129.79,97.68,59.00000000000001,240.73546961325968,194.40469613259668,225.475635359116,221.75088397790054,203.95320441988952,242.29270718232044,56,58,73,57,58,67
LU22,LU22_81,LU22_2023,173.6,-9.236767955801104,19.448,-40.678,51,2720.178,0.7145082872928177,8.398,0,129.326,120.062,216.02573480662983,62.6,308,307,305,307,305,305,120,120,120,120,120,120,63.10988950276243,84.76027624309393,68.13519337016575,62.71414364640884,25.727292817679558,30.419226519337016,109.86,145.4,111.3,111.46,59.09,59.18,178,179,181,176,181,151,-9.700138121546962,-10.126077348066298,-8.826795580110497,-10.662734806629834,-9.844723756906077,-6.723508287292818,18.76,18.16,20.26,15.26,24.49,19.07,-40.98,-39.74,-40.41,-39.28,-38.38,-45.58,61,53,49,62,57,34,2780.22,2878.7,2652.82,2946.22,2841.84,2281.31,1.121160220994475,0.6849723756906078,1.0153591160220994,0.8644198895027624,0.5992265193370165,0.4085635359116022,6.62,6.57,8.88,10.1,6.27,10.17,0,0,0,0,0,0,202.93,123.98,183.78,156.46,108.46,73.95,132.60999999999999,152.21,158.79999999999998,125.38000000000001,94.38000000000001,69.54,240.4875138121547,191.94475138121547,224.86558011049723,220.8074585635359,202.56386740331493,239.94701657458563,57,55,74,57,58,69
LU22,LU22_82,LU22_2023,173.6,-9.232132596685084,19.478,-40.676,50.8,2720.818,0.7209834254143647,8.588,0,130.498,123.97600000000001,215.83644198895027,63.2,308,307,305,311,305,305,120,120,120,120,120,120,63.04966850828729,85.66198895027624,68.87685082872927,64.56867403314916,26.726906077348065,38.00375690607735,108.01,146.85,112.2,114.79,61.33,70.12,178,179,181,175,181,152,-9.702265193370165,-10.117209944751382,-8.81279005524862,-10.67303867403315,-9.851629834254144,-6.705994475138121,18.81,18.19,20.3,15.33,24.44,19.13,-41.04,-39.67,-40.47,-39.31,-38.28,-45.65,61,53,49,62,57,33,2781.91,2877.88,2650.84,2951.8,2844.18,2279.39,1.1035911602209945,0.6912154696132596,1.0243093922651934,0.8744198895027624,0.624475138121547,0.3904972375690608,6.71,6.57,8.91,10.19,6.49,10.78,0,0,0,0,0,0,199.75,125.11,185.4,158.27,113.03,70.68,132.33,153.75000000000003,160.32,126.27000000000002,98.89,80.64999999999999,239.54038674033148,192.3702762430939,225.37701657458564,221.10348066298343,204.18419889502763,236.14723756906076,57,55,75,56,58,72
LU22,LU22_85,LU22_2023,173,-9.253104972375692,19.36,-40.65,50.6,2718.944,0.7291049723756906,9.344,0,131.968,119.974,216.32636464088398,62.4,308,307,305,311,305,305,120,120,120,120,120,118,66.39209944751381,88.66486187845304,70.17160220994475,63.173591160220994,25.033259668508286,22.968011049723756,114.84,153.65,114.25,111.93,57.46,45.85,178,179,181,175,181,149,-9.699640883977901,-10.130635359116022,-8.874723756906077,-10.651795580110498,-9.844834254143647,-6.76353591160221,18.76,18.09,19.99,15.27,24.52,18.93,-41.02,-39.83,-40.36,-39.09,-38.53,-45.44,61,52,49,62,56,34,2781.23,2882.4900000000002,2657.71,2937.86,2835.63,2281.03,1.1541436464088397,0.7353038674033149,1.0338121546961325,0.8738121546961326,0.5907182320441989,0.41187845303867404,6.75,6.73,9.12,10.43,6.28,14.16,0,0,0,0,0,0,208.9,133.09,187.12,158.16,106.92,74.55,136.46,160.33,162.04000000000002,126.71,93.57000000000001,57.22,240.89519337016574,194.62154696132598,224.4724861878453,221.25220994475137,201.6120994475138,239.67348066298342,55,58,73,57,58,66
LU22,LU22_86,LU22_2023,173.2,-9.25750276243094,19.382,-40.672,50.4,2721.982,0.7415580110497237,9.562,0,134.222,121.874,217.0215359116022,62,308,307,305,311,305,305,120,120,120,120,120,119,69.1192817679558,89.69812154696133,71.36259668508288,63.70524861878453,26.096132596685084,23.54303867403315,117.21,155.13,115.72,112.8,59.93,47.01,178,179,181,175,181,150,-9.713867403314918,-10.128563535911603,-8.873591160220995,-10.66718232044199,-9.852044198895028,-6.7661325966850825,18.83,18.11,20.02,15.3,24.51,18.97,-41.17,-39.79,-40.36,-39.14,-38.49,-45.58,61,52,49,62,55,34,2786.01,2885.06,2658.8,2942.92,2838.27,2284.86,1.1774585635359116,0.7420441988950276,1.0485082872928178,0.8852486187845304,0.6051933701657458,0.42679558011049723,6.93,6.81,9.32,10.64,6.46,14.58,0,0,0,0,0,0,213.12,134.31,189.78,160.23,109.54,77.25,144.97,161.73,164.46999999999997,128.69,95.99,58.489999999999995,240.7671270718232,194.17651933701657,224.86127071823205,221.4186187845304,203.16270718232045,241.4885635359116,56,58,71,57,58,66
LU22,LU22_87,LU22_2023,173.4,-9.25053591160221,19.424,-40.682,50.4,2722.684,0.7505082872928177,9.562,0,135.84199999999998,123.08200000000001,218.1954917127072,63,308,307,305,311,305,305,120,120,120,120,120,120,67.74066298342541,90.73027624309393,71.45138121546961,63.93591160220994,26.44745856353591,24.806298342541435,115.38,157.53,115.52,113.48,60.61,49.44,178,179,181,175,181,151,-9.713922651933702,-10.125414364640884,-8.8546408839779,-10.667265193370167,-9.852209944751381,-6.753149171270718,18.83,18.14,20.13,15.31,24.51,19.03,-41.14,-39.75,-40.38,-39.23,-38.4,-45.65,61,52,49,62,55,34,2785.32,2883.33,2656.92,2946.4,2840.75,2286.02,1.1689502762430939,0.7492265193370166,1.0499447513812155,0.8882872928176796,0.6123204419889503,0.4527624309392265,6.94,6.77,9.27,10.57,6.5,14.7,0,0,0,0,0,0,211.58,135.60999999999999,190.04,160.78,110.83,81.95,143.72999999999996,164.21,164.63,128.37,97.29,60.91,240.89408839779006,195.54972375690608,225.01364640883978,221.49618784530387,203.6057458563536,245.3121546961326,57,58,73,57,58,69
LU22,LU22_89,LU22_2023,173.4,-9.252767955801104,19.428,-40.68,51.2,2722.338,0.734585635359116,9.254,0,132.96,120.44200000000001,217.2811270718232,62.8,308,307,305,311,305,305,120,120,120,120,120,120,64.92408839779006,87.20795580110497,70.12558011049724,63.11817679558011,25.260552486187844,26.170662983425412,112.39,151.05,113.97,111.71,57.98,52.16,178,179,181,175,181,151,-9.711436464088397,-10.138508287292817,-8.849972375690609,-10.672486187845303,-9.855386740331491,-6.747486187845304,18.77,18.15,20.19,15.26,24.51,19.03,-41.03,-39.77,-40.4,-39.25,-38.43,-45.55,61,53,49,62,58,34,2783.09,2882.39,2656.54,2946.55,2842.7,2283.51,1.1375138121546962,0.7228729281767956,1.0269060773480663,0.8769060773480662,0.5932596685082873,0.45298342541436465,6.67,6.6,8.96,10.19,6.29,14.23,0,0,0,0,0,0,205.89,130.84,185.87,158.72,107.38,81.99,134.23999999999998,157.81000000000003,160.77,127.17999999999998,94.08999999999999,62.36,240.64546961325968,193.98099447513812,224.59093922651934,220.75629834254144,201.6722099447514,245.40519337016573,57,57,74,56,58,69
LU22,LU22_94,LU22_2023,173.6,-9.318524861878453,19.436,-40.732,51.4,2737.914,0.7221436464088398,8.47,0,130.708,124.86200000000001,214.40167955801104,62.4,307,307,305,311,305,305,120,120,120,120,120,120,65.10812154696133,87.41889502762432,70.1367955801105,64.29933701657458,26.84585635359116,37.72298342541436,106.76,149.68,114.32,113.9,61.29,69.46,179,179,181,175,181,152,-9.773397790055249,-10.18828729281768,-8.90303867403315,-10.767872928176796,-9.931022099447514,-6.802403314917127,18.82,18.22,20.21,15.19,24.44,19.12,-41.27,-39.71,-40.52,-39.33,-38.4,-45.7,61,53,49,63,58,34,2798.94,2894.6,2668.6,2967.53,2859.23,2299.61,1.0613812154696132,0.7022651933701658,1.038232044198895,0.8680662983425415,0.6174033149171271,0.38475138121546965,6.84,6.57,9.02,10.18,6.51,10.07,0,0,0,0,0,0,192.10999999999999,127.11,187.92,157.12,111.75,69.64,139.81,156.27,162.8,127.44000000000001,98.26,79.53999999999999,234.86187845303868,191.44872928176795,224.2288950276243,219.96447513812154,202.73116022099447,233.63513812154696,57,57,73,55,58,69
LU3,LU3_10,LU3_2021,174.6,-9.529950276243094,18.896,-40.058,50.6,2686.4139999999998,0.432,8.488,0,78.192,68.658,202.80550276243093,49.2,307,305,308,307,305,315,115,120,120,120,120,120,4.182044198895028,31.17049723756906,18.470276243093924,25.404696132596687,34.723812154696134,30.008729281767955,14.9,58.38,35.77,56.04,63.96,55.17,125,181,163,177,181,171,-7.410773480662983,-10.46889502762431,-9.293011049723757,-9.621160220994476,-7.731187845303867,-10.53549723756906,16.28,24.63,17.37,18.6,19.47,14.41,-37.06,-38.44,-38.73,-39.4,-42.62,-41.1,43,54,52,48,41,58,2172.86,2862.77,2603.67,2687.64,2389.93,2888.06,0.5161325966850828,0.36425414364640885,0.4541436464088398,0.40502762430939226,0.3483977900552486,0.5881767955801105,17.83,7.01,6.75,6.21,10.77,11.7,0,0,0,0,0,0,93.42,65.92999999999999,82.2,73.31,63.06,106.46,43.48,69.74,59.970000000000006,66.78999999999999,78.74,68.05,273.63287292817677,184.9292817679558,197.94734806629833,208.16259668508286,218.80281767955802,204.18546961325967,45,36,43,42,70,55
LU3,LU3_102,LU3_2021,174.8,-9.468911602209944,18.708,-40.05,49.4,2669.574,0.4474033149171271,8.676,0,80.98,74.988,206.59803314917127,49.4,307,305,308,307,305,314,115,120,120,120,120,120,4.297182320441989,32.0053591160221,18.855524861878454,27.318397790055247,41.58618784530387,33.544530386740334,16.79,60.2,36.43,61.5,74.67,57.61,127,181,163,177,181,172,-7.396574585635359,-10.42085635359116,-9.221906077348066,-9.553259668508288,-7.661077348066298,-10.487458563535911,16.1,24.52,17,18.48,19.44,14.1,-36.89,-38.52,-38.5,-39.37,-42.67,-41.19,43,50,52,48,40,57,2162.78,2849.47,2587.08,2672.27,2375.47,2863.58,0.5618232044198895,0.3758563535911602,0.47104972375690607,0.4371270718232044,0.354585635359116,0.5983977900552486,19.01,8.08,6.71,6.45,11.34,10.8,0,0,0,0,0,0,101.69,68.03,85.26,79.12,64.17999999999999,108.31,46.699999999999996,72.15,63.919999999999995,73.03,87.49,78.35,278.6306629834254,186.7839779005525,201.59011049723756,213.61524861878453,224.1424861878453,206.85834254143646,45,37,44,42,69,55
LU3,LU3_102_24,LU3_2024,166.6,-8.651629834254143,17.806,-39.24,43.6,2470.31,0.4975027624309392,11.092,0,90.048,93.342,230.68057458563536,56.6,307,305,314,306,305,328,120,120,120,115,120,120,27.318397790055247,41.58618784530387,33.544530386740334,16.377237569060775,30.75132596685083,76.80022099447514,61.5,74.67,57.61,38.83,63.48,142.78,177,181,172,175,147,158,-9.553259668508288,-7.661077348066298,-10.487458563535911,-10.112624309392265,-6.516657458563536,-8.480331491712708,18.48,19.44,14.1,17.91,17.18,20.4,-39.37,-42.67,-41.19,-35.56,-41.78,-35,48,40,57,48,25,48,2672.27,2375.47,2863.58,2650.05,2040.02,2422.43,0.4371270718232044,0.354585635359116,0.5983977900552486,0.44828729281767954,0.3311602209944751,0.7550828729281768,6.45,11.34,10.8,9.87,9.35,14.1,0,0,0,0,0,0,79.12,64.17999999999999,108.31,81.14,59.94,136.67,73.03,87.49,78.35,68.18,76.88,155.81,213.61524861878453,224.1424861878453,206.85834254143646,206.16447513812156,257.77707182320444,258.4604972375691,42,69,55,40,67,52
LU3,LU3_103,LU3_2021,174.8,-9.49657458563536,18.68,-40.082,49.4,2674.422,0.44979005524861876,8.725999999999999,0,81.41199999999999,75.518,206.39319337016576,49.2,307,305,308,307,305,314,115,120,120,120,120,120,4.378397790055248,31.881602209944752,18.854088397790054,28.364198895027624,42.386187845303866,33.5153591160221,16.98,60.34,36.46,63.19,75.3,57.38,131,181,163,177,181,172,-7.429060773480663,-10.451077348066299,-9.245690607734806,-9.57914364640884,-7.688149171270719,-10.518812154696132,16.1,24.46,16.92,18.42,19.41,14.19,-36.89,-38.61,-38.52,-39.38,-42.67,-41.23,44,50,52,49,40,56,2168.42,2854.68,2590.74,2676.93,2380.56,2869.2,0.5643646408839779,0.3774033149171271,0.47116022099447513,0.4403867403314917,0.35535911602209946,0.6046408839779005,18.96,8,6.79,6.42,11.44,10.98,0,0,0,0,0,0,102.15,68.31,85.28,79.71,64.32,109.44,47.78,72.27000000000001,63.82,74.72,87.91999999999999,78.86,278.30237569060773,186.37756906077348,201.54276243093923,213.5717679558011,223.80276243093923,206.6711049723757,47,37,43,42,69,55
LU3,LU3_103_24,LU3_2024,166.6,-8.687,17.782,-39.278,43.8,2475.52,0.5019116022099448,11.208,0,90.846,94.01999999999998,230.6942320441989,56.6,307,305,314,306,305,328,120,120,120,115,120,120,28.364198895027624,42.386187845303866,33.5153591160221,16.37961325966851,31.492486187845305,77.25966850828729,63.19,75.3,57.38,39.26,64.85,143.71,177,181,172,175,147,158,-9.57914364640884,-7.688149171270719,-10.518812154696132,-10.14549723756906,-6.564779005524862,-8.517762430939227,18.42,19.41,14.19,17.8,17.1,20.41,-39.38,-42.67,-41.23,-35.72,-41.77,-35,49,40,56,47,26,50,2676.93,2380.56,2869.2,2654.22,2046.64,2426.98,0.4403867403314917,0.35535911602209946,0.6046408839779005,0.44950276243093923,0.33790055248618783,0.7621546961325967,6.42,11.44,10.98,9.8,9.66,14.16,0,0,0,0,0,0,79.71,64.32,109.44,81.36,61.160000000000004,137.95,74.72,87.91999999999999,78.86,68.47,78.17999999999999,156.66999999999996,213.5717679558011,223.80276243093923,206.6711049723757,206.5414364640884,257.9365193370166,258.5193370165746,42,69,55,40,67,52
LU3,LU3_106,LU3_2021,174.4,-9.458845303867403,18.326,-40.034,48.8,2660.958,0.45840883977900554,8.77,0,82.972,77.968,207.15435359116023,48.4,307,305,308,307,305,314,116,120,120,120,120,120,4.755911602209944,34.792651933701656,17.7246408839779,28.430662983425414,42.074696132596685,37.34364640883978,17.34,66.15,35.09,63.46,74.91,63.38,131,181,161,177,181,172,-7.392845303867404,-10.457845303867403,-9.172900552486189,-9.519917127071823,-7.628839779005525,-10.514723756906077,16.11,24.26,16.8,18.36,19.29,12.92,-36.8,-38.77,-38.57,-39.31,-42.45,-41.07,43,51,50,47,39,57,2159.93,2859,2572.2,2656.89,2358.43,2858.27,0.6031491712707182,0.3934254143646409,0.47193370165745857,0.4625414364640884,0.3803867403314917,0.5837569060773481,19.46,9.67,6.89,6.65,11.77,8.87,0,0,0,0,0,0,109.17,71.21,85.42,83.72,68.85,105.66,50.86,78.24,63.81000000000001,75.08,89.41000000000001,83.30000000000001,283.0075138121547,188.89569060773482,197.82138121546961,216.1171270718232,228.18906077348066,204.74850828729282,47,35,43,41,69,54
LU3,LU3_10_24,LU3_2024,161.6,-8.694060773480663,17.876,-39.282000000000004,45.2,2488.048,0.49334806629834255,10.822,0,89.29599999999999,88.024,227.37611049723756,54.8,307,305,315,306,305,328,120,120,120,115,120,120,25.404696132596687,34.723812154696134,30.008729281767955,14.849668508287293,31.629668508287292,72.66580110497237,56.04,63.96,55.17,37.75,66.52,133.06,177,181,171,151,147,158,-9.621160220994476,-7.731187845303867,-10.53549723756906,-10.091353591160221,-6.57085635359116,-8.541408839779006,18.6,19.47,14.41,18.09,17.27,20.14,-39.4,-42.62,-41.1,-35.84,-41.85,-35,48,41,58,52,25,50,2687.64,2389.93,2888.06,2665.54,2056.4,2440.31,0.40502762430939226,0.3483977900552486,0.5881767955801105,0.4234806629834254,0.37596685082872927,0.730718232044199,6.21,10.77,11.7,9.24,9.9,12.5,0,0,0,0,0,0,73.31,63.06,106.46,76.65,68.05,132.26,66.78999999999999,78.74,68.05,64.83,83.48,145.02,208.16259668508286,218.80281767955802,204.18546961325967,202.0546408839779,257.7841988950276,254.05342541436465,42,70,55,37,60,52
LU3,LU3_111,LU3_2021,174.4,-9.494182320441988,18.278,-40.028,49.2,2665.786,0.4552817679558011,8.866,0,82.40599999999999,77.31,206.39139226519336,48.4,307,305,308,307,305,314,116,120,120,120,120,120,4.796353591160221,35.056519337016574,17.67828729281768,28.157403314917126,41.46016574585635,36.83044198895028,16.9,66.82,35.52,62.47,73.89,62.7,131,181,161,177,181,172,-7.4253591160221,-10.498950276243093,-9.199530386740332,-9.549502762430938,-7.659668508287293,-10.563259668508287,16.16,24.2,16.8,18.34,19.24,12.81,-36.83,-38.87,-38.63,-39.26,-42.39,-40.99,43,51,51,47,39,58,2166.41,2866.66,2574.42,2659.08,2359.82,2868.95,0.6035911602209945,0.39337016574585637,0.4728176795580111,0.45607734806629835,0.3825414364640884,0.5716022099447514,19.1,10.06,6.95,6.69,11.78,8.85,0,0,0,0,0,0,109.25,71.2,85.58,82.55,69.24,103.46,50.73,78.72999999999999,63.77,74.11999999999999,88.17,81.75999999999999,282.35447513812153,188.1292817679558,197.35066298342542,215.2857458563536,228.07624309392264,203.1150276243094,47,33,44,41,69,55
LU3,LU3_111_24,LU3_2024,165.2,-8.625740331491713,17.442,-39.322,43.8,2458.608,0.505182320441989,11.436,0,91.438,94.596,233.29665193370167,54.6,307,305,314,306,305,328,120,120,120,115,120,120,28.157403314917126,41.46016574585635,36.83044198895028,18.766850828729282,24.937955801104973,79.10408839779005,62.47,73.89,62.7,40.3,54.25,148.1,177,181,172,175,140,158,-9.549502762430938,-7.659668508287293,-10.563259668508287,-10.096850828729282,-6.356353591160221,-8.452569060773481,18.34,19.24,12.81,18.3,16.84,20.02,-39.26,-42.39,-40.99,-36.76,-41.77,-34.7,47,39,58,47,25,50,2659.08,2359.82,2868.95,2630.13,2014.9,2419.24,0.45607734806629835,0.3825414364640884,0.5716022099447514,0.5129834254143646,0.3129281767955801,0.7458563535911602,6.69,11.78,8.85,14.09,7.83,14.63,0,0,0,0,0,0,82.55,69.24,103.46,92.85,56.64,135,74.11999999999999,88.17,81.75999999999999,72.69,68.58,161.78000000000003,215.2857458563536,228.07624309392264,203.1150276243094,214.26093922651933,259.9986740331492,261.03237569060775,41,69,55,37,59,53
LU3,LU3_126,LU3_2021,174.4,-9.577806629834255,19.132,-40.012,51,2701.176,0.45193370165745855,8.31,0,81.8,70.85,203.73907182320443,49.2,307,305,308,307,305,315,115,120,120,120,120,120,5.36817679558011,32.9328729281768,18.983701657458564,29.481657458563536,32.7824861878453,35.58718232044199,14.6,55.45,36.64,63.68,59.35,67.05,127,181,163,176,181,171,-7.384475138121547,-10.494475138121548,-9.363563535911602,-9.675883977900552,-7.7944198895027625,-10.560690607734806,16.46,24.8,17.94,18.83,19.53,14.56,-37.29,-38.23,-39,-39.34,-42.66,-40.83,44,55,51,48,41,60,2177.19,2872.91,2621.48,2700.41,2402.08,2909,0.4496132596685083,0.3607734806629834,0.46397790055248617,0.41033149171270716,0.3971823204419889,0.6274033149171271,16.59,5.53,6.63,6.14,10.13,13.12,0,0,0,0,0,0,81.38,65.3,83.98,74.27,71.89,113.56,34.36,65.97,63.050000000000004,74.26,76.46,74.50999999999999,269.9263535911602,183.70519337016574,199.53027624309394,208.09944751381215,218.3439226519337,209.01651933701658,44,36,45,42,70,53
LU3,LU3_126_24,LU3_2024,158.6,-8.687226519337017,17.998,-39.336,45.2,2499.46,0.5046850828729281,10.156,0,91.348,85.85000000000001,227.31909392265194,54,307,305,315,306,305,328,120,120,120,116,120,120,29.481657458563536,32.7824861878453,35.58718232044199,15.455414364640884,31.529558011049723,66.78408839779006,63.68,59.35,67.05,39.4,67.79,119.95,176,181,171,152,131,158,-9.675883977900552,-7.7944198895027625,-10.560690607734806,-10.00914364640884,-6.525110497237569,-8.546767955801105,18.83,19.53,14.56,18.55,17.48,19.87,-39.34,-42.66,-40.83,-36.22,-41.94,-35.03,48,41,60,51,25,49,2700.41,2402.08,2909,2672.99,2059.26,2453.97,0.41033149171270716,0.3971823204419889,0.6274033149171271,0.435524861878453,0.37624309392265193,0.6870718232044198,6.14,10.13,13.12,8,8.73,10.8,0,0,0,0,0,0,74.27,71.89,113.56,78.83,68.1,124.36,74.26,76.46,74.50999999999999,68.72000000000001,79.78,129.78000000000003,208.09944751381215,218.3439226519337,209.01651933701658,202.65011049723756,258.8976795580111,247.68723756906078,42,70,53,41,53,53
LU3,LU3_129,LU3_2021,174.2,-9.501265193370166,19.332,-39.882,50.6,2689.502,0.44753591160220996,7.832,0,81.004,69.546,203.25686187845304,49.6,307,305,308,307,305,315,115,120,120,120,120,120,5.249226519337016,32.33850828729282,18.231657458563536,29.128784530386742,31.628784530386742,36.800276243093926,14.73,54.82,35.5,62.52,57.19,68.07,126,181,163,176,180,171,-7.275441988950276,-10.404613259668508,-9.309668508287293,-9.609364640883978,-7.730414364640884,-10.452265193370165,16.56,25.04,18.39,19.09,19.66,14.48,-37.4,-37.9,-38.98,-39.26,-42.67,-40.6,44,55,50,48,41,59,2162.22,2859.11,2615.2,2689.23,2389.71,2894.26,0.4220441988950276,0.3641988950276243,0.44679558011049725,0.4208839779005525,0.39348066298342543,0.6123204419889503,16.47,5.8,6.19,6.14,9.42,11.61,0,0,0,0,0,0,76.39,65.92,80.87,76.18,71.22,110.83,32.480000000000004,65.11999999999999,60.67,72.64000000000001,75.23,74.07,267.24812154696133,184.3739779005525,198.4817679558011,207.79767955801105,217.43237569060773,208.1985082872928,43,36,45,43,70,54
LU3,LU3_129_24,LU3_2024,158,-8.563016574585635,18.27,-39.306,44.8,2484.77,0.48664088397790056,9.174,0,88.082,82.996,226.11698342541436,54.6,307,305,315,306,305,328,120,120,120,114,120,120,29.128784530386742,31.628784530386742,36.800276243093926,14.529005524861878,29.111546961325967,62.93602209944751,62.52,57.19,68.07,35.86,63.83,112.25,176,180,171,150,131,158,-9.609364640883978,-7.730414364640884,-10.452265193370165,-9.862154696132597,-6.353149171270719,-8.417099447513813,19.09,19.66,14.48,19.07,17.83,20.31,-39.26,-42.67,-40.6,-36.33,-41.99,-34.94,48,41,59,51,25,48,2689.23,2389.71,2894.26,2658.12,2039.71,2442.05,0.4208839779005525,0.39348066298342543,0.6123204419889503,0.42535911602209947,0.356353591160221,0.6456906077348066,6.14,9.42,11.61,7.26,7.6,9.98,0,0,0,0,0,0,76.18,71.22,110.83,76.99,64.5,116.87,72.64000000000001,75.23,74.07,67.5,76.07,122.11000000000001,207.79767955801105,217.43237569060773,208.1985082872928,198.77127071823205,259.9491160220995,246.23364640883977,43,70,54,41,55,53
LU3,LU3_13,LU3_2021,173.2,-9.561303867403314,18.534,-40.024,50.2,2683.852,0.44209944751381214,8.661999999999999,0,80.02,72.474,204.3281546961326,47.6,325,305,308,307,305,320,116,120,120,120,120,120,4.229447513812155,33.40022099447514,17.555966850828728,28.85646408839779,36.91872928176795,33.89248618784531,14.73,65.29,33.75,61.24,66.76,61.42,123,181,161,177,181,166,-7.448701657458564,-10.554337016574586,-9.273508287292819,-9.618591160220994,-7.738701657458564,-10.621381215469613,16.33,24.3,17.17,18.45,19.34,13.41,-37.04,-38.92,-38.87,-39.19,-42.37,-40.77,44,55,50,47,40,59,2178.86,2882.49,2591.65,2674.26,2374.92,2895.94,0.5429281767955801,0.3927624309392265,0.46005524861878455,0.4051381215469613,0.3734806629834254,0.579060773480663,17.95,10.2,6.95,6.23,11.48,8.45,0,0,0,0,0,0,98.27,71.09,83.27,73.33,67.60000000000001,104.81,43.39,76.56000000000002,61.2,73.12,80.12,71.37,275.17591160220996,185.86657458563536,196.9603867403315,209.20491712707184,226.58812154696133,203.020773480663,44,34,43,41,68,52
LU3,LU3_131,LU3_2021,174.8,-9.506740331491713,18.712,-40.112,49.4,2677.2,0.4450386740331492,8.736,0,80.55199999999999,74.884,205.6140220994475,49.6,307,305,308,307,305,314,115,120,120,120,120,120,4.38767955801105,31.654917127071823,18.79878453038674,27.77182320441989,42.27624309392265,32.930662983425414,16.94,59.8,36.33,61.73,75.04,56.41,128,181,163,177,181,172,-7.436685082872928,-10.457624309392266,-9.258011049723757,-9.59085635359116,-7.699447513812155,-10.527762430939227,16.12,24.47,16.94,18.42,19.42,14.31,-36.92,-38.63,-38.58,-39.4,-42.69,-41.26,44,50,52,49,40,56,2170.7,2856.16,2593.58,2680.02,2383.76,2872.48,0.5610497237569061,0.3746961325966851,0.4686740331491713,0.432707182320442,0.35276243093922655,0.596353591160221,18.85,7.89,6.8,6.38,11.38,11.23,0,0,0,0,0,0,101.55,67.82,84.83,78.32000000000001,63.85,107.94,46.96,71.73,63.39,73.17999999999999,87.61,78.50999999999999,277.9340331491713,186.02972375690607,201.15530386740332,212.37082872928175,223.04801104972375,205.46624309392266,46,38,43,42,70,55
LU3,LU3_131_24,LU3_2024,166.6,-8.704016574585635,17.804000000000002,-39.326,44,2479.494,0.49858563535911604,11.266,0,90.244,93.586,229.68476243093923,56.4,307,305,314,306,305,328,120,120,120,115,120,120,27.77182320441989,42.27624309392265,32.930662983425414,14.922872928176796,31.793701657458563,76.95254143646409,61.73,75.04,56.41,36.89,66.62,143.67,177,181,172,175,147,158,-9.59085635359116,-7.699447513812155,-10.527762430939227,-10.158977900552486,-6.596906077348066,-8.536988950276243,18.42,19.42,14.31,17.74,17.12,20.43,-39.4,-42.69,-41.26,-35.87,-41.78,-35.03,49,40,56,48,26,50,2680.02,2383.76,2872.48,2659.08,2051.86,2430.29,0.432707182320442,0.35276243093922655,0.596353591160221,0.43149171270718234,0.35154696132596686,0.7607734806629834,6.38,11.38,11.23,9.6,10.13,13.99,0,0,0,0,0,0,78.32000000000001,63.85,107.94,78.1,63.63,137.7,73.17999999999999,87.61,78.50999999999999,65.49,79.81,156.51000000000002,212.37082872928175,223.04801104972375,205.46624309392266,202.85044198895028,258.8162983425414,258.242817679558,42,70,55,40,65,52
LU3,LU3_137,LU3_2021,173.2,-9.445309392265195,18.344,-40,49.2,2656.598,0.4409723756906077,8.693999999999999,0,79.816,74.122,206.4212817679558,47.6,307,305,308,307,305,320,115,120,120,120,120,120,4.431878453038674,35.21718232044199,18.12154696132597,26.18171270718232,37.009889502762434,34.3939226519337,15.39,67.29,35.82,57.93,67.67,61.74,126,181,161,177,181,166,-7.362099447513812,-10.443756906077349,-9.158922651933702,-9.506491712707183,-7.618011049723757,-10.499364640883979,16.21,24.35,17.06,18.49,19.34,12.48,-36.82,-38.72,-38.74,-39.21,-42.34,-40.99,44,52,49,47,39,59,2155.94,2857,2566.6,2648.85,2348.43,2862.11,0.5840331491712707,0.3881767955801105,0.47718232044198894,0.4361878453038674,0.3829281767955801,0.5203867403314917,18.95,10.2,6.95,6.36,11.44,8.52,0,0,0,0,0,0,105.71,70.26,86.37,78.95,69.31,94.19,47.96,79.05000000000001,64.79,69.49,83.55,73.73,281.39303867403316,188.5938674033149,198.93850828729282,213.53270718232045,228.83292817679558,202.20839779005524,43,33,44,41,68,52
LU3,LU3_137_24,LU3_2024,163,-8.544436464088399,17.468,-39.304,44.2,2448.754,0.48513812154696134,11.206,0,87.81,90.40200000000002,232.8735359116022,53.6,307,305,320,306,305,328,120,120,120,113,118,120,26.18171270718232,37.009889502762434,34.3939226519337,17.36900552486188,23.60386740331492,77.99640883977901,57.93,67.67,61.74,37.13,51.97,145.28,177,181,166,173,137,158,-9.506491712707183,-7.618011049723757,-10.499364640883979,-9.991767955801105,-6.243480662983425,-8.369558011049724,18.49,19.34,12.48,18.64,17.04,19.84,-39.21,-42.34,-40.99,-36.74,-41.81,-34.64,47,39,59,48,26,49,2648.85,2348.43,2862.11,2620.2599999999998,2000.91,2412.06,0.4361878453038674,0.3829281767955801,0.5203867403314917,0.49552486187845307,0.30823204419889505,0.7186187845303867,6.36,11.44,8.52,14.4,7.61,14.06,0,0,0,0,0,0,78.95,69.31,94.19,89.69,55.79,130.07,69.49,83.55,73.73,69.15,66.57000000000001,159.01000000000005,213.53270718232045,228.83292817679558,202.20839779005524,211.6232596685083,260.7282320441989,260.97486187845305,41,68,52,37,58,53
LU3,LU3_13_24,LU3_2024,159.4,-8.674933701657459,17.546,-39.17,44.6,2477.908,0.4978342541436464,10.728,0,90.108,88.106,231.13148066298345,53.2,307,305,320,306,305,328,120,120,120,114,120,120,28.85646408839779,36.91872928176795,33.89248618784531,16.665414364640885,25.052375690607736,74.83635359116022,61.24,66.76,61.42,37.75,55.46,137.97,177,181,166,161,131,158,-9.618591160220994,-7.738701657458564,-10.621381215469613,-10.075524861878453,-6.422016574585635,-8.517044198895027,18.45,19.34,13.41,18.54,16.81,19.63,-39.19,-42.37,-40.77,-36.18,-41.85,-34.68,47,40,59,49,25,50,2674.26,2374.92,2895.94,2646.38,2034,2438.3,0.4051381215469613,0.3734806629834254,0.579060773480663,0.48154696132596686,0.31027624309392265,0.7448066298342542,6.23,11.48,8.45,12.83,7.79,13.09,0,0,0,0,0,0,73.33,67.60000000000001,104.81,87.16,56.160000000000004,134.81,73.12,80.12,71.37,69.44,69,150.6,209.20491712707184,226.58812154696133,203.020773480663,208.83198895027624,258.83425414364643,258.3822651933702,41,68,52,38,55,53
LU3,LU3_14,LU3_2021,174.6,-9.592856353591161,18.48,-40.046,50.4,2689.118,0.4403756906077348,8.72,0,79.708,75.018,203.7373370165746,48.4,307,305,308,307,305,314,116,120,120,120,120,120,4.32475138121547,32.894585635359114,17.574088397790057,29.614088397790056,40.96580110497238,35.50911602209945,15.2,62.96,33.82,63.81,72.87,61.25,124,181,162,177,181,172,-7.488121546961326,-10.591712707182321,-9.296933701657458,-9.644779005524862,-7.76585635359116,-10.665000000000001,16.3,24.21,17.02,18.36,19.3,13.51,-37.03,-39.05,-38.84,-39.2,-42.37,-40.77,44,55,51,47,40,59,2184.84,2888.97,2595.18,2679.06,2380.33,2902.05,0.5568508287292818,0.3795027624309392,0.4602762430939226,0.41917127071823207,0.3741436464088398,0.5687845303867404,17.96,10.2,7.05,6.39,11.63,8.33,0,0,0,0,0,0,100.79,68.69,83.31,75.87,67.72,102.95,45.839999999999996,74.31,61.06,75.63000000000001,86.01,78.08,275.3186187845304,184.61585635359117,196.64602209944752,210.23696132596686,226.23651933701657,200.95132596685082,45,34,44,41,69,54
LU3,LU3_147,LU3_2021,174.6,-9.546950276243095,19.068,-39.972,50.6,2692.448,0.4403093922651934,8.404,0,79.696,69.536,204.00765745856353,48.6,307,305,308,307,305,315,115,120,120,120,120,120,4.601381215469613,32.77767955801105,19.397127071823206,26.86806629834254,33.06939226519337,33.96795580110497,14.11,56.63,37.52,59.48,60.71,63.4,123,181,163,177,181,171,-7.372458563535912,-10.476519337016574,-9.32060773480663,-9.637817679558012,-7.757458563535912,-10.542348066298343,16.47,24.77,17.85,18.8,19.5,14.42,-37.28,-38.32,-38.8,-39.28,-42.61,-40.85,44,54,50,48,41,60,2173.79,2869.16,2610.83,2689.95,2391.33,2900.97,0.49171270718232046,0.3521546961325967,0.4728176795580111,0.41011049723756904,0.3511049723756906,0.6153591160220995,16.94,5.65,6.63,6.16,10.3,13.28,0,0,0,0,0,0,89,63.74,85.58,74.23,63.550000000000004,111.38,35.76,67.41,63.330000000000005,70.33999999999999,74.85000000000001,71.75,271.97127071823206,183.7650828729282,200.40596685082872,208.25127071823204,219.0389502762431,208.57701657458563,43,36,44,41,69,53
LU3,LU3_147_24,LU3_2024,161.6,-8.655602209944751,17.944,-39.302,45.2,2490.552,0.49058563535911603,10.312,0,88.79599999999999,85.69,227.316,55,307,305,315,306,305,328,120,120,120,115,120,120,26.86806629834254,33.06939226519337,33.96795580110497,14.696740331491712,31.465690607734807,68.10674033149171,59.48,60.71,63.4,37.06,66.56,122.18,177,181,171,151,147,158,-9.637817679558012,-7.757458563535912,-10.542348066298343,-9.99378453038674,-6.476325966850829,-8.508093922651934,18.8,19.5,14.42,18.59,17.42,19.79,-39.28,-42.61,-40.85,-36.18,-41.92,-34.95,48,41,60,51,25,49,2689.95,2391.33,2900.97,2664.21,2050.34,2445.91,0.41011049723756904,0.3511049723756906,0.6153591160220995,0.4216574585635359,0.36668508287292817,0.698121546961326,6.16,10.3,13.28,8.35,8.46,11.17,0,0,0,0,0,0,74.23,63.550000000000004,111.38,76.32,66.37,126.36,70.33999999999999,74.85000000000001,71.75,65.75,83.77,132.33,208.25127071823204,219.0389502762431,208.57701657458563,200.8517679558011,258.5285635359116,249.58370165745856,41,69,53,39,60,54
LU3,LU3_14_24,LU3_2024,160.8,-8.720834254143647,17.506,-39.184,44.8,2483.426,0.4993370165745856,10.94,0,90.38,91.7,231.13513812154696,54,307,305,314,306,305,328,120,120,120,115,120,120,29.614088397790056,40.96580110497238,35.50911602209945,17.592099447513814,25.69524861878453,75.63756906077349,63.81,72.87,61.25,39.76,56.67,139.88,177,181,172,162,131,158,-9.644779005524862,-7.76585635359116,-10.665000000000001,-10.129917127071824,-6.479751381215469,-8.563646408839778,18.36,19.3,13.51,18.36,16.68,19.68,-39.2,-42.37,-40.77,-36.27,-41.83,-34.68,47,40,59,49,26,50,2679.06,2380.33,2902.05,2651.16,2040.96,2442.63,0.41917127071823207,0.3741436464088398,0.5687845303867404,0.4939779005524862,0.31425414364640886,0.745524861878453,6.39,11.63,8.33,13.29,8.12,13.33,0,0,0,0,0,0,75.87,67.72,102.95,89.41,56.879999999999995,134.94,75.63000000000001,86.01,78.08,71.36999999999999,70.1,152.94,210.23696132596686,226.23651933701657,200.95132596685082,210.78265193370166,258.8082320441989,258.89696132596686,41,69,54,38,56,53
LU3,LU3_15,LU3_2021,174.6,-9.59932044198895,18.902,-40.084,51,2700.834,0.447060773480663,8.54,0,80.918,70.104,203.5655359116022,48.6,307,305,308,307,305,315,115,120,120,120,120,120,5.074088397790055,32.92574585635359,18.819447513812154,25.960994475138122,34.6421546961326,33.6521546961326,14.51,59.81,36.18,57.03,63.12,62.45,129,181,163,177,181,171,-7.454281767955801,-10.537707182320442,-9.35792817679558,-9.685745856353591,-7.802403314917127,-10.612817679558011,16.35,24.57,17.46,18.58,19.41,14.49,-37.16,-38.55,-38.84,-39.38,-42.61,-41.04,43,54,51,48,41,61,2184.05,2877.94,2615.84,2699.42,2402.14,2908.83,0.5061878453038674,0.37480662983425417,0.46640883977900555,0.41011049723756904,0.3562430939226519,0.6277348066298343,17.17,5.77,6.86,6.13,10.74,13.2,0,0,0,0,0,0,91.62,67.84,84.42,74.23,64.48,113.62,43.01,70.80000000000001,61.75,67.6,77.25,73.12,273.31232044198896,184.65182320441988,198.32403314917127,207.9464640883978,219.12436464088398,207.78099447513813,47,36,43,41,70,53
LU3,LU3_15_24,LU3_2024,161.8,-8.750591160220994,17.832,-39.304,46,2501.0879999999997,0.503182320441989,10.95,0,91.076,88.61,228.0848508287293,54.8,307,305,315,306,305,328,120,120,120,116,120,120,25.960994475138122,34.6421546961326,33.6521546961326,15.807182320441989,32.842154696132596,71.14950276243094,57.03,63.12,62.45,40.49,68.93,128.26,177,181,171,152,147,158,-9.685745856353591,-7.802403314917127,-10.612817679558011,-10.11378453038674,-6.616933701657459,-8.607016574585636,18.58,19.41,14.49,18.13,17.17,19.96,-39.38,-42.61,-41.04,-36.04,-41.88,-34.95,48,41,61,53,25,50,2699.42,2402.14,2908.83,2675.44,2066.08,2452.95,0.41011049723756904,0.3562430939226519,0.6277348066298343,0.44,0.38193370165745855,0.71,6.13,10.74,13.2,9.22,9.66,11.93,0,0,0,0,0,0,74.23,64.48,113.62,79.64,69.13,128.51,67.6,77.25,73.12,68.19000000000001,86.08,138.40999999999997,207.9464640883978,219.12436464088398,207.78099447513813,204.85303867403314,258.2138674033149,250.45198895027625,41,70,53,39,60,52
LU3,LU3_17,LU3_2021,174.6,-9.526314917127072,19.026,-39.964,50.4,2687.0860000000002,0.43719337016574583,8.408,0,79.132,69.336,203.8736906077348,49,307,305,308,307,305,315,114,120,120,120,120,120,4.767624309392265,32.95524861878453,18.801933701657457,26.315303867403316,32.911878453038675,32.73226519337017,13.91,59.53,36.43,57.87,60.56,61.01,126,181,163,177,181,171,-7.367320441988951,-10.459944751381215,-9.296187845303868,-9.616270718232045,-7.733425414364641,-10.525745856353591,16.43,24.75,17.75,18.77,19.5,14.36,-37.22,-38.34,-38.72,-39.27,-42.6,-40.89,43,54,50,48,41,59,2170.72,2864.76,2605.19,2684.98,2386.3,2894.2,0.4941988950276243,0.36767955801104973,0.46756906077348065,0.39845303867403314,0.3505524861878453,0.6017127071823204,17.23,5.51,6.67,6.18,10.4,13.28,0,0,0,0,0,0,89.45,66.55,84.63,72.12,63.45,108.91,41.05,70.50999999999999,62.3,68.40999999999998,75.06,70.4,272.0553038674033,185.1988397790055,199.3821546961326,207.53718232044199,219.3756906077348,207.87458563535913,45,36,44,41,71,53
LU3,LU3_17_24,LU3_2024,161.6,-8.643933701657458,17.922,-39.286,45,2485.818,0.485524861878453,10.478,0,87.88,85.704,227.57035359116023,55.4,307,305,315,306,305,328,120,120,120,115,120,120,26.315303867403316,32.911878453038675,32.73226519337017,14.673093922651933,31.243591160220994,69.29977900552487,57.87,60.56,61.01,36.92,66.1,124.68,177,181,171,151,147,158,-9.616270718232045,-7.733425414364641,-10.525745856353591,-9.999337016574586,-6.469337016574586,-8.49182320441989,18.77,19.5,14.36,18.52,17.4,19.83,-39.27,-42.6,-40.89,-36.09,-41.9,-34.95,48,41,59,51,25,49,2684.98,2386.3,2894.2,2660.61,2047.36,2440.62,0.39845303867403314,0.3505524861878453,0.6017127071823204,0.4169613259668508,0.36447513812154697,0.6939226519337016,6.18,10.4,13.28,8.56,8.62,11.53,0,0,0,0,0,0,72.12,63.45,108.91,75.47,65.97,125.6,68.40999999999998,75.06,70.4,64.72999999999999,83.35,134.98,207.53718232044199,219.3756906077348,207.87458563535913,201.2257458563536,258.78325966850826,250.5924861878453,41,71,53,39,60,54
LU3,LU3_18,LU3_2021,173.4,-9.537099447513812,18.722,-40,50.4,2683.56,0.4394254143646409,8.454,0,79.536,71.38,204.06205524861878,47.8,325,305,308,307,305,320,115,120,120,120,120,120,4.110386740331492,32.780386740331494,17.51243093922652,28.740055248618784,36.28165745856354,33.74093922651934,13.51,61.83,33.94,61.2,65.42,61.54,121,181,162,177,181,166,-7.398287292817679,-10.514309392265194,-9.267596685082873,-9.604558011049724,-7.7267955801104975,-10.572237569060773,16.39,24.47,17.47,18.61,19.41,13.65,-37.12,-38.7,-38.96,-39.2,-42.39,-40.75,43,55,50,47,40,60,2173.67,2877.53,2594.97,2675.42,2375.83,2894.05,0.5056353591160221,0.36994475138121546,0.4614917127071823,0.4038674033149171,0.36513812154696135,0.5966850828729282,17.65,6.91,6.76,6.26,11.21,11.13,0,0,0,0,0,0,91.52,66.96,83.53,73.1,66.09,108,41.33,72.87,60.6,72.51,78.77999999999999,72.14,272.0817679558011,185.02232044198894,196.71767955801104,208.6989502762431,224.6792817679558,205.19204419889502,42,35,42,41,69,52
LU3,LU3_18_24,LU3_2024,161,-8.629635359116023,17.674,-39.18,44.6,2476.676,0.5014585635359117,10.644,0,90.764,89.17,230.2795359116022,55,307,305,320,306,305,328,120,120,120,114,120,120,28.740055248618784,36.28165745856354,33.74093922651934,15.637292817679558,30.726906077348065,73.91154696132597,61.2,65.42,61.54,36.13,64.62,133.04,177,181,166,154,146,158,-9.604558011049724,-7.7267955801104975,-10.572237569060773,-10.003093922651933,-6.373674033149172,-8.472375690607734,18.61,19.41,13.65,18.77,17.02,19.52,-39.2,-42.39,-40.75,-36.18,-41.89,-34.69,47,40,60,49,25,49,2675.42,2375.83,2894.05,2645.17,2031.3,2437.03,0.4038674033149171,0.36513812154696135,0.5966850828729282,0.4496132596685083,0.3523204419889503,0.74353591160221,6.26,11.21,11.13,11.06,7.42,12.4,0,0,0,0,0,0,73.1,66.09,108,81.38,63.769999999999996,134.58,72.51,78.77999999999999,72.14,67.13,83.31,144.49,208.6989502762431,224.6792817679558,205.19204419889502,205.4182320441989,260.55944751381213,255.54867403314918,41,69,52,37,64,53
LU3,LU3_19,LU3_2021,173.2,-9.558994475138121,18.73,-40.022,50.4,2688.846,0.4396574585635359,8.482,0,79.578,71.002,203.98170165745856,47.4,307,305,308,307,305,320,115,120,120,120,120,120,4.146740331491713,33.30060773480663,17.268066298342543,29.085690607734808,36.02386740331492,33.15690607734807,13.63,62.78,33.22,61.81,65.1,60.78,122,181,161,177,181,166,-7.421961325966851,-10.536491712707182,-9.28792817679558,-9.625745856353591,-7.7473756906077345,-10.59743093922652,16.38,24.43,17.4,18.56,19.38,13.88,-37.12,-38.75,-38.94,-39.22,-42.41,-40.79,43,55,50,47,40,60,2177.91,2882,2599.79,2681.27,2382.04,2899.13,0.5087292817679558,0.3767403314917127,0.45502762430939225,0.40651933701657456,0.36955801104972374,0.5904419889502762,17.6,6.89,6.81,6.26,11.29,11.16,0,0,0,0,0,0,92.08,68.19,82.36,73.58,66.89,106.87,41.99,73.84,59.41,72.89,78.28999999999998,70.58,272.1162983425414,186.03795580110497,195.33270718232043,209.10756906077347,224.7317127071823,204.6985635359116,42,35,41,41,69,51
LU3,LU3_19_24,LU3_2024,161.2,-8.661077348066298,17.688,-39.188,44.6,2481.498,0.5017900552486187,10.708,0,90.824,88.55199999999999,229.77229834254143,54.4,307,305,320,306,305,328,120,120,120,114,120,120,29.085690607734808,36.02386740331492,33.15690607734807,15.30828729281768,31.301988950276243,73.4943093922652,61.81,65.1,60.78,35.67,65.62,132.34,177,181,166,154,147,158,-9.625745856353591,-7.7473756906077345,-10.59743093922652,-10.036077348066298,-6.420331491712707,-8.504171270718231,18.56,19.38,13.88,18.62,16.97,19.59,-39.22,-42.41,-40.79,-36.15,-41.88,-34.71,47,40,60,49,25,49,2681.27,2382.04,2899.13,2649.36,2037.04,2439.92,0.40651933701657456,0.36955801104972374,0.5904419889502762,0.44298342541436464,0.3558011049723757,0.7501657458563535,6.26,11.29,11.16,11.16,7.48,12.45,0,0,0,0,0,0,73.58,66.89,106.87,80.18,64.4,135.78,72.89,78.28999999999998,70.58,65.9,84.25,143.74,209.10756906077347,224.7317127071823,204.6985635359116,204.19093922651933,260.2729281767956,254.96734806629834,41,69,51,38,62,52
LU3,LU3_20,LU3_2021,173.2,-9.595690607734806,18.722,-40.046,50.8,2695.56,0.4424309392265193,8.58,0,80.08,70.466,203.67523756906078,47.2,307,305,308,307,305,320,115,120,120,120,120,120,4.845193370165746,33.268839779005525,17.22414364640884,26.30110497237569,35.3375138121547,33.00243093922652,14.72,62.15,33.19,57.66,65.27,60.58,124,181,161,177,181,166,-7.461104972375691,-10.572983425414364,-9.319558011049724,-9.65953038674033,-7.7820441988950275,-10.644337016574585,16.36,24.37,17.31,18.49,19.36,14.08,-37.14,-38.85,-38.9,-39.21,-42.43,-40.84,43,55,51,48,40,60,2184.72,2888.19,2605.04,2687.53,2388.74,2908.3,0.5180110497237569,0.3872375690607735,0.45353591160220996,0.4054696132596685,0.36922651933701656,0.5966850828729282,17.5,6.65,6.89,6.26,11.44,11.66,0,0,0,0,0,0,93.76,70.09,82.09,73.39,66.83,108,43.6,73.21000000000001,58.989999999999995,68.64999999999999,80.66,70.82,273.51817679558013,185.4254143646409,194.9909944751381,208.9753591160221,224.39198895027624,204.59243093922652,43,35,41,41,68,51
LU3,LU3_20_24,LU3_2024,160.8,-8.711044198895028,17.678,-39.202,45,2489.238,0.5036906077348067,10.81,0,91.168,89.498,229.45068508287292,54.2,307,305,320,306,305,328,120,120,120,114,120,120,26.30110497237569,35.3375138121547,33.00243093922652,15.198342541436464,32.18530386740331,73.8624861878453,57.66,65.27,60.58,35.8,67.24,133.12,177,181,166,152,147,158,-9.65953038674033,-7.7820441988950275,-10.644337016574585,-10.084917127071822,-6.486767955801105,-8.557154696132597,18.49,19.36,14.08,18.46,16.87,19.62,-39.21,-42.43,-40.84,-36.14,-41.88,-34.72,48,40,60,51,25,49,2687.53,2388.74,2908.3,2656.41,2046.21,2446.53,0.4054696132596685,0.36922651933701656,0.5966850828729282,0.43867403314917125,0.36303867403314916,0.7508287292817679,6.26,11.44,11.66,10.84,7.62,12.49,0,0,0,0,0,0,73.39,66.83,108,79.4,65.71,135.9,68.64999999999999,80.66,70.82,65.67999999999999,85.91,144.42000000000002,208.9753591160221,224.39198895027624,204.59243093922652,203.51762430939226,259.98790055248617,254.76348066298343,41,68,51,38,62,52
LU3,LU3_21,LU3_2021,174.4,-9.510303867403316,19.04,-39.946,50.4,2685.256,0.4359779005524862,8.379999999999999,0,78.912,69.166,203.97816574585636,48.6,307,305,308,307,305,315,114,120,120,120,120,120,4.408950276243094,33.4292817679558,18.230331491712708,26.627790055248617,32.626629834254146,32.234364640883975,13.82,59.6,35.23,58.67,60,60.26,122,181,162,177,181,171,-7.342983425414364,-10.444060773480663,-9.281381215469613,-9.60157458563536,-7.71914364640884,-10.505359116022099,16.42,24.77,17.84,18.81,19.5,14.28,-37.21,-38.27,-38.76,-39.28,-42.56,-40.86,42,54,50,48,41,59,2167.19,2863.52,2604.17,2683.18,2383.89,2891.52,0.4952486187845304,0.3640331491712707,0.46414364640883976,0.4024861878453039,0.3508839779005525,0.598342541436464,17.25,5.59,6.62,6.22,10.35,13.12,0,0,0,0,0,0,89.64,65.89,84.01,72.85,63.51,108.3,33.66,70.5,61.769999999999996,69.31,74.58,69.67,272.52187845303865,185.3250276243094,198.5964640883978,208.39900552486188,219.70370165745857,207.86662983425416,42,36,43,42,69,53
LU3,LU3_21_24,LU3_2024,161.4,-8.6099226519337,17.944,-39.272,44.4,2481.458,0.48359116022099446,10.31,0,87.53,84.968,228.05927071823206,55,307,305,315,306,305,328,120,120,120,114,120,120,26.627790055248617,32.626629834254146,32.234364640883975,14.56232044198895,30.423977900552487,68.64795580110497,58.67,60,60.26,36.35,64.7,123.56,177,181,171,150,147,158,-9.60157458563536,-7.71914364640884,-10.505359116022099,-9.958149171270719,-6.411740331491712,-8.455220994475138,18.81,19.5,14.28,18.7,17.44,19.8,-39.28,-42.56,-40.86,-36.14,-41.92,-34.88,48,41,59,50,25,47,2683.18,2383.89,2891.52,2654.44,2040.26,2437.18,0.4024861878453039,0.3508839779005525,0.598342541436464,0.41552486187845306,0.35685082872928175,0.696353591160221,6.22,10.35,13.12,8.47,8.22,11.39,0,0,0,0,0,0,72.85,63.51,108.3,75.21000000000001,64.59,126.04,69.31,74.58,69.67,64.49000000000001,82.13,133.97,208.39900552486188,219.70370165745857,207.86662983425416,201.64613259668508,259.7331491712707,251.3467403314917,42,69,53,39,60,54
LU3,LU3_25,LU3_2021,174.6,-9.508674033149171,19.09,-39.936,50.4,2685.766,0.43501657458563536,8.254,0,78.738,68.67,203.75100552486188,49,307,305,308,307,305,315,115,120,120,120,120,120,4.517292817679558,32.40038674033149,18.58232044198895,26.681270718232046,31.929889502762432,32.94364640883978,13.88,57.74,36.33,58.52,59.04,61.58,123,181,163,177,181,171,-7.329530386740331,-10.43767955801105,-9.28461325966851,-9.601602209944751,-7.720718232044199,-10.498756906077348,16.46,24.81,17.95,18.87,19.52,14.3,-37.26,-38.22,-38.81,-39.26,-42.57,-40.82,43,54,50,48,41,59,2166.4,2863.11,2605.5,2683.39,2383.9,2892.93,0.48464088397790056,0.36408839779005525,0.459060773480663,0.4030386740331492,0.3476243093922652,0.6012707182320443,17.08,5.75,6.52,6.21,10.23,12.56,0,0,0,0,0,0,87.72,65.9,83.09,72.95,62.92,108.83,35.46,68.51,61.1,68.9,74.17,70.67,271.4221546961326,184.84386740331493,199.48513812154695,208.0567403314917,218.57613259668508,207.79314917127073,43,36,45,42,69,53
LU3,LU3_25_24,LU3_2024,161.4,-8.597883977900553,18.004,-39.276,44.8,2481.598,0.481767955801105,10.018,0,87.2,84.648,227.225635359116,55.6,307,305,315,306,305,328,120,120,120,114,120,120,26.681270718232046,31.929889502762432,32.94364640883978,14.543922651933702,30.493093922651934,67.61602209944752,58.52,59.04,61.58,36.08,64.72,121.15,177,181,171,150,147,158,-9.601602209944751,-7.720718232044199,-10.498756906077348,-9.934088397790056,-6.391160220994475,-8.444696132596684,18.87,19.52,14.3,18.8,17.5,19.9,-39.26,-42.57,-40.82,-36.2,-41.93,-34.86,48,41,59,51,25,48,2683.39,2383.9,2892.93,2654.22,2038.99,2437.95,0.4030386740331492,0.3476243093922652,0.6012707182320443,0.4162430939226519,0.35171270718232045,0.6919889502762431,6.21,10.23,12.56,8.19,8.01,11.1,0,0,0,0,0,0,72.95,62.92,108.83,75.34,63.66,125.25,68.9,74.17,70.67,64.8,82.13,131.47,208.0567403314917,218.57613259668508,207.79314917127073,200.77220994475138,258.8424861878453,250.1441988950276,42,69,53,40,61,55
LU3,LU3_27,LU3_2021,174.6,-9.474232044198896,19.144000000000002,-39.92,50,2680.266,0.43390055248618786,8.036,0,78.536,69.016,203.92674033149171,49.4,307,305,308,307,305,315,115,120,120,120,120,120,4.371436464088398,32.82116022099448,18.425690607734808,26.013977900552486,32.80397790055249,33.25922651933702,13.7,59.41,35.89,56.56,60.39,62,122,181,163,177,181,171,-7.285082872928177,-10.402872928176796,-9.256298342541436,-9.57060773480663,-7.690497237569061,-10.450883977900553,16.51,24.89,18.11,18.96,19.55,14.21,-37.3,-38.13,-38.91,-39.23,-42.55,-40.78,43,54,49,48,40,59,2160.21,2858.37,2601.64,2677.83,2377.65,2885.84,0.47596685082872925,0.3704972375690608,0.4561878453038674,0.39,0.3528729281767956,0.5999447513812155,17.08,5.83,6.34,6.25,10.15,11.61,0,0,0,0,0,0,86.14999999999999,67.06,82.57000000000001,70.59,63.87,108.59,34.95,70.11000000000001,60.8,66.53,75.69999999999999,71.94000000000001,269.9767403314917,185.71486187845304,198.8525966850829,207.28265193370166,220.1653038674033,207.61828729281768,42,36,45,42,71,53
LU3,LU3_27_24,LU3_2024,161.6,-8.540878453038674,18.096,-39.274,44.2,2474.158,0.47737016574585633,9.656,0,86.404,84.30199999999999,227.48982320441988,57.4,307,305,315,306,305,328,120,120,120,114,120,120,26.013977900552486,32.80397790055249,33.25922651933702,14.49878453038674,29.449447513812153,66.37723756906077,56.56,60.39,62,35.37,62.93,118.66,177,181,171,152,146,158,-9.57060773480663,-7.690497237569061,-10.450883977900553,-9.86803867403315,-6.309861878453039,-8.38511049723757,18.96,19.55,14.21,19.05,17.61,20.06,-39.23,-42.55,-40.78,-36.26,-41.96,-34.82,48,40,59,50,25,47,2677.83,2377.65,2885.84,2645.96,2029.18,2432.16,0.39,0.3528729281767956,0.5999447513812155,0.415414364640884,0.3449171270718232,0.6737016574585635,6.25,10.15,11.61,8.21,7.47,10.84,0,0,0,0,0,0,70.59,63.87,108.59,75.19,62.43,121.94,66.53,75.69999999999999,71.94000000000001,64.44999999999999,80.37,129.04999999999998,207.28265193370166,220.1653038674033,207.61828729281768,200.5063535911602,259.24453038674034,249.9146408839779,42,71,53,42,65,56
LU3,LU3_28,LU3_2021,174.6,-9.522939226519338,19.128,-39.932,50.6,2689.268,0.4445193370165746,8.225999999999999,0,80.458,69.44,203.68717127071824,49.2,307,305,308,307,305,315,115,120,120,120,120,120,5.273370165745856,32.11187845303867,18.61696132596685,28.334254143646408,33.3275138121547,34.03889502762431,14.61,54.02,36.27,60.98,60.93,63.45,127,181,163,177,181,171,-7.335441988950276,-10.447872928176796,-9.302790055248618,-9.61732044198895,-7.73732044198895,-10.50939226519337,16.49,24.84,18.01,18.89,19.53,14.37,-37.3,-38.21,-38.8,-39.26,-42.6,-40.79,44,54,50,48,41,60,2168.7,2865.3,2609.38,2686.95,2387.64,2897.07,0.4614364640883978,0.35685082872928175,0.4630386740331492,0.40629834254143643,0.38,0.6164088397790055,16.9,5.72,6.5,6.18,10.1,12.63,0,0,0,0,0,0,83.52,64.59,83.81,73.53999999999999,68.78,111.57000000000001,35.06,64.69,61.730000000000004,71.77,75.83000000000001,73.18,272.12,183.47408839779007,199.91519337016575,207.87049723756905,218.74281767955802,208.4332596685083,43,36,45,42,70,53
LU3,LU3_28_24,LU3_2024,161.4,-8.611397790055248,18.032,-39.29,45.2,2485.482,0.4920331491712707,9.928,0,89.058,85.34,227.11490607734808,55.8,307,305,315,306,305,328,120,120,120,114,120,120,28.334254143646408,33.3275138121547,34.03889502762431,14.562486187845304,30.686408839779006,66.8942541436464,60.98,60.93,63.45,36.34,65.26,119.71,177,181,171,150,147,158,-9.61732044198895,-7.73732044198895,-10.50939226519337,-9.938839779005525,-6.41,-8.461436464088397,18.89,19.53,14.37,18.79,17.53,19.94,-39.26,-42.6,-40.79,-36.23,-41.94,-34.89,48,41,60,52,25,48,2686.95,2387.64,2897.07,2658.2,2042.72,2441.78,0.40629834254143643,0.38,0.6164088397790055,0.41734806629834253,0.35994475138121546,0.68646408839779,6.18,10.1,12.63,7.98,8.04,10.89,0,0,0,0,0,0,73.53999999999999,68.78,111.57000000000001,75.54,65.15,124.25,71.77,75.83000000000001,73.18,65.3,82.51,129.88,207.87049723756905,218.74281767955802,208.4332596685083,200.39193370165745,258.8475138121547,249.15900552486187,42,70,53,40,61,55
LU3,LU3_32,LU3_2021,173.4,-9.440988950276244,18.262,-40.012,49,2654.296,0.45069613259668506,8.83,0,81.576,75.556,207.56075138121548,47.4,307,305,308,307,305,320,116,120,120,120,120,120,4.645801104972375,35.6514364640884,18.35281767955801,27.401988950276245,37.51453038674033,34.833646408839776,15.67,68.06,36.28,60.78,68.47,62.47,127,181,162,177,181,166,-7.368066298342542,-10.445027624309393,-9.1503591160221,-9.500082872928177,-7.609779005524862,-10.499696132596686,16.16,24.3,16.95,18.44,19.31,12.31,-36.76,-38.75,-38.72,-39.22,-42.33,-41.04,44,51,49,47,39,59,2154.82,2855.91,2563.82,2646.64,2346.26,2858.85,0.5965745856353591,0.3911602209944751,0.49265193370165744,0.45353591160220996,0.3866850828729282,0.5294475138121547,19.23,10.2,7.03,6.53,11.63,8.76,0,0,0,0,0,0,107.98,70.8,89.17,82.09,69.99,95.83,48.44,79.93,65.82,72.51,84.78,74.74,282.8296132596685,189.33453038674034,199.72342541436464,215.87016574585635,229.58005524861878,203.29558011049724,45,32,43,41,69,52
LU3,LU3_32_24,LU3_2024,162.6,-8.54003314917127,17.426000000000002,-39.344,44,2445.408,0.48990055248618786,11.478,0,88.672,91.11800000000001,233.32244198895026,53.6,307,305,320,306,305,328,120,120,120,113,116,120,27.401988950276245,37.51453038674033,34.833646408839776,17.487237569060774,22.607016574585636,79.57055248618785,60.78,68.47,62.47,37.31,49.15,148.18,177,181,166,173,135,158,-9.500082872928177,-7.609779005524862,-10.499696132596686,-10.000911602209944,-6.226988950276243,-8.362790055248619,18.44,19.31,12.31,18.57,17.03,19.91,-39.22,-42.33,-41.04,-36.93,-41.79,-34.63,47,39,59,47,26,49,2646.64,2346.26,2858.85,2616.68,1996.09,2409.16,0.45353591160220996,0.3866850828729282,0.5294475138121547,0.5037016574585635,0.29441988950276243,0.7352486187845304,6.53,11.63,8.76,14.85,7.69,14.46,0,0,0,0,0,0,82.09,69.99,95.83,91.17,53.29,133.08,72.51,84.78,74.74,70.01,63.879999999999995,162.18000000000004,215.87016574585635,229.58005524861878,203.29558011049724,212.78917127071824,258.75160220994474,262.19580110497236,41,69,52,37,57,53
LU3,LU3_36,LU3_2021,173.4,-9.505226519337016,18.23,-40.024,49.6,2664.742,0.44553591160220996,8.858,0,80.642,74.724,206.4807182320442,46.8,325,305,308,307,305,320,116,120,120,120,120,120,4.8634806629834255,35.43491712707182,18.9392817679558,26.657237569060772,37.26602209944751,34.70011049723757,15.42,67.64,35.92,58.72,67.99,62.42,124,181,162,177,181,166,-7.425580110497237,-10.514585635359117,-9.203011049723758,-9.55635359116022,-7.670276243093923,-10.581906077348066,16.21,24.21,16.91,18.38,19.32,12.33,-36.83,-38.95,-38.79,-39.16,-42.29,-40.93,44,52,50,47,40,59,2166.54,2869.49,2570.83,2653.88,2353.48,2876.03,0.5867955801104973,0.3913259668508287,0.48701657458563535,0.44160220994475136,0.3868508287292818,0.5208839779005525,18.66,10.2,7.01,6.65,11.67,8.76,0,0,0,0,0,0,106.21,70.83,88.15,79.93,70.02,94.28,46.44,79.31,66.38,70.34,83.69,73.9,282.2071270718232,187.99983425414365,200.4756906077348,213.67883977900553,229.1196685082873,201.12955801104974,44,32,42,41,67,52
LU3,LU3_36_24,LU3_2024,163.6,-8.612292817679558,17.348,-39.304,44.6,2457.95,0.48920441988950275,11.414,0,88.546,91.474,232.6105635359116,53.8,307,305,320,306,305,328,120,120,120,114,119,120,26.657237569060772,37.26602209944751,34.70011049723757,17.464917127071825,24.42939226519337,80.82171270718231,58.72,67.99,62.42,37.54,53.6,148.31,177,181,166,174,139,158,-9.55635359116022,-7.670276243093923,-10.581906077348066,-10.057817679558012,-6.309198895027625,-8.442265193370165,18.38,19.32,12.33,18.54,16.8,19.75,-39.16,-42.29,-40.93,-36.91,-41.8,-34.59,47,40,59,48,26,50,2653.88,2353.48,2876.03,2627.89,2010.22,2422.13,0.44160220994475136,0.3868508287292818,0.5208839779005525,0.49900552486187844,0.3141436464088398,0.7251381215469613,6.65,11.67,8.76,14.42,8.01,14.21,0,0,0,0,0,0,79.93,70.02,94.28,90.32000000000001,56.86,131.25,70.34,83.69,73.9,69.67999999999999,68.22,161.88,213.67883977900553,229.1196685082873,201.12955801104974,211.8556906077348,260.93585635359113,260.012044198895,41,67,52,37,60,53
LU3,LU3_38,LU3_2021,174.6,-9.631591160220994,18.738,-40.17,51.2,2704.544,0.4489502762430939,8.796,0,81.26,70.672,203.51851933701658,48.8,307,305,308,307,305,315,115,120,120,120,120,120,5.004198895027624,31.77430939226519,19.03254143646409,26.633204419889502,36.25878453038674,33.06900552486188,15.42,58.23,36.71,58.15,66.14,60.75,128,181,163,177,181,171,-7.519254143646409,-10.581132596685084,-9.374696132596686,-9.71232044198895,-7.827209944751381,-10.662596685082873,16.26,24.38,17.1,18.38,19.32,14.51,-37.06,-38.77,-38.8,-39.46,-42.6,-41.22,45,55,52,48,42,59,2191.44,2883.35,2616.42,2703.7,2407.81,2911.44,0.5368508287292818,0.3725966850828729,0.4653038674033149,0.4155801104972376,0.3585082872928177,0.6327624309392266,17.53,6.39,7.04,6.15,11.25,13.15,0,0,0,0,0,0,97.17,67.44,84.22,75.22,64.89,114.53,45.31,69.55999999999999,61.31,69.21,80.24,73.04,276.07082872928174,183.91331491712708,199.38187845303867,208.3285635359116,218.9456906077348,207.02314917127072,45,35,43,41,70,55
LU3,LU3_38_24,LU3_2024,162.2,-8.821038674033149,17.73,-39.304,46.4,2507.126,0.5201988950276243,11.52,0,94.156,92.134,229.22213259668507,55,307,305,315,306,305,328,120,120,120,117,120,120,26.633204419889502,36.25878453038674,33.06900552486188,16.661657458563536,33.723204419889505,74.86911602209945,58.15,66.14,60.75,42.91,70.27,137.18,177,181,171,153,148,158,-9.71232044198895,-7.827209944751381,-10.662596685082873,-10.213922651933702,-6.723093922651934,-8.678370165745857,18.38,19.32,14.51,17.75,16.94,20.13,-39.46,-42.6,-41.22,-35.89,-41.83,-34.98,48,42,59,54,27,50,2703.7,2407.81,2911.44,2682.38,2076.91,2457.09,0.4155801104972376,0.3585082872928177,0.6327624309392266,0.4569613259668508,0.3929281767955801,0.7598342541436464,6.15,11.25,13.15,9.87,10.58,12.75,0,0,0,0,0,0,75.22,64.89,114.53,82.71,71.12,137.53,69.21,80.24,73.04,70.52,87.50999999999999,149.35999999999999,208.3285635359116,218.9456906077348,207.02314917127072,207.60193370165746,258.0492817679558,254.49060773480662,41,70,55,38,60,52
LU3,LU3_39,LU3_2021,173.4,-9.459176795580111,18.378,-40,49.6,2658.71,0.4342872928176796,8.554,0,78.606,72.912,205.83556906077348,47,325,305,308,307,305,320,112,120,120,120,120,120,4.18243093922652,34.07911602209945,18.56718232044199,25.86364640883978,36.33701657458563,34.61707182320442,14.07,65.62,35.5,56.02,66.41,62.64,115,181,162,177,181,166,-7.3638397790055246,-10.458314917127073,-9.172237569060773,-9.520193370165746,-7.634171270718232,-10.51096685082873,16.25,24.37,17.18,18.53,19.4,12.41,-36.86,-38.77,-38.86,-39.16,-42.29,-40.92,44,52,50,47,40,59,2158.04,2860.77,2567.81,2649.04,2348.05,2867.88,0.5688950276243094,0.3881767955801105,0.4696132596685083,0.42447513812154697,0.38607734806629834,0.5030939226519338,18.47,10.2,6.79,6.26,11.21,8.31,0,0,0,0,0,0,102.97,70.26,85,76.83,69.88,91.06,34.96,77.18,63.88,68.07000000000001,82.68,72.75,282.0438674033149,188.117182320442,199.51911602209944,212.25397790055248,228.81519337016576,200.47237569060775,36,33,42,41,67,52
LU3,LU3_39_24,LU3_2024,163.4,-8.546662983425414,17.45,-39.26,44.6,2451.416,0.4818674033149171,10.908,0,87.218,90.516,232.21196685082873,53.8,307,305,320,306,305,328,120,120,120,114,118,120,25.86364640883978,36.33701657458563,34.61707182320442,17.5092817679558,23.612762430939227,81.03093922651934,56.02,66.41,62.64,37.54,52.21,147.14,177,181,166,174,138,158,-9.520193370165746,-7.634171270718232,-10.51096685082873,-9.969116022099447,-6.239530386740332,-8.379530386740331,18.53,19.4,12.41,18.79,17,19.65,-39.16,-42.29,-40.92,-36.68,-41.84,-34.57,47,40,59,48,26,50,2649.04,2348.05,2867.88,2620.95,2002.8700000000001,2417.33,0.42447513812154697,0.38607734806629834,0.5030939226519338,0.49408839779005526,0.30955801104972375,0.7165193370165746,6.26,11.21,8.31,13.61,7.67,13.74,0,0,0,0,0,0,76.83,69.88,91.06,89.43,56.03,129.69,68.07000000000001,82.68,72.75,69.78,66.82000000000001,160.54999999999998,212.25397790055248,228.81519337016576,200.47237569060775,211.50878453038675,260.82099447513815,259.4424861878453,41,67,52,37,59,54
LU3,LU3_40,LU3_2021,174.6,-9.554138121546961,18.33,-40.028,49.6,2676.766,0.44029834254143646,8.808,0,79.694,74.756,204.36854143646408,47.6,325,305,308,307,305,314,116,120,120,120,120,120,4.562596685082873,33.678618784530386,17.96038674033149,26.549558011049722,40.06259668508287,36.400165745856356,14.94,64.59,34.43,58.24,72.19,62.51,124,181,162,177,181,172,-7.465773480662984,-10.560552486187845,-9.251712707182321,-9.602955801104972,-7.720883977900552,-10.634585635359116,16.28,24.19,16.93,18.35,19.31,12.87,-36.94,-39.02,-38.79,-39.17,-42.33,-40.83,44,52,50,47,40,59,2177.4,2880.29,2582.01,2665.61,2366.04,2889.88,0.5711602209944752,0.3878453038674033,0.46657458563535914,0.43171270718232047,0.37767955801104974,0.5376795580110497,18.29,10.2,6.99,6.58,11.68,8.59,0,0,0,0,0,0,103.38,70.2,84.45,78.14,68.36,97.32,45.46,76.09,62.49,70.36,86.02,78.82,279.5795580110497,186.32723756906077,198.26762430939226,211.4117679558011,227.22878453038675,198.60729281767956,45,32,43,41,68,54
LU3,LU3_40_24,LU3_2024,165,-8.67711049723757,17.406,-39.248,45,2471.686,0.4922430939226519,11.222,0,89.096,94.774,231.16618784530388,54.2,307,305,314,306,305,328,120,120,120,114,120,120,26.549558011049722,40.06259668508287,36.400165745856356,18.220828729281767,25.72475138121547,85.22834254143646,58.24,72.19,62.51,39.13,56.04,154.58,177,181,172,174,140,158,-9.602955801104972,-7.720883977900552,-10.634585635359116,-10.106795580110497,-6.407624309392265,-8.515662983425415,18.35,19.31,12.87,18.44,16.69,19.72,-39.17,-42.33,-40.83,-36.63,-41.81,-34.64,47,40,59,49,27,50,2665.61,2366.04,2889.88,2640.74,2027.72,2434.05,0.43171270718232047,0.37767955801104974,0.5376795580110497,0.5032044198895027,0.31883977900552485,0.7238121546961326,6.58,11.68,8.59,13.99,8.05,13.8,0,0,0,0,0,0,78.14,68.36,97.32,91.08,57.71,131.01,70.36,86.02,78.82,71.09,70.22,167.72,211.4117679558011,227.22878453038675,198.60729281767956,211.9511049723757,259.73530386740333,258.30845303867403,41,68,54,37,59,53
LU3,LU3_41,LU3_2021,175,-9.607911602209944,18.12,-40.06,49.8,2682.006,0.45353591160220996,9.182,0,82.09,76.58800000000001,206.01734806629835,47.6,325,305,308,307,305,314,117,120,120,120,120,120,5.029337016574586,34.29154696132597,18.744806629834255,27.704585635359116,41.103701657458565,36.46027624309392,16.64,65.62,35.98,60.5,73.86,62.41,126,181,163,178,181,172,-7.538895027624309,-10.630276243093922,-9.283287292817679,-9.643591160220994,-7.762292817679558,-10.720110497237568,16.21,23.97,16.65,18.17,19.23,12.58,-36.88,-39.28,-38.75,-39.14,-42.29,-40.84,44,52,51,47,40,59,2186.65,2890.6,2582.71,2668.29,2369.29,2899.14,0.599060773480663,0.3934254143646409,0.48243093922651936,0.45176795580110496,0.38320441988950277,0.5568508287292817,18.44,10.2,7.21,7.12,12.21,9.17,0,0,0,0,0,0,108.43,71.21,87.32000000000001,81.77,69.36,100.79,48.45,77.24,64.76,73.03000000000002,87.60000000000001,80.31,282.06690607734805,186.70596685082873,201.49187845303868,213.88044198895028,228.35922651933703,199.64922651933702,46,32,44,42,66,54
LU3,LU3_41_24,LU3_2024,165.2,-8.751342541436465,17.236,-39.356,45,2478.154,0.5067403314917127,11.82,0,91.72,95.024,232.71762430939228,53.8,307,305,314,306,305,328,120,120,120,115,120,120,27.704585635359116,41.103701657458565,36.46027624309392,19.04022099447514,26.597127071823206,80.73259668508287,60.5,73.86,62.41,41.21,57.48,149.07,178,181,172,175,140,158,-9.643591160220994,-7.762292817679558,-10.720110497237568,-10.203370165745856,-6.480055248618784,-8.590883977900553,18.17,19.23,12.58,18.19,16.41,19.77,-39.14,-42.29,-40.84,-37.01,-41.78,-34.86,47,40,59,48,28,50,2668.29,2369.29,2899.14,2646.47,2034.76,2441.11,0.45176795580110496,0.38320441988950277,0.5568508287292817,0.5179558011049724,0.323646408839779,0.7520441988950276,7.12,12.21,9.17,14.72,8.55,14.45,0,0,0,0,0,0,81.77,69.36,100.79,93.75,58.58,136.12,73.03000000000002,87.60000000000001,80.31,73,71.83,162.38,213.88044198895028,228.35922651933703,199.64922651933702,215.0696685082873,260.7790055248619,259.7309944751381,42,66,54,37,59,53
LU3,LU3_44,LU3_2021,174.6,-9.514867403314918,19.03,-39.958,50.4,2684.84,0.43598895027624307,8.3,0,78.914,68.822,203.65283977900552,49,307,305,308,307,305,315,114,120,120,120,120,120,4.738342541436464,33.11734806629834,18.687016574585634,24.755524861878452,33.12546961325967,32.01127071823204,13.81,60.71,35.94,54.56,60.95,59.54,126,181,163,177,181,171,-7.358701657458563,-10.447872928176796,-9.286353591160221,-9.606022099447515,-7.721574585635359,-10.512513812154696,16.42,24.77,17.74,18.78,19.51,14.35,-37.21,-38.31,-38.71,-39.27,-42.6,-40.9,43,54,50,48,41,59,2168.72,2862.26,2603.39,2683.26,2384.3,2890.99,0.49077348066298343,0.37475138121546964,0.46414364640883976,0.39502762430939226,0.3502209944751381,0.5958011049723757,17.31,5.77,6.64,6.19,10.38,12.52,0,0,0,0,0,0,88.83,67.83,84.01,71.5,63.39,107.84,40.980000000000004,71.71000000000001,61.839999999999996,65.03,75.53999999999999,69.99,272.2067403314917,185.81132596685083,198.52817679558012,207.3796132596685,219.64988950276242,206.89519337016574,46,36,44,41,71,53
LU3,LU3_44_24,LU3_2024,161.4,-8.633944751381215,17.934,-39.278,44.8,2483.742,0.4821436464088398,10.342,0,87.268,85.362,227.47363535911603,55.4,307,305,315,306,305,328,120,120,120,114,120,120,24.755524861878452,33.12546961325967,32.01127071823204,14.653977900552487,30.42121546961326,69.11447513812155,54.56,60.95,59.54,36.84,64.76,124.6,177,181,171,150,147,158,-9.606022099447515,-7.721574585635359,-10.512513812154696,-9.993867403314917,-6.461049723756906,-8.4807182320441985,18.78,19.51,14.35,18.52,17.43,19.86,-39.27,-42.6,-40.9,-36.06,-41.9,-34.93,48,41,59,51,25,48,2683.26,2384.3,2890.99,2659.16,2045.8799999999999,2438.38,0.39502762430939226,0.3502209944751381,0.5958011049723757,0.41552486187845306,0.36276243093922655,0.6864088397790055,6.19,10.38,12.52,8.58,8.64,11.59,0,0,0,0,0,0,71.5,63.39,107.84,75.21,65.66,124.24,65.03,75.53999999999999,69.99,64.36,81.95,134.96999999999997,207.3796132596685,219.64988950276242,206.89519337016574,201.48513812154695,258.6639226519337,250.67403314917127,41,71,53,39,60,54
LU3,LU3_45,LU3_2021,174.8,-9.610961325966851,18.744,-40.044000000000004,50.8,2697.792,0.4504972375690608,8.632,0,81.53999999999999,71.2,205.23022099447513,48.8,307,305,308,307,305,315,115,120,120,120,120,120,4.911878453038674,33.25834254143646,18.65425414364641,27.262651933701658,34.50646408839779,32.20469613259669,14.83,61.33,36.45,59.8,63.96,59.89,127,181,164,177,181,171,-7.481712707182321,-10.578232044198895,-9.339972375690607,-9.677292817679557,-7.799226519337017,-10.660082872928177,16.37,24.4,17.29,18.48,19.33,14.22,-37.17,-38.84,-38.74,-39.2,-42.49,-40.95,43,55,51,48,41,59,2187.94,2886.48,2607.48,2690.59,2392.44,2911.97,0.5216022099447514,0.38099447513812157,0.48187845303867405,0.41878453038674035,0.3612707182320442,0.6095580110497237,17.41,5.83,6.99,6.22,11.29,12.83,0,0,0,0,0,0,94.41,68.96,87.22,75.8,65.39,110.33,43.839999999999996,72.44,62.34,70.91,79.13,71.17999999999999,274.5570718232044,185.93116022099449,200.82436464088397,209.6981767955801,223.26955801104972,206.4278453038674,44,35,44,41,69,55
LU3,LU3_45_24,LU3_2024,161.8,-8.747209944751381,17.689999999999998,-39.236,45.4,2495.25,0.5022762430939226,11.036,0,90.912,89.296,229.56449723756907,55,307,305,315,306,305,328,120,120,120,114,120,120,27.262651933701658,34.50646408839779,32.20469613259669,15.12585635359116,32.60049723756906,73.59723756906078,59.8,63.96,59.89,37.13,68.13,132.64,177,181,171,152,147,158,-9.677292817679557,-7.799226519337017,-10.660082872928177,-10.121906077348067,-6.558342541436464,-8.596491712707182,18.48,19.33,14.22,18.27,16.89,19.74,-39.2,-42.49,-40.95,-36.08,-41.87,-34.79,48,41,59,52,26,49,2690.59,2392.44,2911.97,2665.25,2056.25,2450.34,0.41878453038674035,0.3612707182320442,0.6095580110497237,0.43232044198895025,0.3665193370165746,0.7417127071823204,6.22,11.29,12.83,9.83,8.8,12.43,0,0,0,0,0,0,75.8,65.39,110.33,78.25,66.34,134.25,70.91,79.13,71.17999999999999,65.96000000000001,86.49,143.72000000000003,209.6981767955801,223.26955801104972,206.4278453038674,204.12806629834253,259.7497790055249,254.2472375690608,41,69,55,38,61,52
LU3,LU3_46,LU3_2021,174.6,-9.546629834254144,18.93,-39.982,50.6,2689.74,0.4395690607734807,8.532,0,79.562,69.954,203.82994475138122,48.6,307,305,308,307,305,315,115,120,120,120,120,120,4.858618784530387,33.882430939226516,19.102651933701658,26.53082872928177,33.540773480662985,31.021325966850828,14.13,62.26,36.85,58.19,61.61,57.57,127,181,163,177,181,171,-7.397762430939227,-10.488950276243093,-9.304668508287293,-9.630386740331492,-7.748591160220994,-10.560552486187845,16.38,24.64,17.6,18.68,19.43,14.3,-37.18,-38.47,-38.67,-39.28,-42.56,-40.93,43,55,50,48,41,59,2174.7,2870.08,2605.63,2686.62,2388.23,2898.14,0.5026519337016575,0.38044198895027626,0.4759116022099448,0.4007734806629834,0.3556353591160221,0.5850828729281768,17.34,6.22,6.75,6.21,10.68,12.8,0,0,0,0,0,0,90.98,68.86,86.14,72.54,64.37,105.9,41.800000000000004,73.3,63.64,68.99,76.05,67.78999999999999,272.6725414364641,185.80475138121548,200.03513812154696,207.62558011049722,220.32972375690608,205.35453038674032,46,35,43,41,71,53
LU3,LU3_46_24,LU3_2024,161.4,-8.670116022099448,17.846,-39.272,44.8,2487.698,0.4845524861878453,10.574,0,87.70400000000001,85.968,227.61787845303868,54.8,307,305,315,306,305,328,120,120,120,114,120,120,26.53082872928177,33.540773480662985,31.021325966850828,14.804088397790055,30.965524861878453,70.65762430939226,58.19,61.61,57.57,36.91,65.59,127.41,177,181,171,150,147,158,-9.630386740331492,-7.748591160220994,-10.560552486187845,-10.03414364640884,-6.4913259668508285,-8.515966850828729,18.68,19.43,14.3,18.43,17.26,19.81,-39.28,-42.56,-40.93,-36.07,-41.89,-34.91,48,41,59,50,25,49,2686.62,2388.23,2898.14,2661.1,2048.98,2442.04,0.4007734806629834,0.3556353591160221,0.5850828729281768,0.4203867403314917,0.35922651933701655,0.7024309392265193,6.21,10.68,12.8,8.82,8.71,11.86,0,0,0,0,0,0,72.54,64.37,105.9,76.09,65.02,127.14,68.99,76.05,67.78999999999999,64.97,83.19000000000001,137.84,207.62558011049722,220.32972375690608,205.35453038674032,202.01906077348067,258.8499447513812,251.5361325966851,41,71,53,38,60,52
LU3,LU3_48,LU3_2021,173.4,-9.509541436464088,18.854,-39.986,50.2,2681.536,0.4376243093922652,8.242,0,79.21,69.984,203.59546961325967,47.8,325,305,308,307,305,320,115,120,120,120,120,120,4.260718232044199,33.30127071823205,17.374806629834254,25.179337016574586,34.629668508287295,33.625359116022096,13.03,62.01,33.68,55.08,63.94,61.61,120,181,162,177,181,166,-7.354254143646409,-10.474254143646409,-9.255386740331492,-9.58657458563536,-7.707762430939226,-10.523729281767956,16.42,24.6,17.69,18.72,19.45,13.81,-37.17,-38.51,-39.01,-39.22,-42.42,-40.77,42,55,49,47,40,60,2168.19,2871.6,2596.14,2675.22,2375.16,2889.56,0.4874585635359116,0.3819889502762431,0.45419889502762434,0.39552486187845304,0.36480662983425416,0.5916022099447514,17.5,6.25,6.6,6.28,10.98,11.1,0,0,0,0,0,0,88.23,69.14,82.21,71.59,66.03,107.08,33.68,72.94,59.72,65.97,79.71,71.58,272.50795580110497,186.11729281767956,195.99972375690606,206.3820994475138,223.94303867403315,205.53519337016576,40,35,43,41,69,51
LU3,LU3_48_24,LU3_2024,161,-8.587303867403314,17.812,-39.208,44.4,2473.68,0.49386740331491713,10.278,0,89.39,88.17,229.63491712707184,55.8,307,305,320,306,305,328,120,120,120,114,120,120,25.179337016574586,34.629668508287295,33.625359116022096,15.346353591160222,30.110331491712707,72.29149171270718,55.08,63.94,61.61,35.68,63.73,129.83,177,181,166,154,146,158,-9.58657458563536,-7.707762430939226,-10.523729281767956,-9.944806629834254,-6.330027624309392,-8.430193370165746,18.72,19.45,13.81,18.92,17.21,19.67,-39.22,-42.42,-40.77,-36.23,-41.91,-34.71,47,40,60,49,25,48,2675.22,2375.16,2889.56,2642.32,2027.5,2433.86,0.39552486187845304,0.36480662983425416,0.5916022099447514,0.4396132596685083,0.34977900552486185,0.72353591160221,6.28,10.98,11.1,10.27,7.1,11.94,0,0,0,0,0,0,71.59,66.03,107.08,79.57,63.31,130.96,65.97,79.71,71.58,66.25,82.14,141.17000000000002,206.3820994475138,223.94303867403315,205.53519337016576,203.79651933701658,260.410773480663,254.48906077348067,41,69,51,38,65,56
LU3,LU3_49,LU3_2021,173.4,-9.552104972375691,18.823999999999998,-40.014,50.6,2689.27,0.44629834254143647,8.384,0,80.78,71.27000000000001,204.16942541436464,47.6,325,305,308,307,305,320,116,120,120,120,120,120,4.493314917127072,34.4292817679558,18.13353591160221,25.9646408839779,34.86132596685083,33.893259668508286,13.35,64.15,35.01,57.03,64.2,62.05,123,181,162,177,181,166,-7.397348066298343,-10.52011049723757,-9.290193370165746,-9.623646408839779,-7.7473204419889505,-10.57925414364641,16.42,24.51,17.59,18.65,19.43,13.94,-37.18,-38.64,-39.02,-39.21,-42.42,-40.78,43,55,50,48,40,60,2175.89,2880.18,2601.88,2681.74,2382.28,2900.27,0.5005524861878453,0.39248618784530387,0.46552486187845304,0.4056353591160221,0.368121546961326,0.5997237569060774,17.36,6.19,6.68,6.29,11.19,11.57,0,0,0,0,0,0,90.6,71.04,84.26,73.42,66.63,108.55,36.74,75.03000000000002,61.5,67.83,79.72000000000001,72.27,272.4288397790055,187.05408839779005,197.65828729281768,206.9732596685083,223.74911602209946,205.41237569060775,42,35,43,41,68,51
LU3,LU3_49_24,LU3_2024,160.8,-8.639558011049724,17.759999999999998,-39.21,44.8,2481.896,0.49918232044198896,10.438,0,90.352,88.83200000000001,229.38453038674032,54.8,307,305,320,306,305,328,120,120,120,114,120,120,25.9646408839779,34.86132596685083,33.893259668508286,15.345082872928177,31.069889502762432,72.7385635359116,57.03,64.2,62.05,35.82,65.51,130.53,177,181,166,152,147,158,-9.623646408839779,-7.7473204419889505,-10.57925414364641,-9.99439226519337,-6.390801104972375,-8.486022099447514,18.65,19.43,13.94,18.79,17.08,19.56,-39.21,-42.42,-40.78,-36.24,-41.91,-34.7,48,40,60,50,25,49,2681.74,2382.28,2900.27,2649.29,2036.1200000000001,2441.52,0.4056353591160221,0.368121546961326,0.5997237569060774,0.4385635359116022,0.3569613259668508,0.7325414364640884,6.29,11.19,11.57,10.05,7.38,12,0,0,0,0,0,0,73.42,66.63,108.55,79.38,64.61,132.59,67.83,79.72000000000001,72.27,66.37,84.01,141.79000000000002,206.9732596685083,223.74911602209946,205.41237569060775,203.29955801104973,260.4374033149171,254.0241988950276,41,68,51,38,63,54
LU3,LU3_5,LU3_2021,174.2,-9.426132596685083,18.802,-40.004,49,2663.346,0.4400110497237569,8.5,0,79.642,71.35,206.06327071823205,49.4,307,305,308,307,305,315,115,120,120,120,120,120,4.103756906077348,31.551767955801104,18.178563535911604,27.42475138121547,36.79198895027624,31.49696132596685,16.18,59.44,35.1,61.28,66.84,57.47,127,181,162,177,181,170,-7.340524861878453,-10.372016574585635,-9.189972375690608,-9.516906077348066,-7.622762430939226,-10.429005524861878,16.15,24.67,17.2,18.6,19.52,14.02,-36.91,-38.36,-38.49,-39.36,-42.66,-41.15,43,50,51,47,40,57,2154.67,2842.06,2583.31,2666.91,2368.92,2855.53,0.5434806629834255,0.37209944751381213,0.45917127071823205,0.4291160220994475,0.35049723756906076,0.589171270718232,18.97,8.02,6.63,6.45,11.03,10.37,0,0,0,0,0,0,98.37,67.35,83.11,77.67,63.44,106.64,45.36,71.32,62.08,72.62,79.94,70.79,277.56602209944754,186.93215469613259,199.41441988950277,213.1321546961326,223.96861878453038,206.86900552486188,46,38,42,42,70,55
LU3,LU3_50,LU3_2021,174.4,-9.572707182320443,18.84,-40.028,50.6,2693.95,0.4440883977900552,8.42,0,80.38,70.75,204.65717127071824,48,307,305,308,307,305,315,116,120,120,120,120,120,5.070441988950276,34.17436464088398,17.9939226519337,26.163977900552485,34.49668508287293,33.40425414364641,14.52,63.19,34.77,57.64,63.64,61.44,128,181,162,177,181,171,-7.418480662983425,-10.536740331491712,-9.312265193370166,-9.644558011049723,-7.768287292817679,-10.601685082872928,16.42,24.5,17.55,18.62,19.4,14.13,-37.2,-38.66,-38.96,-39.22,-42.46,-40.84,43,55,50,48,40,60,2179.81,2882.8,2606.49,2686.96,2387.93,2905.57,0.5120441988950276,0.39430939226519335,0.4604419889502762,0.4024861878453039,0.36082872928176796,0.6023756906077348,17.27,5.97,6.72,6.29,11.19,11.93,0,0,0,0,0,0,92.67999999999999,71.37,83.34,72.85,65.31,109.03,44.86,74.05999999999999,60.6,68.2,78.92,71.97,273.22812154696135,186.9854143646409,197.8039226519337,209.1895580110497,223.44381215469613,205.86314917127072,46,35,42,41,69,53
LU3,LU3_50_24,LU3_2024,161.8,-8.671016574585636,17.758,-39.23,45.2,2487.12,0.4981657458563536,10.514,0,90.168,88.462,229.50286187845305,55,307,305,315,306,305,328,120,120,120,114,120,120,26.163977900552485,34.49668508287293,33.40425414364641,15.255138121546961,31.74972375690608,71.80027624309392,57.64,63.64,61.44,36.14,66.77,128.94,177,181,171,152,147,158,-9.644558011049723,-7.768287292817679,-10.601685082872928,-10.02414364640884,-6.442569060773481,-8.518397790055248,18.62,19.4,14.13,18.65,17.06,19.55,-39.22,-42.46,-40.84,-36.21,-41.91,-34.73,48,40,60,52,25,49,2686.96,2387.93,2905.57,2654.61,2042.7,2444.79,0.4024861878453039,0.36082872928176796,0.6023756906077348,0.4356906077348066,0.3620994475138122,0.7298342541436464,6.29,11.19,11.93,9.94,7.55,11.96,0,0,0,0,0,0,72.85,65.31,109.03,78.86,65.54,132.1,68.2,78.92,71.97,66.2,85.14999999999999,140.07000000000002,209.1895580110497,223.44381215469613,205.86314917127072,203.83602209944752,260.68591160220996,253.68541436464088,41,69,53,39,60,54
LU3,LU3_51,LU3_2021,174.6,-9.527530386740331,19.182,-39.936,51,2691.272,0.4469060773480663,8.17,0,80.89,69.748,203.84208839779006,49.4,307,305,308,307,305,315,115,120,120,120,120,120,5.25939226519337,32.28436464088398,19.28486187845304,28.349944751381216,33.062707182320445,34.9460773480663,14.63,54.48,37.45,61.01,60.38,65.69,126,181,163,177,181,171,-7.3312707182320445,-10.445828729281768,-9.316298342541437,-9.625966850828728,-7.745939226519337,-10.503618784530387,16.51,24.89,18.08,18.92,19.57,14.45,-37.33,-38.14,-38.88,-39.28,-42.63,-40.75,44,55,51,48,41,60,2168.82,2864.87,2612.79,2689.88,2390.84,2897.98,0.4534254143646409,0.3605524861878453,0.4664640883977901,0.4054696132596685,0.37679558011049724,0.6252486187845304,16.73,5.74,6.45,6.15,9.93,12.58,0,0,0,0,0,0,82.07,65.26,84.43,73.39,68.2,113.17,34.06,65.04,62.510000000000005,71.53,75.09,74.57,271.1845856353591,184.01348066298343,200.29232044198895,207.5203867403315,217.84060773480664,209.54364640883978,43,36,45,42,71,53
LU3,LU3_51_24,LU3_2024,158.4,-8.616883977900553,18.102,-39.31,45,2489.086,0.4951491712707182,9.78,0,89.622,84.78399999999999,227.37880662983426,54,307,305,315,306,305,328,120,120,120,115,120,120,28.669944751381216,33.334198895027626,34.89060773480663,14.840331491712707,30.434419889502763,65.6682320441989,61.71,60.17,65.6,37.76,65.79,117.52,177,181,171,151,131,158,-9.628839779005524,-7.748011049723757,-10.5003591160221,-9.936160220994475,-6.4286464088397794,-8.471243093922652,18.94,19.58,14.47,18.79,17.63,20.04,-39.29,-42.64,-40.74,-36.25,-41.95,-34.97,48,41,60,51,25,48,2691.24,2392.17,2898.35,2662.99,2046.84,2445.08,0.4087292817679558,0.38679558011049725,0.6240331491712707,0.42718232044198895,0.36458563535911603,0.6731491712707183,6.14,9.88,12.34,7.91,8.19,10.58,0,0,0,0,0,0,73.98,70.01,112.95,77.32000000000001,65.99,121.84,72.13,76.77,74.41,67.19999999999999,78.07000000000001,127.46999999999998,207.85265193370165,219.18298342541436,209.3045856353591,201.31209944751382,259.18883977900555,247.90552486187846,42,71,53,40,52,54
LU3,LU3_52,LU3_2021,174.6,-9.499983425414365,19.206,-39.906,50.6,2686.444,0.4410497237569061,8.065999999999999,0,79.83,68.964,203.40476243093923,49.4,307,305,308,307,305,315,115,120,120,120,120,120,4.970220994475138,32.06524861878453,18.60574585635359,28.06414364640884,32.6814364640884,34.0624861878453,14.21,54.03,36.22,60.4,59.75,63.67,126,181,163,177,181,171,-7.299972375690608,-10.417900552486188,-9.289475138121547,-9.599364640883978,-7.719419889502762,-10.473756906077348,16.52,24.93,18.16,18.98,19.58,14.38,-37.33,-38.08,-38.84,-39.26,-42.61,-40.74,44,54,50,48,41,60,2163.82,2860.65,2608.65,2684.76,2385.16,2893,0.4496132596685083,0.35425414364640884,0.4604972375690608,0.4018232044198895,0.37701657458563537,0.6116574585635359,16.82,5.76,6.36,6.18,9.87,12.16,0,0,0,0,0,0,81.38,64.12,83.35,72.73,68.24,110.71,33.800000000000004,64.58,61.559999999999995,71.01,74.66,73.00999999999999,269.6090607734807,183.6182320441989,199.24944751381216,207.5239226519337,218.09447513812154,208.53773480662983,43,36,45,42,71,53
LU3,LU3_52_24,LU3_2024,158.2,-8.574618784530387,18.134,-39.292,45.2,2481.912,0.48571270718232046,9.606,0,87.914,83.282,226.74646408839777,54.8,307,305,315,306,305,328,120,120,120,114,120,120,28.06414364640884,32.6814364640884,34.0624861878453,14.39475138121547,29.643149171270718,65.44546961325968,60.4,59.75,63.67,35.91,64.16,116.91,177,181,171,150,131,158,-9.599364640883978,-7.719419889502762,-10.473756906077348,-9.893674033149171,-6.362817679558011,-8.42342541436464,18.98,19.58,14.38,18.95,17.66,20.1,-39.26,-42.61,-40.74,-36.27,-41.96,-34.88,48,41,60,52,25,48,2684.76,2385.16,2893,2654.9,2037.82,2438.68,0.4018232044198895,0.37701657458563537,0.6116574585635359,0.41408839779005524,0.35464088397790056,0.6711602209944751,6.18,9.87,12.16,7.67,7.75,10.58,0,0,0,0,0,0,72.73,68.24,110.71,74.95,64.19,121.48,71.01,74.66,73.00999999999999,64.96,76.72,127.06,207.5239226519337,218.09447513812154,208.53773480662983,199.71265193370166,259.01861878453036,248.36883977900553,42,71,53,40,55,55
LU3,LU3_5_24,LU3_2024,166.2,-8.588475138121547,17.878,-39.232,43.4,2462.656,0.4885966850828729,10.725999999999999,0,88.436,89.188,230.41239779005525,56.6,307,305,315,306,305,328,120,120,120,115,120,120,27.42475138121547,36.79198895027624,31.49696132596685,16.206629834254144,29.689116022099448,75.16309392265194,61.28,66.84,57.47,38.17,61.61,139.59,177,181,170,175,147,158,-9.516906077348066,-7.622762430939226,-10.429005524861878,-10.03732044198895,-6.437900552486187,-8.415386740331492,18.6,19.52,14.02,18.14,17.36,20.35,-39.36,-42.66,-41.15,-35.57,-41.79,-34.99,47,40,57,47,25,48,2666.91,2368.92,2855.53,2642.14,2030.6,2416.09,0.4291160220994475,0.35049723756906076,0.589171270718232,0.44303867403314917,0.3227624309392265,0.7375138121546961,6.45,11.03,10.37,9.69,8.77,13.77,0,0,0,0,0,0,77.67,63.44,106.64,80.19,58.42,133.49,72.62,79.94,70.79,67.47,75.08,152.66,213.1321546961326,223.96861878453038,206.86900552486188,205.55817679558012,257.7302762430939,257.93591160220996,42,70,55,40,66,52
LU3,LU3_7,LU3_2021,174.4,-9.458801104972375,19.056,-40.026,50.2,2676.102,0.4214585635359116,8.368,0,76.284,67.28200000000001,202.94967955801104,49,307,305,308,307,305,315,114,120,120,120,120,120,3.9889502762430937,30.586629834254143,18.29364640883978,23.83806629834254,33.653370165745855,29.98011049723757,14.87,56.04,35.32,53.42,62.43,55.7,123,181,162,177,181,171,-7.329944751381215,-10.382872928176795,-9.244585635359115,-9.564447513812155,-7.666767955801105,-10.435331491712708,16.31,24.86,17.6,18.77,19.62,14.43,-37.05,-38.14,-38.81,-39.43,-42.68,-41.07,43,53,51,48,41,58,2159.6,2847.58,2598.64,2680.91,2381.76,2871.62,0.5090055248618784,0.350939226519337,0.4491160220994475,0.39790055248618783,0.3358011049723757,0.57353591160221,17.98,7.04,6.65,6.22,10.32,11.61,0,0,0,0,0,0,92.13,63.519999999999996,81.29,72.02,60.78,103.81,42.349999999999994,67.43,59.410000000000004,64.05,77.69,67.83000000000001,275.0086740331492,185.31055248618785,198.02701657458564,207.87209944751382,218.61795580110498,204.92077348066297,42,36,41,42,71,55
LU3,LU3_7_24,LU3_2024,161.4,-8.613773480662983,18.022,-39.296,44.8,2478.172,0.47647513812154696,10.526,0,86.242,86.81,227.19722651933702,55.6,307,305,315,306,305,328,120,120,120,115,120,120,23.83806629834254,33.653370165745855,29.98011049723757,14.410276243093923,30.593480662983424,70.89149171270718,53.42,62.43,55.7,37.29,64.84,130.74,177,181,171,151,146,158,-9.564447513812155,-7.666767955801105,-10.435331491712708,-10.011546961325967,-6.495911602209945,-8.459309392265194,18.77,19.62,14.43,18.26,17.58,20.22,-39.43,-42.68,-41.07,-35.8,-41.86,-35.07,48,41,58,51,25,49,2680.91,2381.76,2871.62,2658.51,2047.54,2431.43,0.39790055248618783,0.3358011049723757,0.57353591160221,0.41828729281767957,0.36574585635359114,0.6890055248618785,6.22,10.32,11.61,8.91,9.6,12.19,0,0,0,0,0,0,72.02,60.78,103.81,75.71,66.2,124.71,64.05,77.69,67.83000000000001,64.33,81.15,143.05,207.87209944751382,218.61795580110498,204.92077348066297,201.60950276243094,257.93834254143644,252.89955801104972,42,71,55,39,60,53
LU3,LU3_AB21_24,LU3_2024,160,-8.56382320441989,17.85,-39.217999999999996,43.2,2458.44,0.4783756906077348,10.514,0,86.586,87.778,230.740408839779,53.8,307,305,315,306,305,328,120,120,120,114,119,120,26.905303867403315,36.59668508287293,32.286132596685086,16.15265193370166,24.321878453038675,74.38220994475138,60.11,67.07,58.65,37.32,53.51,139.53,177,181,170,161,130,158,-9.509281767955802,-7.615745856353591,-10.418149171270718,-10.007348066298343,-6.38646408839779,-8.391408839779006,18.61,19.5,13.87,18.27,17.35,20.26,-39.36,-42.61,-41.09,-35.65,-41.8,-34.94,47,40,57,46,25,48,2665.1,2366.75,2853.41,2635.83,2023.08,2413.13,0.4223204419889503,0.3531491712707182,0.5840883977900553,0.4494475138121547,0.3082872928176796,0.6969060773480663,6.46,11.02,9.63,10.19,7.95,13.78,0,0,0,0,0,0,76.44,63.92,105.72,81.35,55.8,126.14,71.22,80.27,71.16999999999999,67.98,66.76,152.71000000000004,212.7046408839779,224.54834254143645,206.6774585635359,206.3346408839779,257.9479005524862,258.1937016574586,42,70,53,40,54,52
LU3,LU3_AC10_24,LU3_2024,161.6,-8.733320441988951,17.733999999999998,-39.254,45.2,2493.73,0.49584530386740333,10.884,0,89.74799999999999,88.33,228.37845303867402,54.8,307,305,315,306,305,328,120,120,120,115,120,120,25.563756906077348,34.55657458563536,31.584585635359115,15.074198895027624,31.959723756906076,73.08127071823205,56.53,63.53,58.72,37.41,67.1,131.91,177,181,171,151,147,158,-9.664116022099448,-7.783867403314917,-10.627044198895028,-10.113121546961326,-6.562955801104972,-8.579613259668509,18.51,19.33,14.27,18.2,17.01,19.86,-39.28,-42.53,-40.99,-36.01,-41.86,-34.88,48,41,59,52,25,49,2690.77,2393.21,2906.04,2666.07,2056.45,2446.88,0.40983425414364644,0.36066298342541436,0.5997237569060774,0.4274033149171271,0.3651933701657459,0.726243093922652,6.23,11.13,12.35,9.44,9.09,12.41,0,0,0,0,0,0,74.18,65.28,108.55,77.36,66.1,131.45,67.53999999999999,77.83,70.28,65.49,85.10999999999999,142.94000000000003,208.5628729281768,221.7022099447514,205.4999447513812,202.99602209944752,258.79723756906077,252.89685082872927,41,70,55,37,60,52
LU3,LU3_AE12_24,LU3_2024,161.6,-8.744342541436463,17.74,-39.258,45.2,2493.944,0.500950276243094,10.902000000000001,0,90.672,89.518,228.7814364640884,55,307,305,315,306,305,328,120,120,120,115,120,120,25.515193370165747,35.04138121546961,30.869171270718233,15.095635359116022,32.29486187845304,74.26447513812155,56.55,64.4,57.17,37.64,67.62,135.6,177,181,171,151,147,158,-9.659585635359116,-7.7777900552486186,-10.623259668508288,-10.136132596685083,-6.593453038674033,-8.591077348066298,18.49,19.34,14.32,18.06,17.01,19.97,-39.28,-42.56,-41.05,-35.93,-41.85,-34.9,48,41,59,52,25,49,2689.61,2392.35,2903.25,2668.28,2059.43,2446.41,0.41121546961325967,0.36060773480662983,0.5997237569060774,0.42574585635359113,0.3677900552486188,0.7508839779005525,6.22,11.15,11.91,9.4,9.42,12.63,0,0,0,0,0,0,74.42999999999999,65.27,108.55,77.06,66.57,135.91,67.44999999999999,78.92,70.13000000000001,65.1,85.43,148.01,208.92193370165745,222.10944751381214,204.8239226519337,203.0988950276243,258.57298342541435,255.30193370165745,41,70,55,37,61,52
LU3,LU3_AH14_24,LU3_2024,161.8,-8.798342541436464,17.708000000000002,-39.275999999999996,46,2501.264,0.5083977900552487,11.248,0,92.02,90.57000000000001,228.13837569060775,55,307,305,315,306,305,328,120,120,120,116,120,120,26.447734806629835,36.04662983425414,30.615690607734805,15.294364640883977,33.31961325966851,75.21453038674034,58.03,66.01,55.92,38.76,69.41,137.73,177,181,171,152,147,158,-9.689668508287292,-7.806906077348066,-10.653701657458564,-10.2003591160221,-6.681270718232044,-8.649475138121547,18.39,19.31,14.41,17.8,16.92,20.1,-39.37,-42.58,-41.17,-35.86,-41.83,-34.94,48,41,59,53,27,50,2696.8,2400.64,2907.18,2676.18,2070.26,2452.06,0.4155801104972376,0.3567403314917127,0.6031491712707182,0.4334254143646409,0.38640883977900553,0.7622651933701657,6.2,11.33,12.11,9.72,10.14,12.94,0,0,0,0,0,0,75.22,64.57000000000001,109.17,78.45,69.94,137.97,69.03,80.30000000000001,69.33,66.16,86.99000000000001,150.07000000000002,208.945635359116,219.80867403314917,203.82552486187845,203.74298342541437,258.22734806629836,255.08734806629835,41,70,55,38,60,52
LU3,LU3_AH7_24,LU3_2024,158.6,-8.654718232044198,18.049999999999997,-39.324,45,2494.734,0.49808839779005526,9.978,0,90.154,84.83,227.37192265193372,54.4,307,305,315,306,305,328,120,120,120,116,120,120,28.720441988950277,32.87790055248619,34.936298342541434,15.273591160220994,31.009779005524862,66.28397790055249,62.24,59.23,65.95,38.98,66.83,118.86,177,181,171,152,131,158,-9.654033149171271,-7.772541436464088,-10.530524861878453,-9.976160220994474,-6.48292817679558,-8.511436464088398,18.88,19.56,14.53,18.65,17.56,19.95,-39.33,-42.65,-40.79,-36.22,-41.94,-35.02,48,41,60,51,25,48,2696.69,2397.99,2903.64,2668.5,2053.79,2449.75,0.40917127071823206,0.38718232044198897,0.6201657458563536,0.43281767955801104,0.37099447513812156,0.6792817679558011,6.15,10.01,12.63,7.98,8.56,10.71,0,0,0,0,0,0,74.06,70.08,112.25,78.34,67.15,122.95,72.7,75.08,73.23,68.16999999999999,78.92,128.75000000000003,207.81944751381215,218.8881767955801,209.18475138121548,202.3585635359116,258.92049723756907,247.50762430939227,42,70,53,42,53,54
LU3,LU3_J23_24,LU3_2024,160.6,-8.26446408839779,17.84,-39.458,42.8,2403.22,0.46774585635359117,11.582,0,84.662,86.33600000000001,234.61896132596684,53.8,307,305,320,306,305,320,120,120,120,111,113,120,24.59546961325967,36.480276243093925,35.538453038674035,15.530662983425414,18.404696132596683,69.93220994475138,55.82,67.69,64.08,32.49,40.9,131.14,177,175,166,171,132,159,-9.309668508287293,-7.4148342541436465,-10.220773480662983,-9.728066298342542,-5.884226519337017,-8.074419889502762,18.78,19.5,12.66,19.04,17.92,20.08,-39.3,-42.41,-41.34,-37.12,-41.82,-34.6,47,38,57,46,26,47,2616.61,2315.94,2811.22,2576.97,1944.18,2367.79,0.4360220994475138,0.38298342541436464,0.5341988950276243,0.4984530386740331,0.2525414364640884,0.6705524861878454,6.78,11.35,8.56,14.7,8.91,14.39,0,0,0,0,0,0,78.92,69.32,96.69,90.22,45.71,121.37,67.71000000000001,85.4,76.57000000000001,66.57000000000001,56.49,146.65,215.47508287292817,231.42701657458562,207.88701657458563,213.99447513812154,257.87657458563535,261.9097237569061,44,68,52,34,60,55
LU3,LU3_L15_24,LU3_2024,162.8,-8.511292817679559,17.444,-39.32,44,2442.612,0.4839116022099448,11.128,0,87.588,90.368,233.30332596685082,53.6,307,305,320,306,305,328,120,120,120,113,117,120,26.03767955801105,36.75690607734806,34.50878453038674,17.094972375690606,22.61977900552486,79.4867955801105,57.49,67.25,62.37,36.73,50.13,146.64,177,181,166,173,136,158,-9.489447513812154,-7.600580110497238,-10.482513812154696,-9.953259668508288,-6.183397790055248,-8.33671270718232,18.51,19.39,12.23,18.78,17.08,19.74,-39.16,-42.28,-41,-36.93,-41.83,-34.56,47,40,58,47,26,49,2641.74,2340.78,2858.89,2613.33,1991.67,2408.39,0.4356906077348066,0.3846408839779006,0.5176243093922652,0.4940331491712707,0.3024309392265193,0.720828729281768,6.38,11.31,8.54,13.96,7.66,14.17,0,0,0,0,0,0,78.86,69.62,93.69,89.42,54.74,130.47,69.07,83.63999999999999,73.61,69.08999999999999,64.96000000000001,160.53999999999996,213.95397790055247,229.6749723756906,202.5245856353591,212.20723756906077,260.74303867403313,261.3667955801105,41,67,52,37,58,54
LU3,LU3_L16_24,LU3_2024,162.6,-8.441298342541437,17.57,-39.284,43.6,2434.678,0.4754806629834254,10.784,0,86.062,88.812,232.9130276243094,53.6,307,305,320,306,305,328,120,120,120,113,116,120,26.25988950276243,36.07955801104973,34.39795580110497,17.036187845303868,21.914917127071824,76.75906077348067,58.15,66.16,62.19,36.4,48.76,142.02,177,181,166,173,135,158,-9.4453591160221,-7.554668508287293,-10.399944751381215,-9.874116022099447,-6.11475138121547,-8.263011049723756,18.65,19.43,12.39,18.93,17.33,19.77,-39.2,-42.32,-41.03,-36.65,-41.83,-34.59,47,40,58,47,26,47,2638.17,2336.73,2847.32,2606.59,1983.6,2399.15,0.4370718232044199,0.3784530386740332,0.5104972375690607,0.49066298342541437,0.29740331491712707,0.7003867403314917,6.36,10.96,8.15,13.81,7.24,13.76,0,0,0,0,0,0,79.11,68.5,92.4,88.81,53.83,126.77,69.5,82.63,72.94,68.87,63.61000000000001,156.00999999999996,214.11116022099446,228.75220994475137,202.89635359116022,211.36574585635358,260.52546961325965,261.0253591160221,41,68,52,36,58,54
LU3,LU3_L22_24,LU3_2024,160.8,-8.293994475138122,17.804000000000002,-39.41,42.6,2409.172,0.4679668508287293,11.226,0,84.702,86.88399999999999,233.7289723756906,54.4,307,305,320,306,305,328,120,120,120,113,113,120,24.77027624309392,36.14524861878453,35.11458563535911,16.791381215469613,19.012596685082872,71.22541436464088,56.25,67.16,63.31,35.22,41.46,133.63,177,175,166,173,132,158,-9.33121546961326,-7.435745856353591,-10.243867403314917,-9.752707182320442,-5.931685082872928,-8.105966850828729,18.77,19.5,12.63,19.01,17.83,20.05,-39.31,-42.41,-41.29,-36.91,-41.82,-34.62,47,38,56,46,26,47,2622.22,2321.17,2816.12,2582.73,1952.44,2373.4,0.4361878453038674,0.3753591160220994,0.5275138121546962,0.4975690607734807,0.2596685082872928,0.6797237569060773,6.69,11.21,8.39,14.67,7.56,14.3,0,0,0,0,0,0,78.95,67.94,95.48,90.06,47,123.03,67.97,84.39999999999998,75.60000000000001,68.85,56.809999999999995,148.76,215.2378453038674,229.54049723756907,206.87806629834253,212.6135359116022,257.241546961326,262.3712154696133,42,68,52,37,60,55
LU3,LU3_M20_24,LU3_2024,162.2,-8.368441988950277,17.686,-39.391999999999996,42.8,2420.006,0.47812154696132597,11.204,0,86.53999999999999,88.446,234.03530386740331,54.6,307,305,320,306,305,328,120,120,120,113,114,120,25.799447513812154,37.399613259668506,35.11558011049724,17.23585635359116,19.930331491712707,73.21364640883978,57.93,68.42,63.18,36.27,43.62,137.38,177,181,166,173,133,158,-9.38267955801105,-7.487734806629835,-10.31585635359116,-9.828370165745856,-6.025414364640884,-8.184834254143647,18.67,19.44,12.5,18.86,17.59,20.04,-39.3,-42.4,-41.22,-36.87,-41.81,-34.66,47,38,56,46,26,48,2630.61,2329.65,2827.37,2592.35,1966.07,2384.59,0.438232044198895,0.3870165745856354,0.5294475138121547,0.5022651933701657,0.27154696132596684,0.7003314917127071,6.61,11.34,8.49,14.74,7,14.45,0,0,0,0,0,0,79.32,70.05,95.83,90.91,49.15,126.76,69.53,86.10000000000001,75.45,69.85,58.699999999999996,152.13,215.6132044198895,230.5600552486188,206.16546961325966,213.09171270718232,257.63,262.7292817679558,41,70,52,36,60,55
LU3,LU3_N18_24,LU3_2024,162.6,-8.530027624309392,17.436,-39.358000000000004,44,2443.49,0.4885745856353591,11.475999999999999,0,88.432,91.05,233.31901657458565,53.6,307,305,320,306,305,328,120,120,120,113,116,120,27.322265193370164,37.578011049723756,34.723977900552484,17.4739226519337,22.399226519337017,79.62171270718233,60.69,68.62,62.22,37.25,48.69,148.27,177,181,166,173,135,158,-9.49060773480663,-7.599806629834254,-10.488977900552486,-9.996381215469613,-6.214281767955801,-8.350690607734807,18.45,19.31,12.29,18.57,17.07,19.94,-39.23,-42.34,-41.06,-36.96,-41.79,-34.64,47,39,59,47,26,49,2645.21,2344.86,2856.42,2615.41,1993.74,2407.02,0.45337016574585637,0.38469613259668506,0.5298342541436464,0.5019889502762431,0.2928176795580111,0.73353591160221,6.53,11.65,8.78,14.76,7.64,14.55,0,0,0,0,0,0,82.06,69.63,95.9,90.86,53,132.77,72.47999999999999,84.78,74.81,69.86,63.44,162.36,215.94187845303867,229.54325966850828,203.47408839779007,212.75337016574585,258.5718232044199,262.25254143646407,41,69,52,37,57,53
LU3,LU3_U6_24,LU3_2024,160.8,-8.635618784530386,17.746,-39.206,44.6,2480.344,0.5048839779005525,10.482,0,91.384,89.03399999999999,230.23046408839778,55.2,307,305,320,306,305,328,120,120,120,114,120,120,25.76386740331492,35.574419889502764,33.67077348066298,15.312651933701657,30.93254143646409,72.83906077348067,56.58,65.53,61.64,35.73,65.16,130.81,177,181,166,152,147,158,-9.61781767955801,-7.740745856353591,-10.57378453038674,-9.996077348066299,-6.387624309392265,-8.479861878453038,18.64,19.42,13.92,18.77,17.08,19.54,-39.22,-42.42,-40.78,-36.22,-41.9,-34.71,47,40,60,49,25,49,2680.76,2381.23,2898.19,2648.12,2034.7,2439.48,0.40325966850828726,0.3996132596685083,0.5974585635359116,0.4394475138121547,0.35513812154696134,0.73276243093922655,6.3,11.24,11.43,10.35,7.3,12.09,0,0,0,0,0,0,72.99,72.33,108.14,79.54,64.28,132.63,67.43,81.14,72.05,66.17999999999999,83.68999999999998,142.11,206.8814364640884,227.647182320442,205.2932044198895,203.54939226519338,260.3602209944751,254.30232044198894,41,69,51,38,64,54
LU3,LU3_W7_24,LU3_2024,160.8,-8.74832044198895,17.646,-39.205999999999996,45.4,2494.36,0.5078232044198895,10.975999999999999,0,91.916,90.17,229.60983425414364,54,307,305,320,306,305,328,120,120,120,114,120,120,26.590165745856353,35.57966850828729,33.09723756906077,15.388950276243094,32.86116022099448,74.346408839779,58.25,65.67,60.73,36.42,68.44,134.08,177,181,166,152,147,158,-9.682099447513812,-7.806160220994475,-10.680801104972376,-10.12353591160221,-6.53414364640884,-8.59696132596685,18.43,19.34,14.12,18.35,16.78,19.64,-39.2,-42.43,-40.87,-36.13,-41.87,-34.73,48,40,60,52,26,49,2690.69,2392.35,2914.51,2661.32,2052.5,2451.12,0.40895027624309394,0.36773480662983427,0.6030939226519337,0.4406629834254144,0.368121546961326,0.7595027624309392,6.26,11.59,12.17,10.68,7.85,12.59,0,0,0,0,0,0,74.02,66.56,109.16,79.76,66.63,137.47,69.30999999999999,80.92,71.15,66.3,87.16,145.32000000000002,209.12591160220995,224.19723756906077,204.73988950276242,203.89276243093923,260.4209944751381,254.7982872928177,41,68,51,38,61,52
LU3,LU3_Y8_24,LU3_2024,161.8,-8.771441988950276,17.636,-39.22,45.6,2497.596,0.5107845303867403,11.106,0,92.452,90.298,229.5171270718232,54.6,307,305,315,306,305,328,120,120,120,114,120,120,26.95900552486188,35.08132596685083,32.886795580110494,15.447237569060773,33.37425414364641,74.46944751381216,59.75,64.93,60.37,37.04,69.35,134.35,177,181,171,152,147,158,-9.693204419889502,-7.81707182320442,-10.695939226519338,-10.150055248618784,-6.572845303867403,-8.621298342541436,18.41,19.32,14.17,18.23,16.76,19.7,-39.18,-42.46,-40.93,-36.1,-41.86,-34.75,48,40,60,53,26,49,2692.14,2394.15,2917.07,2665.82,2057.61,2453.33,0.4185082872928177,0.36569060773480666,0.607292817679558,0.44,0.3720994475138122,0.7688397790055249,6.24,11.56,12.55,10.33,8.46,12.63,0,0,0,0,0,0,75.75,66.19,109.92,79.64,67.35,139.16,70.89,80.09,71.11,66.78,87.99,145.51999999999998,209.7981767955801,223.71248618784531,204.98933701657458,204.11,260.1102209944751,254.663591160221,41,69,54,38,60,52
LU4,LU4_E15_24,LU4_2024,160.4,-8.822596685082873,17.732,-40.254,45.2,2514.07,0.612950276243094,8.134,0,110.944,101.694,228.15062983425415,55,305,305,320,305,305,328,120,120,120,113,120,120,39.387790055248615,39.95524861878453,62.36458563535912,17.9153591160221,32.93187845303867,74.10436464088397,73.28,62.78,104.77,44.67,69.72,127.98,181,181,166,152,145,158,-9.974005524861878,-8.125414364640884,-10.963950276243095,-10.216933701657458,-6.141933701657458,-8.664751381215469,16.83,17.35,13.75,19.9,18.59,19.07,-38.55,-41.8,-40.54,-37.42,-44.32,-37.19,48,40,62,48,27,49,2692.72,2362.71,2953.94,2692.25,2026.3,2535.15,0.5012154696132597,0.41447513812154696,0.8380662983425414,0.5666850828729282,0.44408839779005527,0.8014364640883977,5.68,5.12,7.98,6.59,11.81,9.17,0,0,0,0,0,0,90.72,75.02,151.69,102.57,80.38,145.06,83.34,80.53000000000002,109.13,84.52,94.23999999999998,140.05,210.96867403314917,211.37176795580112,211.90944751381215,203.9213812154696,267.2470718232044,246.30348066298342,41,68,50,39,61,57
LU4,LU4_F14_24,LU4_2024,160.4,-8.859005524861878,17.662,-40.208,45.4,2523.2039999999997,0.622828729281768,8.238,0,112.732,101.71,228.23801104972375,55.4,305,305,320,305,305,328,120,120,120,113,120,120,40.27790055248619,40.59408839779005,62.09265193370166,17.887016574585637,32.28204419889503,73.71381215469613,74.61,63.32,104.35,44.1,70.4,127.84,181,181,166,152,145,158,-10.006657458563536,-8.171850828729282,-10.992624309392266,-10.233232044198894,-6.201270718232045,-8.696049723756905,16.79,17.38,13.76,19.87,18.2,19.1,-38.59,-41.88,-40.62,-37.36,-44.07,-37.11,48,40,62,48,28,49,2705.88,2379.16,2963.75,2698.85,2035.54,2538.72,0.5088397790055249,0.4183425414364641,0.8829281767955801,0.5645303867403315,0.4603314917127072,0.7880110497237569,5.71,5.14,8.4,6.8,11.71,9.14,0,0,0,0,0,0,92.1,75.72,159.81,102.18,83.32,142.63,84.11,80.76,109.44999999999997,84.17,94.35000000000001,139.82,209.71198895027624,210.27867403314917,211.35055248618784,203.64237569060774,269.96469613259666,245.95375690607736,41,68,50,39,63,57
LU4,LU4_G12_24,LU4_2024,160.4,-8.906790055248619,17.58,-40.192,45.6,2533.978,0.6267292817679558,8.088,0,113.438,102.446,227.42682872928177,55,305,305,320,305,305,328,120,120,120,113,120,120,41.27480662983425,41.587845303867404,65.05906077348067,18.659558011049725,31.057790055248617,73.94850828729282,75.69,64.42,109.41,47.42,66.68,128.27,181,181,166,152,145,158,-10.048563535911603,-8.229668508287293,-11.034447513812156,-10.262569060773481,-6.2675138121546965,-8.73975138121547,16.76,17.38,13.77,19.82,17.83,19.1,-38.62,-41.97,-40.74,-37.33,-43.85,-37.07,49,40,63,48,28,49,2719.7,2396.86,2975.61,2706.7,2045.8,2544.92,0.502707182320442,0.43149171270718234,0.9255801104972375,0.5872375690607735,0.3867403314917127,0.802596685082873,5.73,5.15,8.83,7.09,10.2,9.17,0,0,0,0,0,0,90.99,78.1,167.53,106.29,70,145.27,84.65,81.43999999999998,112.81,87.69,90.13000000000001,140.16,207.53651933701659,209.9707182320442,211.34812154696132,203.27248618784532,266.9949723756906,245.5478453038674,41,68,50,38,63,56
LU4,LU4_G13_24,LU4_2024,160.4,-8.90096132596685,17.612,-40.21,45.6,2532.862,0.6321104972375691,8.058,0,114.41199999999999,103.354,228.24841988950277,55,305,305,320,305,305,328,120,120,120,113,120,120,41.63767955801105,41.451160220994474,64.37381215469614,18.552486187845304,33.06342541436464,73.98104972375691,76.95,64.26,108.13,46.77,73.18,128.14,181,181,166,152,145,158,-10.044585635359116,-8.22245856353591,-11.033867403314916,-10.26342541436464,-6.250994475138121,-8.734060773480662,16.76,17.38,13.79,19.83,17.97,19.09,-38.61,-41.94,-40.71,-37.35,-43.96,-37.09,49,40,63,48,28,49,2718.02,2393.53,2974.68,2706.96,2043.91,2545.23,0.511657458563536,0.4308839779005525,0.9201104972375691,0.5834254143646409,0.41342541436464086,0.812707182320442,5.73,5.18,8.7,7,10.2,9.21,0,0,0,0,0,0,92.61,77.99,166.54,105.6,74.83,147.1,86,81.32000000000001,111.51999999999998,87.01,96.88000000000001,140.04000000000002,208.63552486187845,210.10767955801106,211.00629834254144,203.21828729281768,271.4538674033149,245.45596685082873,41,68,50,38,63,56
LU4,LU4_G17_24,LU4_2024,160.2,-8.808353591160222,17.644,-40.236,45,2506.904,0.6107513812154697,8.222,0,110.546,101.39599999999999,228.52649723756906,54,305,305,320,306,305,328,120,120,120,113,120,120,38.43966850828729,39.49889502762431,62.25458563535911,17.82425414364641,31.258342541436463,74.16839779005525,71.76,62.16,104.52,44.46,66.19,128.54,181,181,166,151,145,158,-9.95146408839779,-8.090441988950277,-10.941878453038674,-10.203425414364641,-6.149806629834254,-8.65621546961326,16.77,17.33,13.59,19.85,18.43,19.02,-38.53,-41.81,-40.56,-37.44,-44.15,-37.22,47,38,61,49,27,50,2682.61,2352.78,2946.3,2682.54,2023.91,2528.9900000000002,0.5053038674033149,0.4071270718232044,0.8434254143646409,0.5726519337016575,0.434475138121547,0.7960773480662984,5.57,4.98,8.48,6.77,11.79,9.09,0,0,0,0,0,0,91.46,73.69,152.66,103.65,78.64,144.09,84.56,80.49,109.72999999999998,85.52,90.45,140.79,211.86933701657458,210.72845303867402,212.86618784530387,205.3139779005525,266.2832044198895,247.44066298342543,41,66,50,36,61,57
LU4,LU4_H26_24,LU4_2024,161.8,-8.484795580110497,17.916,-39.858,43.8,2443.102,0.5417127071823205,8.758000000000001,0,98.05,93.248,233.824408839779,54.2,307,305,320,306,305,328,120,120,120,114,118,120,30.37635359116022,38.94353591160221,47.252983425414364,17.62011049723757,25.234806629834253,70.18060773480663,61.57,64.27,82.28,38.59,53.63,120.9,179,181,166,161,143,158,-9.650303867403315,-7.757734806629834,-10.58792817679558,-9.87560773480663,-5.853287292817679,-8.349419889502762,17.24,17.71,13.35,20.22,18.88,19.42,-38.32,-41.69,-39.77,-37.11,-43.83,-36.89,46,37,58,49,27,48,2613.81,2286.24,2874.67,2616.59,1969.81,2468.2,0.45696132596685085,0.3930386740331492,0.6578453038674034,0.544585635359116,0.36861878453038677,0.744475138121547,5.18,7.46,8.72,6.94,10.92,9.75,0,0,0,0,0,0,82.71,71.14,119.07000000000001,98.57,66.72,134.75,77.41,81.13,88.53,83.93,78.38000000000001,134.27,216.8585635359116,229.2564640883978,211.76303867403314,212.26602209944753,264.1485082872928,251.68801104972377,38,64,51,38,60,58
LU4,LU4_I12_24,LU4_2024,160.4,-8.92042541436464,17.51,-40.152,46,2536.164,0.6327624309392266,8.129999999999999,0,114.53,103.554,227.1871049723757,54.6,305,305,320,305,305,328,120,120,120,113,120,120,41.73066298342541,42.16961325966851,65.69563535911603,18.75767955801105,33.62237569060773,74.84353591160222,76.58,65.24,110.49,48.09,69.57,128.68,181,181,166,152,145,158,-10.054972375690607,-8.235911602209944,-11.039060773480664,-10.265524861878452,-6.304198895027624,-8.75743093922652,16.77,17.41,13.71,19.78,17.55,19.1,-38.64,-42.01,-40.79,-37.3,-43.63,-37.03,49,40,63,49,28,50,2722.36,2400.92,2977.67,2706.59,2050.11,2545.53,0.5027624309392266,0.43480662983425417,0.9346408839779006,0.5900552486187846,0.37955801104972375,0.8247513812154696,5.71,5.09,9.04,7.2,10.2,9.12,0,0,0,0,0,0,91,78.7,169.17,106.8,68.7,149.28,85.46000000000001,82.45,113.89999999999999,88.31,92.63,140.48000000000002,207.81138121546962,210.24906077348066,211.5628729281768,203.23132596685082,265.21303867403316,245.67922651933702,41,68,50,37,62,56
LU4,LU4_I13_24,LU4_2024,160.4,-8.886690607734806,17.518,-40.13,45.4,2528.2980000000002,0.6244861878453039,8.126,0,113.032,102.14200000000001,227.5969502762431,54.4,305,305,320,305,305,328,120,120,120,113,120,120,41.89011049723757,41.75939226519337,65.3971270718232,18.74585635359116,29.64254143646409,73.81585635359116,76.85,64.61,109.95,47.89,63.63,128.29,181,181,166,152,145,158,-10.022541436464088,-8.198867403314917,-10.999419889502763,-10.23610497237569,-6.272790055248619,-8.726270718232044,16.79,17.4,13.65,19.81,17.61,19.12,-38.63,-42.01,-40.72,-37.28,-43.62,-37.02,49,38,63,49,28,49,2712.98,2391.86,2968.21,2698.6,2043.98,2538.84,0.505414364640884,0.4316022099447514,0.9325414364640884,0.5885635359116022,0.37812154696132594,0.7916022099447514,5.68,5.43,8.89,7.1,10.2,9.01,0,0,0,0,0,0,91.48,78.12,168.79,106.53,68.44,143.28,86.03,82.23,113.46000000000002,88.14,86.72,140.16,209.28502762430938,210.0575138121547,212.2350828729282,203.88408839779007,265.6055801104972,246.2024861878453,41,66,50,37,63,56
LU4,LU4_I21_24,LU4_2024,160.4,-8.653569060773481,17.708,-39.978,44,2476.188,0.5957237569060774,8.208,0,107.826,98.774,229.7134917127072,54,307,305,320,306,305,328,120,120,120,113,120,120,40.34138121546961,38.2753591160221,59.86966850828729,17.60767955801105,28.615911602209945,72.46917127071823,75.28,58.8,101.63,42.16,60.96,126.01,179,181,166,151,146,158,-9.80853591160221,-7.926767955801105,-10.76146408839779,-10.036850828729282,-6.035635359116022,-8.507127071823204,17,17.56,13.41,20.02,18.3,19.25,-38.49,-41.79,-40.21,-37.21,-43.69,-36.99,47,37,58,48,27,50,2651.44,2324.59,2911.29,2649.09,2000.29,2495.68,0.5101104972375691,0.429171270718232,0.8226519337016575,0.5517127071823205,0.40861878453038675,0.7664640883977901,5.35,5.63,8.63,6.7,11.2,8.88,0,0,0,0,0,0,92.33,77.68,148.9,99.86,73.96,138.73,89.74,79.38,106.18999999999998,84.75,84.85,138.70000000000005,215.34977900552485,213.14348066298342,216.14685082872927,203.88154696132597,265.7133149171271,249.68226519337017,37,65,49,37,62,57
LU4,LU4_I22_24,LU4_2024,160.4,-8.609298342541436,17.759999999999998,-39.910000000000004,43.8,2468.756,0.5898563535911603,8.161999999999999,0,106.764,97.814,229.964,54,307,305,320,306,305,328,120,120,120,113,120,120,39.496740331491715,37.38911602209945,59.26270718232044,17.487900552486188,27.807845303867403,71.79806629834255,74.31,57.62,100.87,41.78,59.41,124.97,179,181,166,151,146,158,-9.7707182320442,-7.886270718232044,-10.710828729281769,-9.98878453038674,-5.996325966850828,-8.464281767955802,17.09,17.63,13.4,20.09,18.35,19.33,-38.48,-41.78,-40.09,-37.13,-43.64,-36.91,47,37,58,48,27,49,2644.88,2318.51,2902.37,2641.56,1993.75,2487.59,0.5047513812154696,0.4281767955801105,0.8128729281767956,0.5494475138121547,0.4023756906077348,0.7564088397790055,5.33,5.64,8.54,6.63,11.04,8.96,0,0,0,0,0,0,91.36,77.5,147.13,99.45,72.83,136.91,88.9,78.65,105.06000000000002,84.34,83.28,137.73999999999995,215.57259668508289,213.44480662983426,216.74552486187847,204.11370165745856,265.5051933701657,250.01077348066298,38,65,49,37,62,57
LU4,LU4_J14_24,LU4_2024,160.4,-8.886475138121547,17.494,-40.092,45.6,2528.324,0.6328508287292818,8.187999999999999,0,114.54599999999999,103.628,227.89093922651932,54.4,305,305,320,305,305,328,120,120,120,113,120,120,41.88276243093922,42.235911602209946,65.74480662983426,18.786408839779007,33.41497237569061,74.58839779005525,77.19,65.42,110.57,48.23,69.44,128.31,181,181,166,152,145,158,-10.020027624309392,-8.196491712707182,-10.994198895027624,-10.230497237569061,-6.284309392265193,-8.726878453038674,16.81,17.44,13.62,19.8,17.47,19.14,-38.63,-42.02,-40.73,-37.25,-43.48,-36.98,49,38,62,49,28,51,2713.65,2393.48,2968.06,2697.89,2044.79,2537.4,0.4996685082872928,0.4358011049723757,0.9375690607734807,0.5895580110497237,0.3791160220994475,0.8222099447513812,5.68,5.64,9.01,7.15,10.2,8.94,0,0,0,0,0,0,90.44,78.88,169.7,106.71,68.62,148.82,86.5,83.17,114.08,88.41,92.34,140.14,209.3942541436464,210.94055248618784,212.4639779005525,203.8224861878453,265.8174033149171,246.41027624309393,41,66,50,37,63,56
LU4,LU4_J15_24,LU4_2024,160.4,-8.866889502762431,17.48,-40.038000000000004,45.6,2524.092,0.6309281767955801,8.252,0,114.198,103.554,228.29581215469614,54.2,305,305,320,305,305,328,120,120,120,113,120,120,40.531270718232044,41.98265193370166,65.82613259668508,18.775690607734806,32.88845303867404,74.44149171270718,76.35,65.22,110.83,48.39,68.6,128.21,181,181,166,152,145,158,-9.99914364640884,-8.174005524861878,-10.967154696132596,-10.206685082872928,-6.277209944751381,-8.70939226519337,16.85,17.47,13.56,19.82,17.38,19.17,-38.64,-42.04,-40.7,-37.2,-43.32,-36.93,48,38,62,49,28,51,2709.43,2390.86,2963.04,2692.67,2041.94,2531.95,0.507292817679558,0.4310497237569061,0.9392817679558011,0.5885082872928177,0.37790055248618787,0.8179005524861879,5.65,6.09,9.06,7.15,10.14,8.82,0,0,0,0,0,0,91.82000000000001,78.02,170.01,106.52,68.4,148.04,88.22,83.46000000000001,114.42999999999999,88.48,91.35,140.04999999999998,210.18911602209945,211.43187845303868,213.07546961325966,204.05690607734806,265.9221546961326,246.99265193370167,41,66,50,37,63,55
LU4,LU4_J21_24,LU4_2024,160,-8.650662983425415,17.66,-39.896,44,2476.724,0.6086187845303868,8.076,0,110.16,99.80199999999999,231.04122651933702,54.2,307,305,320,306,305,328,120,120,120,113,120,120,40.640220994475136,37.77353591160221,62.01530386740332,17.97524861878453,28.737127071823206,72.19779005524862,76.16,57.86,105.84,44.28,61.94,125.58,179,181,166,151,144,158,-9.801629834254143,-7.92682320441989,-10.744088397790055,-10.020939226519337,-6.058480662983426,-8.502983425414365,17.02,17.62,13.36,20.02,17.99,19.31,-38.53,-41.85,-40.21,-37.12,-43.41,-36.89,47,37,58,48,27,50,2654.54,2330.82,2910.7,2647.82,2002.22,2492.06,0.5075690607734806,0.42955801104972374,0.8339226519337016,0.6008839779005525,0.4156906077348066,0.7630386740331492,5.37,5.54,8.55,6.64,10.95,8.7,0,0,0,0,0,0,91.87,77.75,150.94,108.76,75.24,138.11,90.39,78.58999999999999,109.92000000000002,86.97999999999999,85.33,138.19,215.15629834254145,212.50270718232045,217.5703867403315,208.4999447513812,266.76243093922653,249.8706629834254,38,66,49,37,62,57
LU4,LU4_J26_24,LU4_2024,160.4,-8.496834254143646,17.808,-39.766,43.8,2446.5879999999997,0.5394475138121547,8.762,0,97.64,92.256,234.3760994475138,53.4,307,305,320,306,305,328,120,120,120,114,118,120,32.56209944751381,36.827127071823206,46.0985635359116,17.657127071823204,25.595580110497238,70.35475138121546,64.89,60.05,82.06,39.28,54.87,121.23,179,181,166,154,143,158,-9.657928176795581,-7.767707182320442,-10.586381215469613,-9.865939226519338,-5.904834254143647,-8.359309392265192,17.21,17.91,13.19,20.17,18.31,19.46,-38.45,-41.78,-39.9,-37.01,-43.36,-36.78,46,37,58,49,27,48,2624.5099999999998,2301.35,2877.68,2614.75,1974.6,2464.56,0.4759116022099448,0.40685082872928174,0.6475690607734806,0.5303867403314917,0.3717127071823204,0.740718232044199,5.33,8.07,8.5,7.35,10.46,9.43,0,0,0,0,0,0,86.14,73.64,117.21,96,67.28,134.07,80.03,78.22000000000001,86.4,83.46000000000001,78.75,134.45,216.11519337016574,229.4732596685083,213.0686187845304,212.70635359116022,264.65480662983424,251.97745856353592,38,64,50,36,61,56
LU4,LU4_K17_24,LU4_2024,160.2,-8.788994475138121,17.538,-40.004,44.8,2506.186,0.6200773480662983,8.246,0,112.234,102.62,230.52003314917127,54,305,305,320,306,305,328,120,120,120,113,120,120,39.480165745856354,40.25817679558011,63.548839779005526,18.13049723756906,31.634917127071823,73.46646408839779,74.64,63.09,107.38,45.85,70.37,127.54,180,181,166,151,145,158,-9.925497237569061,-8.084585635359115,-10.886906077348065,-10.143977900552485,-6.195883977900553,-8.633618784530388,16.89,17.49,13.48,19.89,17.63,19.2,-38.6,-41.97,-40.53,-37.19,-43.39,-36.94,48,38,61,48,27,50,2687.77,2367.52,2943,2675.94,2027.18,2517.29,0.5162430939226519,0.42237569060773483,0.8531491712707182,0.5816574585635359,0.46082872928176793,0.7823756906077348,5.53,5.98,8.56,6.92,11.18,8.59,0,0,0,0,0,0,93.44,76.45,154.42,105.28,83.41,141.61,87.92,81.95000000000002,111.16,86.98,93.39999999999999,139.60999999999999,212.32563535911603,212.17320441988952,214.40977900552485,205.38430939226518,271.82629834254146,248.80657458563536,40,66,50,37,62,55
LU4,LU4_K19_24,LU4_2024,160.2,-8.735977900552486,17.544,-39.92,44.4,2493.992,0.6266850828729282,8.006,0,113.43,101.98199999999999,231.78191160220993,54,307,305,320,306,305,328,120,120,120,113,120,120,41.96088397790055,40.16546961325967,61.962541436464086,18.085414364640883,31.70900552486188,73.51850828729282,78.57,61.32,105.5,43.72,69.56,127.49,179,181,166,151,145,158,-9.872458563535911,-8.015911602209945,-10.825303867403315,-10.093812154696133,-6.158784530386741,-8.586077348066299,16.94,17.57,13.37,19.92,17.62,19.24,-38.59,-41.93,-40.42,-37.13,-43.22,-36.9,48,38,59,48,27,50,2674.09,2353.48,2929.3,2663.13,2018.38,2505.67,0.519281767955801,0.44922651933701657,0.8471270718232045,0.6012154696132597,0.44812154696132595,0.7877348066298343,5.45,5.37,8.56,6.86,10.89,8.35,0,0,0,0,0,0,93.99,81.31,153.33,108.82,81.11,142.58,92.19,81.63,109.43999999999998,86.6,92.56,139.67999999999998,214.00944751381215,213.80834254143647,216.07701657458563,207.75751381215468,271.26016574585634,250.00651933701658,38,66,50,36,62,56
LU4,LU4_K23_24,LU4_2024,160.8,-8.564403314917127,17.72,-39.775999999999996,43.6,2459.712,0.5907513812154697,8.858,0,106.926,97.796,233.30014364640883,54.2,307,305,320,306,305,328,120,120,120,113,120,120,36.79519337016575,36.581767955801105,57.12447513812155,17.615193370165745,27.27149171270718,71.43370165745857,71.12,59.06,99.31,40.83,58.63,124.54,179,181,166,153,146,158,-9.721049723756906,-7.829033149171271,-10.650193370165747,-9.930773480662983,-5.986270718232044,-8.425745856353592,17.14,17.81,13.24,20.1,18.04,19.41,-38.51,-41.8,-40.01,-37.01,-43.27,-36.79,47,37,58,48,27,48,2638.03,2314.09,2891.58,2628.98,1988.1299999999999,2475.78,0.4876243093922652,0.46276243093922653,0.7799447513812154,0.5639779005524862,0.3980110497237569,0.749060773480663,5.39,9.21,8.49,7.05,10.51,9.03,0,0,0,0,0,0,88.26,83.76,141.17,102.08,72.03999999999999,135.58,85.79,80.68,103.66000000000001,85.10000000000001,82.08,137.46000000000004,215.8731491712707,224.82447513812156,217.8617127071823,206.75950276243094,265.98944751381214,251.06558011049725,38,65,50,36,64,56
LU4,LU4_K25_24,LU4_2024,160.6,-8.523038674033149,17.796,-39.75,43.6,2452.536,0.5736685082872929,8.79,0,103.834,96.47,233.2710276243094,53.8,307,305,320,306,305,328,120,120,120,113,119,120,36.25734806629834,37.53187845303867,53.22011049723757,17.486685082872928,26.417734806629834,70.82917127071823,69.96,61.22,91.97,41.35,56.74,123.58,179,181,166,153,145,158,-9.686546961325966,-7.795,-10.608950276243094,-9.891325966850829,-5.935745856353591,-8.384171270718232,17.21,17.85,13.26,20.17,18.23,19.47,-38.48,-41.78,-39.88,-36.98,-43.35,-36.76,47,37,58,48,27,48,2630.82,2306.72,2883.36,2622.35,1980.78,2469.47,0.485414364640884,0.4740331491712707,0.7204972375690608,0.5433701657458564,0.3901657458563536,0.7402762430939227,5.33,8.79,8.46,6.99,10.52,9.19,0,0,0,0,0,0,87.86,85.8,130.41,98.35,70.62,133.99,84.86999999999999,83.15,96.16000000000001,86.02,80.39,136.63,216.01988950276242,228.5179005524862,213.59193370165747,207.49563535911602,265.5325414364641,251.2171270718232,38,64,51,36,62,56
LU4,LU4_L17_24,LU4_2024,160.2,-8.828685082872928,17.456,-39.986,45.6,2514.076,0.6322983425414365,8.177999999999999,0,114.446,102.06,229.78903867403315,54,305,305,320,306,305,328,120,120,120,113,120,120,39.82337016574586,40.473370165745855,64.52259668508287,18.72121546961326,28.628066298342542,73.69580110497238,75.62,63.12,109.26,46.84,62.4,128.36,180,181,166,151,145,158,-9.95779005524862,-8.125441988950277,-10.919972375690607,-10.172044198895028,-6.2519337016574585,-8.67403314917127,16.87,17.49,13.44,19.82,17.35,19.18,-38.64,-42.04,-40.64,-37.17,-43.16,-36.92,48,38,61,49,28,52,2697.16,2380.23,2951.74,2681.42,2034.61,2522.38,0.5145856353591161,0.428121546961326,0.9356906077348066,0.5979005524861879,0.43491712707182323,0.7648618784530387,5.56,5.81,8.95,7.06,10.45,8.62,0,0,0,0,0,0,93.14,77.49,169.35999999999999,108.22,78.72,138.44,88.55000000000001,82.3,113,89.56,85.13,140.31,211.64906077348067,212.11154696132596,214.28662983425414,206.84060773480664,266.9229281767956,248.78348066298344,40,66,50,36,63,55
LU4,LU4_L18_24,LU4_2024,160.2,-8.786740331491712,17.484,-39.944,45.4,2504.718,0.6340331491712707,8.11,0,114.76,103.13199999999999,231.3053591160221,53.8,307,305,320,306,305,328,120,120,120,113,120,120,43.26657458563536,40.89265193370166,64.30867403314917,18.751381215469614,31.09353591160221,73.72132596685083,80.77,61.9,109.19,46.86,68.26,128.1,179,181,166,151,145,158,-9.918839779005525,-8.07171270718232,-10.875220994475137,-10.13610497237569,-6.215138121546961,-8.635524861878453,16.9,17.54,13.39,19.86,17.42,19.21,-38.63,-41.99,-40.55,-37.15,-43.13,-36.9,48,38,60,49,28,52,2686.64,2367.79,2941.25,2672.65,2027.52,2514.38,0.5288950276243094,0.45486187845303866,0.8813812154696132,0.6009944751381215,0.4506629834254144,0.7822651933701658,5.51,5.57,8.78,6.98,10.78,8.44,0,0,0,0,0,0,95.73,82.33,159.53,108.78,81.57,141.59,93.98999999999998,81.77999999999999,113.03,89.66,91.04000000000002,140.14999999999998,213.32160220994476,213.38718232044198,215.25154696132597,207.6396685082873,270.79591160220997,249.4524861878453,38,66,50,36,62,55
LU4,LU4_L23_24,LU4_2024,160.4,-8.62475138121547,17.61,-39.834,44.2,2469.232,0.586353591160221,8.15,0,106.13000000000001,96.992,230.81824309392263,54.2,307,305,320,306,305,328,120,120,120,113,120,120,37.456629834254144,32.15375690607735,58.11922651933702,17.82475138121547,28.550662983425415,72.65530386740332,71.66,51.22,100.83,41.56,61.25,126.49,179,181,166,151,146,158,-9.769917127071823,-7.876657458563536,-10.714668508287293,-9.99306629834254,-6.053011049723756,-8.48635359116022,17.02,17.73,13.19,19.99,17.84,19.3,-38.53,-41.81,-40.19,-37.1,-43.19,-36.88,47,37,58,49,27,50,2646.24,2322.39,2903.13,2637.78,1997.67,2485.19,0.4976243093922652,0.3988950276243094,0.7867403314917127,0.5704972375690608,0.40823204419889503,0.7674033149171271,5.42,5.5,8.62,7.2,10.56,8.87,0,0,0,0,0,0,90.07,72.2,142.4,103.26,73.89,138.9,86.1,70.21,105.07999999999998,85.77000000000001,84.63,139.27,215.77132596685084,211.87767955801104,217.3342541436464,206.41795580110497,266.79900552486185,251.66232044198895,37,65,50,36,64,56
LU4,LU4_M12_24,LU4_2024,160.6,-8.990569060773481,17.27,-40.112,46.4,2545.694,0.6482099447513812,8.506,0,117.326,105.69800000000001,227.71132596685084,54,305,305,320,305,305,327,120,120,120,113,120,120,42.83922651933702,43.61707182320442,67.84292817679558,19.226408839779005,33.626077348066296,76.19270718232045,79.15,66.86,114.14,49.9,68.72,131.01,181,181,166,152,145,159,-10.102734806629835,-8.27353591160221,-11.095110497237568,-10.318701657458563,-6.423812154696132,-8.841685082872928,16.65,17.43,13.51,19.58,16.85,18.98,-38.67,-42.06,-41.05,-37.35,-43.04,-37.06,49,38,63,51,28,52,2731.85,2411.56,2988.92,2711.71,2063,2553.28,0.513756906077348,0.44613259668508287,0.9697790055248618,0.6043093922651934,0.397292817679558,0.82353591160221,5.69,5.99,9.67,7.44,10.2,9.23,0,0,0,0,0,0,92.99,80.75,175.53,109.38,71.91,149.06,89.06,86.1,117.64999999999999,90.85,91.22000000000001,142.67000000000002,208.65795580110498,211.14955801104972,211.99265193370167,204.0779005524862,264.9441988950276,246.39232044198894,40,67,50,36,62,55
LU4,LU4_M14_24,LU4_2024,160.6,-8.942767955801106,17.252000000000002,-40.094,46.2,2532.76,0.6438784530386741,8.438,0,116.542,105.41000000000001,229.15519337016573,53.8,305,305,320,305,305,328,120,120,120,114,120,120,41.266519337016575,41.881878453038674,67.12099447513812,19.422541436464087,32.72618784530387,76.11337016574586,78.4,64.91,113.42,49.51,68.25,131.41,180,181,166,153,145,158,-10.053756906077348,-8.215441988950277,-11.041988950276243,-10.285414364640884,-6.377513812154696,-8.793480662983425,16.64,17.38,13.38,19.6,16.94,18.96,-38.67,-42.06,-40.97,-37.36,-42.98,-37.1,48,39,62,49,28,53,2715.69,2396.64,2974.46,2698.3,2052.54,2541.86,0.5238121546961326,0.4406629834254144,0.9575690607734807,0.6121546961325967,0.38138121546961323,0.8276243093922652,5.61,6.23,9.42,7.26,10.2,9.08,0,0,0,0,0,0,94.81,79.76,173.32,110.8,69.03,149.8,90.93,84.37,117.09,91.33,90.99000000000001,143.27,211.18381215469614,213.11591160220993,213.24331491712707,205.90447513812154,265.2956906077348,248.21657458563536,39,66,50,36,62,55
LU4,LU4_N15_24,LU4_2024,160.6,-8.923596685082874,17.242,-40.036,46.2,2528.762,0.6355027624309393,8.357999999999999,0,115.02600000000001,104.598,229.3062541436464,54,305,305,320,305,305,328,120,120,120,114,120,120,38.43088397790055,38.447403314917125,66.9414364640884,19.45707182320442,32.292375690607734,76.0042541436464,74.28,60.99,114.23,49.85,67.64,131.45,180,181,166,153,145,158,-10.036187845303868,-8.192154696132597,-11.01524861878453,-10.263839779005524,-6.370662983425414,-8.776077348066298,16.68,17.44,13.31,19.61,16.86,18.99,-38.69,-42.06,-40.93,-37.3,-42.84,-37.05,48,39,62,49,28,53,2712.07,2394.09,2969.52,2693.54,2049.89,2536.77,0.5019337016574585,0.41839779005524863,0.9385082872928177,0.6170165745856354,0.38077348066298344,0.822817679558011,5.58,5.84,9.53,7.27,10.2,8.95,0,0,0,0,0,0,90.85,75.73,169.87,111.68,68.92,148.93,86.85,79.81,117.98,91.62,90.24000000000001,143.33999999999997,210.97718232044198,212.07580110497238,214.0217679558011,206.1253591160221,265.52237569060776,248.78596685082874,39,66,50,37,62,55
LU4,LU4_N30_24,LU4_2024,160.2,-8.461624309392265,17.7,-39.756,43.8,2437.308,0.5310165745856353,9.15,0,96.11399999999999,88.91,234.90006629834255,53.6,307,305,320,306,305,328,120,120,120,113,118,120,33.69331491712707,33.5753591160221,39.97254143646409,16.047624309392265,24.835911602209944,71.68707182320442,67.31,55.77,72.91,37.38,53.16,125.67,178,181,166,153,143,158,-9.603314917127072,-7.720966850828729,-10.547016574585635,-9.814585635359116,-5.894585635359116,-8.330966850828728,17.21,18.2,12.74,20.08,18.05,19.43,-38.51,-41.83,-40.15,-37.02,-42.99,-36.79,46,37,58,49,27,48,2619.47,2302.16,2868.86,2596.72,1966.3,2452.5,0.47066298342541435,0.4121546961325967,0.6067955801104973,0.5231491712707182,0.3596685082872928,0.7533149171270718,5.56,8.88,8.47,8.76,9.51,10.13,0,0,0,0,0,0,85.19,74.6,109.83,94.69,65.1,136.35,82.23,74.04,77.75,76.74,76.77000000000001,139.25,214.9132596685083,226.73359116022098,212.30204419889503,215.80900552486187,264.59303867403315,255.06265193370166,39,66,50,36,60,56
LU4,LU4_O10_24,LU4_2024,160.6,-9.073817679558012,17.106,-40.128,47.2,2560.384,0.639182320441989,7.892,0,115.69200000000001,103.892,226.2311049723757,54,305,305,320,305,305,327,120,120,120,114,118,120,44.48779005524862,45.869613259668505,70.15138121546961,19.811767955801106,24.303370165745857,74.85154696132597,83.88,69.96,116.88,51.25,48.71,131.88,181,181,166,153,144,159,-10.173204419889503,-8.336546961325967,-11.176546961325966,-10.391408839779006,-6.530883977900553,-8.933701657458563,16.54,17.43,13.44,19.42,16.38,18.86,-38.71,-42.09,-41.31,-37.41,-42.72,-37.11,50,39,65,51,28,53,2747.74,2426.45,3006.08,2724.46,2078.36,2566.57,0.5213259668508288,0.4575138121546961,0.996243093922652,0.6191712707182321,0.35226519337016576,0.7707182320441989,5.71,6.4,10.19,7.65,7.14,8.08,0,0,0,0,0,0,94.36,82.81,180.32,112.07000000000001,63.76,139.5,94.95999999999998,89.07,122.69,92.85000000000001,71.4,143.45,208.88508287292817,211.66480662983426,211.2496685082873,203.94696132596684,257.55204419889503,246.74204419889503,41,68,50,37,61,54
LU4,LU4_O13_24,LU4_2024,160.8,-9.03857458563536,17.105999999999998,-40.146,46.8,2550.566,0.6604309392265193,8.716,0,119.53800000000001,107.158,229.29319337016574,54.2,305,305,320,305,305,327,120,120,120,114,120,120,41.639226519337015,42.860220994475135,68.60022099447514,19.72668508287293,33.97138121546961,77.35767955801104,79.42,66.42,115.96,50.71,69.31,133.21,180,181,166,153,145,159,-10.136988950276242,-8.297237569060773,-11.141436464088398,-10.370801104972376,-6.487845303867403,-8.895552486187846,16.51,17.36,13.37,19.43,16.54,18.83,-38.7,-42.08,-41.23,-37.45,-42.8,-37.17,49,39,63,51,28,53,2735.06,2414.45,2995.35,2714.41,2069.61,2559.0099999999998,0.5214364640883978,0.4723204419889503,0.9757458563535911,0.62,0.4006077348066298,0.8334806629834254,5.66,6.59,9.91,7.48,10.2,9.4,0,0,0,0,0,0,94.38,85.49,176.61,112.22,72.51,150.86,91.66000000000001,86.91,119.53,92.54,91.88,144.93,210.22839779005525,216.6743093922652,212.17591160220994,205.07198895027625,265.0400552486188,247.50370165745855,40,67,50,37,62,55
LU4,LU4_O16_24,LU4_2024,160.2,-8.841729281767956,17.34,-39.884,45.8,2514.85,0.6288397790055249,8.138,0,113.82,101.414,229.7765414364641,54.6,305,305,320,306,305,328,120,120,120,113,120,120,36.80403314917127,34.26773480662983,63.834198895027626,18.391491712707182,31.24767955801105,74.81458563535912,72.11,55.44,111.01,46.18,66,129.65,180,181,166,151,145,158,-9.965276243093923,-8.10779005524862,-10.920883977900553,-10.174861878453038,-6.307099447513812,-8.698011049723757,16.87,17.63,13.24,19.75,16.91,19.17,-38.72,-42.03,-40.73,-37.09,-42.71,-36.86,48,39,61,49,28,52,2700.28,2382.08,2952.79,2679.56,2038.81,2521.01,0.48342541436464087,0.4061878453038674,0.9078453038674034,0.6200552486187846,0.42563535911602207,0.7844751381215469,5.53,5.33,9.64,7.26,9.94,8.52,0,0,0,0,0,0,87.5,73.52,164.32,112.23,77.03999999999999,141.99,84.9,73.79999999999998,114.84,88.57,88.32,141.54000000000002,211.30287292817678,211.30281767955802,215.8582320441989,205.92414364640885,266.36204419889503,249.43546961325967,38,66,51,37,64,55
LU4,LU4_O17_24,LU4_2024,160.2,-8.80967955801105,17.348,-39.858,45.4,2507.124,0.6205524861878453,7.994,0,112.32,99.91199999999999,229.92958011049723,54.4,307,305,320,306,305,328,120,120,120,113,120,120,40.05138121546961,33.146132596685085,61.56696132596685,18.019116022099446,31.346629834254145,74.85480662983426,77.08,51.92,107.57,44.52,66.18,129.66,179,181,166,151,145,158,-9.93524861878453,-8.061629834254143,-10.888950276243094,-10.1496408839779,-6.278950276243094,-8.669226519337016,16.89,17.66,13.17,19.77,16.96,19.18,-38.71,-41.98,-40.67,-37.08,-42.69,-36.87,48,38,60,49,28,52,2691.43,2370.94,2944.62,2672.31,2032.99,2514.76,0.5015469613259669,0.4249171270718232,0.8541988950276242,0.6105524861878453,0.425524861878453,0.7875690607734807,5.54,5.26,9.45,7.03,9.85,8.38,0,0,0,0,0,0,90.78,76.91,154.60999999999999,110.51,77.02,142.55,90.07,71.11,111.45999999999998,86.72,88.63000000000001,141.64,213.06099447513813,210.43226519337017,215.79022099447513,206.34530386740332,266.87513812154697,250.2049723756906,37,66,51,37,63,55
LU4,LU4_O21_24,LU4_2024,160.2,-8.782093922651933,17.304,-39.924,45.4,2496.042,0.6121657458563536,8.03,0,110.802,99.75800000000001,231.78682872928178,54,307,305,320,306,305,328,120,120,120,113,120,120,38.91546961325967,31.933480662983424,58.92337016574586,17.462762430939225,32.675193370165744,75.31458563535911,75.06,50.91,102.78,42.36,72.18,130.87,179,181,166,151,145,158,-9.900966850828729,-8.004447513812154,-10.873508287292818,-10.143591160220994,-6.241491712707182,-8.647430939226519,16.77,17.62,13.02,19.72,17.11,19.05,-38.64,-41.89,-40.66,-37.24,-42.8,-37.03,48,37,60,50,28,52,2674.35,2350.95,2934.49,2661.16,2024.05,2509.56,0.5094475138121547,0.4037569060773481,0.7938121546961326,0.5994475138121547,0.4593922651933702,0.8044198895027624,5.54,5.08,8.9,7.6,10.14,8.43,0,0,0,0,0,0,92.21,73.08,143.68,108.5,83.15,145.6,88.65,68.96000000000001,106.83,84.59,95.18,143.23000000000005,215.17812154696134,211.33828729281768,215.41961325966852,207.74309392265192,273.03767955801106,251.39546961325968,37,66,51,35,63,55
LU4,LU4_O22_24,LU4_2024,160.2,-8.687944751381215,17.456,-39.792,45,2481.736,0.5935911602209945,7.96,0,107.44,97.278,231.1818453038674,54,307,305,320,306,305,328,120,120,120,113,120,120,39.96977900552486,31.29939226519337,56.552762430939225,17.311767955801106,30.951657458563535,73.74668508287293,76.69,49.26,99.2,40.32,68.26,128.31,179,181,166,151,145,158,-9.813729281767955,-7.928066298342541,-10.77060773480663,-10.036712707182321,-6.151767955801105,-8.55256906077348,16.98,17.83,13.01,19.89,17.29,19.26,-38.6,-41.91,-40.39,-37.04,-42.78,-36.84,48,37,59,50,27,52,2661.51,2342.37,2917.57,2645.68,2010.42,2492.64,0.49900552486187844,0.41646408839779003,0.7714364640883978,0.5603314917127071,0.4374033149171271,0.7823204419889502,5.56,5.16,8.71,7.58,9.77,8.58,0,0,0,0,0,0,90.32,75.38,139.63,101.42,79.17,141.6,90.58,67.45,103.35,83.64,91.11999999999999,140.83000000000004,215.34270718232045,211.27563535911602,215.8828729281768,205.08281767955802,271.8563535911602,251.81154696132597,38,66,50,35,63,56
LU4,LU4_O23_24,LU4_2024,160.8,-8.628966850828728,17.548,-39.76,44.2,2471.054,0.599646408839779,8.888,0,108.536,99.234,234.133591160221,54.6,307,305,320,306,305,328,120,120,120,113,120,120,38.757569060773484,36.610939226519335,56.79574585635359,17.422762430939226,29.254309392265192,72.90795580110498,74.4,60.2,99.1,41.46,64.09,127.07,179,181,166,153,146,158,-9.763121546961326,-7.878232044198895,-10.712845303867404,-9.978508287292817,-6.083121546961326,-8.492127071823205,17.05,17.91,13.01,19.97,17.52,19.33,-38.58,-41.89,-40.23,-37.01,-42.87,-36.8,48,37,58,49,27,50,2651.56,2332.6,2905.69,2634.85,1999.72,2482.41,0.4950276243093923,0.47519337016574587,0.7674033149171271,0.5657458563535912,0.42099447513812155,0.7688950276243094,5.54,9.65,8.47,7.67,9.84,8.81,0,0,0,0,0,0,89.6,86.01,138.9,102.4,76.2,139.17,88.54,80.94,103.35999999999999,84.97,87.11999999999999,139.78000000000003,215.50370165745855,227.2353038674033,216.0688950276243,205.69911602209945,269.4838674033149,252.180773480663,37,66,50,36,64,57
LU4,LU4_P15_24,LU4_2024,160.4,-8.905955801104973,17.232,-39.898,46.2,2527.388,0.6254364640883978,8.336,0,113.20400000000001,102.02199999999999,228.8683867403315,54.4,305,305,320,306,305,327,120,120,120,113,120,120,37.73237569060773,34.114806629834256,64.79624309392266,18.559502762430938,31.871436464088397,75.6917679558011,74,55.01,113.03,47.09,66.23,130.82,180,181,166,151,145,159,-10.022154696132597,-8.168121546961325,-10.984088397790055,-10.227044198895028,-6.384309392265194,-8.76621546961326,16.81,17.61,13.2,19.65,16.59,19.11,-38.76,-42.08,-40.91,-37.1,-42.52,-36.88,48,39,61,50,28,53,2714.45,2397.54,2967.24,2689.74,2050.6,2531.82,0.4888950276243094,0.40966850828729284,0.9055801104972375,0.6266298342541436,0.37662983425414365,0.8086740331491713,5.56,5.26,10.14,7.43,10.11,8.74,0,0,0,0,0,0,88.49,74.15,163.91,113.42,68.17,146.37,86.47,72.96,116.78,89.48,88.34,142.54999999999998,210.76834254143645,210.84182320441988,215.09232044198896,205.80701657458565,263.6577900552486,248.94298342541435,38,67,51,37,63,54
LU4,LU4_P17_24,LU4_2024,160.2,-8.842386740331492,17.294,-39.870000000000005,45.8,2513.436,0.6265303867403315,8.106,0,113.402,100.11599999999999,229.54396685082872,54.2,307,305,320,306,305,328,120,120,120,113,120,120,40.41513812154696,33.095082872928174,62.03099447513812,18.11292817679558,31.120773480662983,75.0856906077348,77.91,51.77,108.54,44.91,65.82,130.29,179,181,166,151,145,158,-9.963314917127072,-8.092209944751382,-10.920690607734807,-10.176629834254143,-6.318812154696133,-8.703591160220995,16.85,17.65,13.15,19.72,16.8,19.15,-38.73,-42.01,-40.77,-37.09,-42.6,-36.88,48,39,61,49,28,52,2698.59,2378.72,2951.8,2677.52,2038.92,2520.22,0.503756906077348,0.42613259668508285,0.8843093922651933,0.6132596685082873,0.4249171270718232,0.7840331491712706,5.56,5.29,9.69,7.11,9.94,8.5,0,0,0,0,0,0,91.17999999999999,77.13,160.06,111,76.91,141.91,90.76,70.73,112.39,87.1,88.16999999999999,142.18999999999997,212.77414364640885,210.09403314917128,215.45657458563537,205.98966850828728,266.42082872928177,249.75872928176796,37,66,51,37,62,55
LU4,LU4_P22_24,LU4_2024,160.2,-8.72892817679558,17.372,-39.78,45.2,2490.006,0.5899889502762431,7.944,0,106.788,95.604,230.33554696132597,54,307,305,320,306,305,328,120,120,120,113,120,120,40.03585635359116,30.949281767955803,56.56182320441989,16.898342541436463,28.578508287292816,74.00696132596686,77.25,48.86,99.22,40.6,61.83,129.31,179,181,166,151,145,158,-9.845248618784531,-7.962099447513812,-10.807790055248619,-10.067734806629835,-6.209226519337016,-8.597790055248618,16.95,17.86,12.94,19.82,17,19.24,-38.64,-41.96,-40.52,-37.02,-42.58,-36.82,48,37,59,50,28,52,2670.89,2353.51,2926.94,2652.08,2018.3899999999999,2499.11,0.5026519337016575,0.4131491712707182,0.7688397790055248,0.5819889502762431,0.4190055248618785,0.7669613259668508,5.61,5,9.04,7.68,9.55,8.45,0,0,0,0,0,0,90.98,74.78,139.16,105.34,75.84,138.82,90.82000000000001,66.65,103.30999999999999,82.09,84.38,141.58999999999997,215.06187845303867,210.44591160220995,214.93817679558012,207.1260220994475,267.6811049723757,251.48651933701657,38,66,51,35,63,55
LU4,LU4_Q10_24,LU4_2024,160.6,-9.06661325966851,17.05,-40.024,47.6,2558.344,0.6264861878453039,8.012,0,113.394,102.448,227.11857458563534,53.6,305,305,320,305,305,327,120,120,120,114,118,120,40.829613259668506,37.50104972375691,69.47563535911603,20.016298342541436,24.188397790055248,74.673591160221,80.09,59.1,119.28,52.29,48.71,131.98,180,181,166,153,144,159,-10.165331491712708,-8.318425414364642,-11.155883977900553,-10.37378453038674,-6.550828729281768,-8.93414364640884,16.59,17.51,13.28,19.4,16.16,18.9,-38.76,-42.11,-41.33,-37.28,-42.38,-37.02,49,40,64,52,28,54,2746.87,2427.34,3002.89,2719.99,2079.21,2562.29,0.49149171270718234,0.45762430939226517,0.9260773480662984,0.6301104972375691,0.35320441988950274,0.765414364640884,5.66,6.47,10.66,7.73,7.09,8.11,0,0,0,0,0,0,88.96,82.83,167.62,114.05,63.93,138.54,92.1,78.61999999999999,125.29999999999998,93.72,71.13000000000001,143.46999999999997,209.34988950276244,213.84917127071822,212.3792817679558,204.01602209944753,258.0153038674033,247.33309392265193,39,67,50,37,60,54
LU4,LU4_Q16_24,LU4_2024,160.4,-8.895364640883978,17.208,-39.862,46.2,2524.564,0.6162209944751381,8.290000000000001,0,111.536,100.72,228.58203314917128,54.4,305,305,320,306,305,327,120,120,120,113,120,120,36.704419889502766,31.674254143646408,62.88082872928177,18.237403314917128,31.7639226519337,75.71994475138122,72.95,51.75,110.27,45.71,66.06,131.04,180,181,166,151,145,159,-10.010911602209944,-8.144502762430939,-10.970138121546961,-10.215469613259668,-6.384889502762431,-8.761823204419889,16.82,17.66,13.12,19.64,16.5,19.12,-38.78,-42.06,-40.91,-37.06,-42.42,-36.86,48,39,61,50,28,53,2711.59,2393.39,2964.13,2686.36,2049.46,2529.48,0.48425414364640884,0.4046961325966851,0.8743093922651933,0.6185635359116022,0.3767403314917127,0.8067955801104972,5.59,5.3,10.15,7.28,10.05,8.67,0,0,0,0,0,0,87.65,73.25,158.25,111.96,68.19,146.03,85.48,70.84,114.03999999999999,87.83999999999999,88.15,142.73,211.2414364640884,209.94591160220995,214.79685082872928,205.20243093922653,263.7875138121547,249.1774585635359,38,67,51,37,63,54
LU4,LU4_Q20_24,LU4_2024,160.2,-8.762563535911603,17.314,-39.788,45.2,2496.376,0.5920773480662983,8.03,0,107.166,95.75800000000001,229.97659668508288,54,307,305,320,306,305,328,120,120,120,113,120,120,40.845193370165745,31.42436464088398,57.12558011049724,17.01121546961326,27.805966850828728,74.17806629834254,78.67,49.15,100.22,41.05,60.84,130.03,179,181,166,151,145,158,-9.876795580110498,-7.993149171270718,-10.840193370165746,-10.096187845303868,-6.250331491712707,-8.632955801104972,16.92,17.85,12.91,19.77,16.83,19.21,-38.68,-41.98,-40.61,-37.03,-42.49,-36.83,48,38,59,49,28,52,2678.33,2361.14,2934.18,2657.54,2024.45,2504.57,0.5024309392265194,0.42270718232044197,0.7741988950276243,0.5857458563535912,0.4195027624309392,0.758232044198895,5.62,5.25,9.24,7.68,9.64,8.34,0,0,0,0,0,0,90.94,76.51,140.13,106.02,75.93,137.24,92.02000000000001,66.63,104.26,82.53999999999999,83.23,142.13000000000002,214.51651933701658,210.08209944751383,214.62149171270718,206.76718232044198,267.20828729281766,251.2039226519337,37,66,51,36,63,54
LU4,LU4_R14_24,LU4_2024,159.6,-8.935370165745857,17.152,-39.854,46.8,2534.082,0.5975801104972376,7.716,0,108.162,96.568,226.61247513812154,53.6,305,305,320,305,305,327,120,120,120,114,114,120,38.20696132596685,31.979889502762433,64.15116022099447,18.993867403314916,21.287513812154696,73.12812154696132,75.74,51.72,112.6,47.11,43.31,129.63,180,181,166,153,139,159,-10.048701657458563,-8.18720994475138,-11.005718232044199,-10.240524861878454,-6.43767955801105,-8.8057182320442,16.83,17.69,13.1,19.6,16.24,19.13,-38.81,-42.12,-41.01,-37.01,-42.33,-36.8,48,40,62,51,28,53,2723.64,2407.18,2974.31,2694.11,2058.52,2536.29,0.4862430939226519,0.4145303867403315,0.8822651933701657,0.6241436464088398,0.3330939226519337,0.7338674033149172,5.61,5.45,10.59,7.43,7,8.11,0,0,0,0,0,0,88.01,75.03,159.69,112.97,60.29,132.83,88.00999999999999,71.5,116.31,88.78999999999999,65.13,141.10999999999999,210.58475138121548,209.50447513812153,214.35077348066298,205.6056906077348,255.56812154696132,248.03331491712706,38,67,51,37,59,54
LU4,LU4_R7_24,LU4_2024,160.8,-9.260160220994475,16.916,-40.384,49,2594.684,0.6547955801104972,8.392,0,118.518,106.864,225.42375690607736,53,305,305,320,305,305,327,120,120,120,114,119,120,50.92563535911602,43.83707182320442,74.13563535911602,20.83088397790055,24.976519337016576,76.75618784530387,100.17,65.92,127.48,54.61,49.93,135.95,180,181,166,153,145,159,-10.323342541436464,-8.472486187845304,-11.356022099447515,-10.54853591160221,-6.746077348066298,-9.17767955801105,16.28,17.4,13.34,19.07,16.11,18.66,-38.74,-42.1,-41.83,-37.57,-42.3,-38.12,51,42,67,53,29,54,2780.68,2454.58,3043.86,2754.28,2111.52,2609.18,0.6007734806629834,0.47414364640883977,1.0090055248618786,0.6451933701657458,0.35972375690607733,0.7859116022099447,5.74,7.22,11.02,8.02,7.14,8.56,0,0,0,0,0,0,108.74,85.82000000000001,182.63,116.78,65.11,142.25,111.73,85.64,132.71,96.63,72.59,146.75,212.83657458563536,212.47143646408838,211.1828729281768,203.04563535911603,256.53232044198893,243.88651933701658,40,67,47,36,60,55
LU4,LU4_R9_24,LU4_2024,160.6,-9.170033149171271,16.96,-40.168,48.4,2577.628,0.645889502762431,8.118,0,116.906,104.84,226.81245303867402,53.2,305,305,320,305,305,327,120,120,120,114,118,120,45.47386740331492,41.33370165745856,72.18872928176796,20.75806629834254,24.618729281767955,75.15519337016575,91.68,63.03,122.71,54.35,49.49,133.2,180,181,166,153,144,159,-10.24986187845304,-8.396657458563537,-11.262099447513812,-10.465552486187846,-6.663259668508287,-9.062596685082873,16.43,17.47,13.26,19.21,16.08,18.78,-38.77,-42.11,-41.62,-37.4,-42.3,-37.41,50,40,66,53,29,54,2765.29,2442.3,3025.08,2737.69,2097.09,2585.98,0.5571270718232044,0.48718232044198895,0.9669613259668508,0.6459116022099448,0.3569613259668508,0.7724309392265194,5.7,6.38,11.02,7.91,7.11,8.17,0,0,0,0,0,0,100.84,88.18,175.02,116.91,64.61,139.81,103.44000000000003,83.27,128.32,96.4,71.94,144.27,212.86933701657458,216.20872928176794,211.0749723756906,203.90259668508287,257.4703314917127,245.40563535911602,40,68,48,36,59,55
LU4,LU4_S17_24,LU4_2024,160.2,-8.871491712707183,17.166,-39.806,46.2,2519.024,0.6032707182320441,8.128,0,109.192,98.89800000000001,228.85476243093922,54.4,305,305,320,306,305,328,120,120,120,113,120,120,36.58,30.329558011049723,60.01950276243094,17.75110497237569,31.865524861878452,75.24508287292818,73.24,50.08,105.42,43.36,67.05,131.28,180,181,166,151,145,158,-9.98853591160221,-8.099917127071823,-10.941988950276244,-10.185690607734808,-6.381049723756906,-8.748812154696132,16.87,17.76,12.94,19.64,16.33,19.16,-38.81,-42.03,-40.89,-36.99,-42.32,-36.8,48,39,61,50,28,53,2706.76,2386.9,2958.61,2679.09,2046.5,2524.02,0.4898342541436464,0.392707182320442,0.8332596685082873,0.6039779005524861,0.3858563535911602,0.8005524861878454,5.66,4.85,10.08,7.31,9.9,8.5,0,0,0,0,0,0,88.66,71.08,150.82,109.32,69.84,144.9,85.89,68.28,109.23,85.06,89.06,142.86,212.62977900552485,209.07116022099447,214.13303867403314,205.3103867403315,266.5803314917127,249.17889502762432,38,67,50,37,64,54
LU4,LU4_S18_24,LU4_2024,160.2,-8.836381215469613,17.192,-39.786,46,2512.028,0.596707182320442,8.068,0,108.004,97.212,229.00618784530388,53.8,305,305,320,306,305,328,120,120,120,113,120,120,35.846795580110495,29.679337016574586,58.35867403314917,17.42193370165746,30.805801104972375,75.03795580110497,72.09,49.48,102.54,41.95,65.33,131.02,180,181,166,151,145,158,-9.945580110497238,-8.06317679558011,-10.907734806629835,-10.150828729281768,-6.346187845303867,-8.713977900552486,16.89,17.85,12.86,19.67,16.39,19.19,-38.76,-42.04,-40.81,-36.98,-42.32,-36.78,48,39,61,49,28,53,2697.49,2380.96,2951.49,2671.02,2039.69,2516.98,0.4932596685082873,0.37834254143646406,0.8183425414364641,0.593646408839779,0.41839779005524863,0.7748066298342542,5.68,4.83,9.84,7.57,9.78,8.32,0,0,0,0,0,0,89.28,68.48,148.12,107.45,75.73,140.24,84.92,66.16,106.45000000000002,83.45,87.33999999999999,142.66000000000003,213.30044198895027,208.7918232044199,213.96618784530386,205.77574585635358,266.78701657458566,249.71016574585636,38,66,50,37,62,54
LU4,LU4_T8_24,LU4_2024,161.2,-9.203138121546962,16.93,-40.22,48.2,2584.336,0.656,8.176,0,118.73599999999999,107.532,227.13069613259668,53.4,305,305,320,305,305,327,120,120,120,116,119,120,44.237237569060774,39.635745856353594,75.53806629834254,22.49674033149171,24.88193370165746,75.90668508287293,90.41,61.16,130.12,56.29,49.96,134.73,180,181,166,155,145,159,-10.273563535911602,-8.413563535911603,-11.286546961325968,-10.484779005524862,-6.714502762430939,-9.116298342541436,16.42,17.51,13.19,19.15,16.01,18.79,-38.78,-42.12,-41.71,-37.37,-42.26,-37.64,50,40,65,53,29,54,2771.76,2447.75,3031.85,2742.52,2104.65,2594.91,0.5507734806629834,0.4764640883977901,0.9969613259668508,0.6687292817679558,0.36049723756906077,0.7773480662983425,5.88,6.11,11.4,8.04,7.11,8.22,0,0,0,0,0,0,99.69,86.24,180.45,121.04,65.25,140.7,102.08,81.22,136.77,102.03,72.2,145.43999999999997,212.80292817679558,215.8282320441989,212.98364640883977,204.67243093922653,257.25850828729284,244.91066298342542,39,67,49,36,60,55
LU4,LU4_U15_24,LU4_2024,159.6,-8.958635359116021,17.028,-39.86,47,2535.08,0.5904530386740332,7.642,0,106.872,94.294,226.45918232044198,53.2,305,305,320,306,305,327,120,120,120,114,114,120,38.45740331491713,30.99756906077348,60.5353591160221,18.223977900552487,20.20243093922652,73.44331491712707,76.9,50.55,106.42,43.5,41.93,131.36,180,181,166,152,140,159,-10.06121546961326,-8.169944751381216,-11.030082872928176,-10.259337016574586,-6.48646408839779,-8.847348066298343,16.75,17.74,12.81,19.47,16.08,19.04,-38.85,-42.08,-41.15,-37.05,-42.25,-36.77,48,40,62,52,28,53,2723.53,2404.14,2977.94,2692.11,2062.39,2538.82,0.49480662983425416,0.4055801104972376,0.8692817679558011,0.6122099447513812,0.33972375690607737,0.7254696132596685,5.88,5.09,10.51,7.55,6.93,8.13,0,0,0,0,0,0,89.56,73.41,157.34,110.81,61.49,131.31,89.25,68.83,110.16,86.06,63.79,142.63,212.26049723756907,208.69519337016575,213.06331491712706,205.3092817679558,256.8123756906077,248.4157458563536,37,67,50,37,58,54
LU4,LU4_V17_24,LU4_2024,160.6,-8.928718232044199,17.018,-39.82,47,2528.158,0.6057458563535911,8.379999999999999,0,109.64,97.998,228.54916022099448,54.2,305,305,320,306,305,327,120,120,120,113,120,120,38.14950276243094,30.492375690607734,58.00011049723757,17.512872928176797,33.25839779005525,75.80668508287293,76.67,49.96,101.95,41.26,68.56,132.32,180,181,166,151,146,159,-10.01013812154696,-8.13220994475138,-11.00414364640884,-10.227044198895028,-6.460994475138121,-8.819198895027624,16.75,17.89,12.61,19.47,16.08,19.04,-38.78,-42.12,-41.11,-37.02,-42.23,-36.62,48,40,62,52,28,53,2712.38,2399.83,2972.55,2682.23,2055.55,2530.63,0.5001657458563535,0.3925414364640884,0.8237016574585635,0.5941436464088398,0.403646408839779,0.814696132596685,6.1,4.96,10.17,8.08,10.02,8.67,0,0,0,0,0,0,90.53,71.05,149.09,107.54,73.06,147.46,89.22,67.08,105.83,83.1,90.42999999999999,143.55,213.43491712707183,207.7753591160221,212.4667955801105,205.67834254143645,267.23629834254143,249.58900552486188,37,66,50,38,63,54
LU4,LU4_V19_24,LU4_2024,160.4,-8.901198895027624,17.024,-39.804,46.6,2522.046,0.5980110497237568,8.334,0,108.24000000000001,97.182,228.79022099447513,53.6,305,305,320,306,305,328,120,120,120,113,120,120,37.492265193370166,30.03243093922652,56.893977900552485,17.211381215469615,32.520552486187846,75.4778453038674,75.65,49.54,99.9,40.54,68.13,132.4,180,181,166,151,146,158,-9.974226519337016,-8.100939226519337,-10.979723756906077,-10.201795580110497,-6.432596685082873,-8.790939226519336,16.75,17.96,12.51,19.49,16.11,19.05,-38.74,-42.13,-41.06,-37.02,-42.22,-36.59,48,40,61,51,28,53,2703.83,2394.14,2966.93,2674.98,2049.68,2524.5,0.49767955801104974,0.38773480662983423,0.8124309392265193,0.5861878453038674,0.39193370165745856,0.811767955801105,6.18,4.93,9.93,8.34,9.93,8.54,0,0,0,0,0,0,90.08,70.18,147.05,106.1,70.94,146.93,88.37,66.09,103.85999999999999,82.23,89.99999999999999,143.73000000000002,214.1297237569061,207.8350276243094,212.22911602209945,206.16723756906077,267.3396685082873,250.3800552486188,37,66,50,37,61,54
LU4,LU4_V25_24,LU4_2024,161.2,-8.71528729281768,17.208000000000002,-39.686,45.2,2485.262,0.5732044198895028,9.338,0,103.75,95.216,234.89322651933702,53.6,307,305,320,306,305,328,120,120,120,114,120,120,38.388066298342544,37.20508287292818,46.763591160221,17.414364640883978,26.141436464088397,74.41486187845304,76.15,63.22,82.7,38.33,58.04,131.8,179,181,166,154,147,158,-9.805220994475139,-7.9371546961325965,-10.790497237569062,-10.02720994475138,-6.22707182320442,-8.59450276243094,16.99,18.28,12.34,19.69,16.52,19.21,-38.69,-42.1,-40.58,-36.95,-42.26,-36.54,48,38,59,50,28,51,2670.45,2364.58,2923.9,2636.44,2013.29,2488.1,0.5005524861878453,0.4838674033149171,0.7030939226519337,0.5353591160220994,0.3950828729281768,0.7486187845303868,6.07,10.2,8.87,9.05,9.3,9.27,0,0,0,0,0,0,90.6,87.58,127.26,96.9,71.51,135.5,89.51000000000002,82.39,86.88999999999999,82.73,80.11999999999999,143.95000000000002,216.0879005524862,230.84116022099448,210.58850828729283,211.12563535911602,268.3224861878453,253.58834254143648,38,65,50,36,63,54
LU4,LU4_W19_24,LU4_2024,160.4,-8.843165745856354,17.098,-39.734,46.2,2511.99,0.5953259668508287,8.22,0,107.754,95.872,229.06514917127072,53.6,307,305,320,306,305,328,120,120,120,113,120,120,40.867292817679555,30.82121546961326,55.40635359116022,16.88596685082873,31.154364640883976,75.64154696132597,80.66,48.95,97.31,39.4,65.86,132.63,179,181,166,151,146,158,-9.918093922651934,-8.050165745856354,-10.920165745856353,-10.141022099447515,-6.374171270718232,-8.730303867403315,16.85,18.08,12.45,19.58,16.23,19.15,-38.71,-42.13,-40.92,-36.92,-42.23,-36.47,48,39,61,50,28,53,2693.55,2386.4,2955.92,2664.45,2039.91,2513.27,0.5169060773480663,0.40674033149171274,0.7965193370165746,0.575303867403315,0.4185082872928177,0.7795580110497238,6.09,4.85,9.71,8.44,9.68,8.42,0,0,0,0,0,0,93.56,73.62,144.17000000000002,104.13,75.75,141.1,93.57,65.56,101.37,80.77,87.63,144.03000000000003,215.68729281767955,207.8185635359116,212.19696132596684,206.3886187845304,267.5832044198895,251.33839779005524,37,66,51,37,60,54
LU4,LU4_Y25_24,LU4_2024,161.2,-8.79207182320442,17.009999999999998,-39.734,45.4,2494.578,0.576110497237569,10.032,0,104.276,97.52,235.55286187845303,53.4,307,305,320,306,305,328,120,120,120,114,120,120,37.119723756906076,37.24734806629834,46.611933701657456,17.68220994475138,30.207348066298344,77.22403314917128,75.2,64.58,82.18,38.79,64.27,136.58,179,181,166,154,147,158,-9.843011049723756,-7.97,-10.870193370165746,-10.106160220994475,-6.32975138121547,-8.68425414364641,16.88,18.3,12.17,19.46,16.13,18.99,-38.72,-42.1,-40.89,-37.06,-42.17,-36.45,47,38,59,50,28,52,2677.34,2372.11,2936.77,2642.9900000000002,2024.22,2496.8,0.5046961325966851,0.4721546961325967,0.6623756906077348,0.5438121546961326,0.40740331491712706,0.7948066298342541,6.62,11.14,9.85,9.75,9.53,9.89,0,0,0,0,0,0,91.35,85.46,119.89,98.43,73.74,143.85999999999999,88.44,83.64,86.38000000000001,82.89999999999999,86.13999999999999,148.54000000000002,216.83933701657458,231.22701657458563,209.52878453038673,212.29381215469613,270.11149171270716,254.6032044198895,37,64,51,35,63,54
LU8,LU8_AB29_24,LU8_2024,163.2,-9.775055248618784,18.844,-40.318,55.6,2764.622,0.40572375690607737,5.286,0,73.436,65.71,193.53152486187844,49.8,305,305,317,306,305,326,120,120,120,109,113,120,44.491270718232045,35.853867403314915,45.885027624309394,13.870386740331492,15.421767955801105,44.424309392265194,85.64,54.45,81.22,28.02,33.45,78.8,181,181,169,169,137,160,-10.875552486187845,-9.496160220994476,-11.705276243093923,-10.661712707182321,-7.355193370165746,-9.656933701657458,19.21,18.28,13.25,21.93,19.22,21.54,-37.95,-43.06,-39.49,-37.41,-43.4,-38.23,53,55,74,57,34,58,2936.65,2723.77,3144.36,2912.07,2332.54,2710.37,0.44491712707182324,0.42939226519337015,0.6040883977900553,0.334585635359116,0.26353591160220996,0.3970165745856354,4.33,6.05,3.42,4.59,7.21,5.16,0,0,0,0,0,0,80.53,77.72,109.34,60.56,47.7,71.86,92.3,62.48999999999999,88.21,54.92,40.720000000000006,82.21000000000001,189.26441988950276,183.36276243093923,194.08303867403316,168.2195580110497,220.3677900552486,201.62447513812154,44,67,45,32,57,48
LU8,LU8_AB31_24,LU8_2024,163.2,-9.723116022099447,18.848,-40.263999999999996,55.6,2755.618,0.4084088397790055,5.32,0,73.922,66.106,194.33866298342542,50.6,305,305,317,306,305,326,120,120,120,109,113,120,44.21104972375691,36.237513812154695,46.36033149171271,13.889005524861878,15.000773480662984,44.6060773480663,85.18,55.28,81.99,28.39,32.86,79.24,181,181,169,169,137,160,-10.828397790055249,-9.43049723756906,-11.65317679558011,-10.625801104972375,-7.312707182320442,-9.59339779005525,19.24,18.35,13.26,21.87,19.19,21.57,-37.97,-43.04,-39.47,-37.29,-43.37,-38.15,53,55,74,57,34,58,2928.76,2712.69,3136.56,2905.11,2324.81,2698.92,0.44502762430939224,0.43298342541436463,0.6096685082872928,0.3351381215469613,0.264585635359116,0.39966850828729283,4.38,6.04,3.48,4.65,7.3,5.13,0,0,0,0,0,0,80.55,78.37,110.35,60.660000000000004,47.89,72.34,91.910000000000025,63.24,89.13999999999999,55.16,40.17,82.82000000000001,189.77005524861877,184.78729281767957,194.8161325966851,168.3197237569061,221.0578453038674,202.71232044198896,44,69,46,33,57,48
LU8,LU8_AC24_24,LU8_2024,162.6,-9.799486187845304,18.962,-40.388,55.8,2768.022,0.3927182320441989,5.242,0,71.082,63.535999999999994,192.5226408839779,49.2,305,305,317,306,305,326,120,120,120,108,111,120,43.688618784530384,34.25883977900553,44.60005524861879,13.450220994475139,14.087016574585634,42.90204419889503,84.16,51.47,79.24,27.89,30.9,76.5,181,181,169,168,135,160,-10.896491712707183,-9.51707182320442,-11.730939226519338,-10.667292817679558,-7.375027624309392,-9.707099447513812,19.3,18.34,13.36,22.1,19.38,21.63,-37.77,-42.96,-39.56,-37.54,-43.47,-38.41,53,56,75,56,34,58,2938.45,2725.15,3146.77,2912.46,2335.53,2720.2,0.4346961325966851,0.41226519337016576,0.5846408839779006,0.3311049723756906,0.2549723756906077,0.38060773480662985,4.22,6.06,3.4,4.52,7.04,5.19,0,0,0,0,0,0,78.67999999999999,74.62,105.82,59.93,46.15,68.89,91.07000000000001,60.21999999999999,85.00999999999998,54.2,38.239999999999995,80.00999999999999,188.9281767955801,181.50303867403315,193.29160220994476,168.46696132596685,219.05370165745856,200.2979005524862,44,68,44,31,55,48
LU8,LU8_AC25_24,LU8_2024,162.8,-9.804950276243094,18.898,-40.382,55.6,2769.448,0.396939226519337,5.26,0,71.846,64.252,192.72309392265194,49.2,305,305,317,306,305,326,120,120,120,108,112,120,44.32204419889503,34.959779005524865,44.62011049723757,13.494972375690608,14.777624309392266,43.53966850828729,85.29,52.67,79.28,27.2,32.16,77.39,181,181,169,168,136,160,-10.904226519337017,-9.529889502762432,-11.737596685082872,-10.676160220994475,-7.378093922651933,-9.703011049723758,19.25,18.28,13.3,22.02,19.31,21.58,-37.84,-43.03,-39.54,-37.52,-43.45,-38.37,53,55,75,56,34,58,2940.56,2728.51,3148.78,2914.39,2336.45,2719.11,0.4404972375690608,0.4190055248618785,0.5920994475138122,0.3276795580110497,0.2579005524861879,0.3880110497237569,4.25,6.08,3.4,4.55,7.09,5.18,0,0,0,0,0,0,79.73,75.84,107.17,59.31,46.68,70.23,92.07000000000001,61.129999999999995,86.28,53.589999999999996,39.44,80.82000000000001,188.96519337016574,181.95226519337015,193.38403314917127,168.23298342541437,219.4253591160221,200.62082872928175,44,67,44,31,56,48
LU8,LU8_AC28_24,LU8_2024,163.2,-9.781337016574586,18.846,-40.336,55.8,2765.608,0.4041988950276243,5.282,0,73.16,65.4,193.36832044198894,49.6,305,305,317,306,305,326,120,120,120,109,113,120,44.20828729281768,35.83988950276243,45.73165745856353,13.841325966850828,15.22878453038674,44.06779005524862,85.19,54.5,80.9,27.94,33.09,78.22,181,181,169,169,137,160,-10.881629834254143,-9.49988950276243,-11.716022099447514,-10.668397790055248,-7.359060773480663,-9.663314917127071,19.22,18.28,13.26,21.9,19.23,21.56,-37.92,-43.07,-39.51,-37.4,-43.42,-38.28,53,55,75,57,34,58,2937.33,2724.16,3146.65,2912.53,2333.19,2711.51,0.44248618784530386,0.42889502762430937,0.6035911602209945,0.33248618784530387,0.2616574585635359,0.3943646408839779,4.32,6.01,3.43,4.62,7.19,5.16,0,0,0,0,0,0,80.09,77.63,109.25,60.18,47.36,71.38,91.94,62.26999999999999,88.02000000000001,54.7,40.35,81.66,189.23005524861878,183.4097237569061,193.7981215469613,168.14414364640885,220.09270718232045,201.39690607734806,44,67,44,32,57,48
LU8,LU8_AC29_24,LU8_2024,162.6,-9.660121546961326,19.022,-40.26,55.2,2743.954,0.3954917127071823,5.292,0,71.584,63.745999999999995,194.4100220994475,50.4,305,305,317,306,305,326,120,120,120,108,111,120,42.29950276243094,34.74309392265194,44.429337016574586,13.536243093922652,13.706132596685084,42.241270718232045,81.8,52.81,79.09,27.13,30.47,75.57,181,181,169,168,135,160,-10.754171270718231,-9.357955801104973,-11.591574585635358,-10.559171270718233,-7.246519337016575,-9.545386740331491,19.41,18.49,13.43,22.06,19.39,21.74,-37.77,-42.88,-39.5,-37.36,-43.33,-38.23,53,54,74,56,34,58,2912.87,2697.03,3123.92,2892.87,2314.06,2691.89,0.4294475138121547,0.42,0.5946961325966851,0.32558011049723756,0.25729281767955803,0.37988950276243094,4.35,6.01,3.41,4.64,7.25,5.15,0,0,0,0,0,0,77.73,76.02,107.64,58.93,46.57,68.76,89.16,61.27,86.44999999999999,53.7,37.95,79.35999999999999,190.4528729281768,184.50049723756905,195.2313812154696,169.5363535911602,220.5417127071823,202.24016574585636,44,69,48,31,55,49
LU8,LU8_AC30_24,LU8_2024,163,-9.712314917127072,18.898,-40.276,55.6,2753.448,0.40374585635359117,5.308,0,73.078,65.246,194.20349171270718,50.2,305,305,317,306,305,326,120,120,120,109,112,120,43.57027624309392,35.743425414364644,45.690165745856355,13.756298342541436,14.500276243093923,43.85353591160221,84.06,54.46,80.95,27.96,31.92,78.08,181,181,169,169,136,160,-10.808701657458563,-9.41682320441989,-11.64439226519337,-10.612430939226519,-7.3004696132596685,-9.587458563535911,19.29,18.39,13.31,21.92,19.25,21.62,-37.9,-43,-39.49,-37.32,-43.37,-38.2,53,55,74,57,34,58,2924.09,2709.2400000000002,3134.5,2902.37,2322.86,2698.27,0.4396132596685083,0.42867403314917124,0.6043093922651934,0.33121546961325965,0.26121546961325964,0.39331491712707184,4.36,6.02,3.46,4.65,7.27,5.14,0,0,0,0,0,0,79.57000000000001,77.59,109.38,59.95,47.28,71.19,91.05000000000001,62.550000000000004,88.17,54.56,39.24,81.71,190.0203314917127,184.57093922651933,194.76342541436463,168.52475138121548,220.70552486187844,202.45281767955802,44,69,46,32,56,48
LU8,LU8_AC31_24,LU8_2024,163,-9.689734806629835,18.89,-40.254,55.6,2749.588,0.4045082872928177,5.326,0,73.21600000000001,65.354,194.4824640883978,50.4,305,305,317,306,305,326,120,120,120,109,112,120,43.59585635359116,35.88900552486188,45.94082872928177,13.727237569060774,14.438011049723757,43.627955801104974,84.11,54.72,81.4,28.16,31.81,77.8,181,181,169,169,136,160,-10.795911602209944,-9.388232044198896,-11.62110497237569,-10.595469613259668,-7.286491712707182,-9.557375690607735,19.3,18.41,13.32,21.89,19.2,21.63,-37.92,-43,-39.48,-37.28,-43.35,-38.16,53,55,74,57,34,58,2922.37,2704.71,3131.15,2899.32,2320.16,2692.6,0.4403867403314917,0.43044198895027624,0.6054696132596685,0.3350828729281768,0.26,0.39154696132596684,4.38,6.05,3.48,4.68,7.27,5.15,0,0,0,0,0,0,79.71,77.91,109.59,60.65,47.06,70.87,91.06999999999998,62.93000000000001,88.60000000000001,54.63,39.1,81.51,190.09977900552485,185.1142541436464,195.09193370165747,168.54878453038674,220.71088397790055,202.9464640883978,44,69,46,33,56,48
LU8,LU8_AD27_24,LU8_2024,162.8,-9.770690607734807,18.944,-40.37,55.6,2763.286,0.39409944751381215,5.26,0,71.332,63.716,193.16739226519337,49.6,305,305,317,306,305,326,120,120,120,108,112,120,43.54624309392265,34.752983425414364,44.27149171270718,13.450552486187846,14.324585635359115,42.85734806629834,83.96,52.49,78.73,27,31.36,76.34,181,181,169,168,136,160,-10.868342541436464,-9.487209944751381,-11.706243093922652,-10.646933701657458,-7.34439226519337,-9.668674033149172,19.31,18.34,13.35,22.03,19.36,21.64,-37.79,-42.99,-39.55,-37.49,-43.44,-38.38,53,55,75,56,34,58,2933.5,2720.31,3143.44,2908.57,2330.84,2713.27,0.4353591160220994,0.41718232044198894,0.5902209944751381,0.32469613259668506,0.25574585635359115,0.38265193370165745,4.26,6.04,3.4,4.59,7.1,5.17,0,0,0,0,0,0,78.8,75.51,106.83,58.769999999999996,46.29,69.26,90.94,60.72,85.93,53.35,38.690000000000005,79.88999999999999,189.45154696132596,182.692817679558,193.79591160220994,168.7439779005525,219.6993370165746,200.90491712707183,44,69,44,31,56,48
LU8,LU8_AD28_24,LU8_2024,163.2,-9.814839779005524,18.808,-40.37,56,2771.554,0.404585635359116,5.274,0,73.23,65.524,193.17272928176797,49.6,305,305,317,306,305,326,120,120,120,109,113,120,44.88972375690608,35.94850828729282,45.82806629834254,13.858839779005525,15.395801104972376,44.29961325966851,86.34,54.63,80.99,27.99,33.33,78.54,181,181,169,169,137,160,-10.916685082872927,-9.538508287292817,-11.752016574585635,-10.69767955801105,-7.386933701657458,-9.699060773480664,19.19,18.23,13.22,21.86,19.21,21.52,-37.94,-43.12,-39.53,-37.42,-43.45,-38.33,53,55,75,57,35,58,2943.72,2731.4,3153.06,2917.59,2338.1,2717.62,0.44751381215469616,0.4296132596685083,0.6035911602209945,0.33298342541436465,0.2614917127071823,0.3952486187845304,4.29,6.01,3.43,4.62,7.15,5.16,0,0,0,0,0,0,81,77.76,109.25,60.27,47.33,71.54,92.97,62.38000000000001,88.05000000000001,54.73,40.56999999999999,81.89,189.06767955801104,183.22635359116023,193.50022099447514,168.0145856353591,219.97237569060775,201.15011049723756,44,67,44,32,57,48
LU8,LU8_AD29_24,LU8_2024,163.2,-9.797160220994474,18.822,-40.354,55.8,2768.39,0.4045303867403315,5.282,0,73.22,65.5,193.32039779005524,49.6,305,305,317,306,305,326,120,120,120,109,113,120,44.37961325966851,35.95082872928177,45.82674033149171,13.876022099447514,15.310110497237568,44.161988950276246,85.51,54.67,81.02,28,33.21,78.34,181,181,169,169,137,160,-10.897762430939226,-9.516657458563536,-11.734171270718232,-10.684116022099447,-7.372790055248619,-9.678066298342541,19.21,18.26,13.24,21.86,19.21,21.54,-37.93,-43.11,-39.52,-37.39,-43.44,-38.31,53,55,75,57,34,58,2940.28,2727.42,3150.25,2914.93,2335.49,2713.86,0.44353591160220995,0.43,0.6039779005524862,0.33265193370165747,0.2614917127071823,0.3945303867403315,4.3,6.02,3.44,4.62,7.18,5.15,0,0,0,0,0,0,80.28,77.83,109.32,60.21,47.33,71.41,92.22,62.41,88.13,54.77,40.44,81.75,189.1932044198895,183.46005524861877,193.66232044198895,168.09629834254144,220.03972375690608,201.343591160221,44,67,44,32,57,48
LU8,LU8_AE29_24,LU8_2024,159.8,-9.498596685082873,19.336,-40.218,54.2,2714.648,0.3747513812154696,5.284,0,67.83,59.878,195.80323756906077,49.4,305,305,317,306,305,326,120,120,120,107,105,120,38.50348066298343,31.88375690607735,41.0167955801105,12.625911602209944,11.879668508287294,38.56806629834254,75.02,48.09,74.34,25.68,27.02,69.51,181,181,169,167,122,160,-10.582541436464089,-9.161823204419889,-11.434696132596684,-10.402734806629834,-7.096629834254144,-9.397099447513812,19.76,18.81,13.77,22.34,19.69,22.07,-37.41,-42.59,-39.57,-37.36,-43.23,-38.34,51,53,73,55,33,57,2878.47,2657.96,3095.0099999999998,2863.92,2288.74,2667.61,0.4016022099447514,0.3991160220994475,0.5679558011049723,0.3084530386740331,0.24646408839779005,0.351767955801105,4.31,6.04,3.41,4.64,7.19,5.14,0,0,0,0,0,0,72.69,72.24,102.8,55.83,44.61,63.67,83.55,57.8,81.97,50.81,34.87,73.94,192.61696132596686,185.45353591160222,196.84624309392265,171.71657458563536,222.28,202.71983425414365,43,71,47,30,48,51
LU8,LU8_M19_24,LU8_2024,170.6,-10.736403314917126,17.422,-41.122,60.6,2947.176,0.5464088397790056,5.768,0,98.9,92.244,189.41003314917128,49.2,305,305,314,305,305,322,120,120,120,116,120,120,68.36116022099448,53.21812154696133,66.19917127071824,19.90939226519337,34.921988950276244,67.90298342541436,127.48,82.15,109.55,41.72,64.06,114.31,181,181,172,177,159,164,-11.90243093922652,-10.686298342541436,-12.65621546961326,-11.532513812154695,-8.267983425414364,-10.539005524861878,17.28,16.36,12.58,20.58,17.57,20.02,-39.83,-44.68,-39.24,-39.03,-44.52,-38.14,64,62,81,62,39,59,3154.81,2964.14,3323.96,3084.79,2499.78,2863.21,0.6295580110497238,0.59,0.7566850828729281,0.4395027624309392,0.3620994475138122,0.5837569060773481,5.51,6.14,4.67,4.48,7.12,6.43,0,0,0,0,0,0,113.95,106.79,136.96,79.55,65.54,105.66,128.69,84.73000000000002,116.21999999999998,72.79,71.95,115.53,179.13,180.84243093922652,184.99060773480664,159.7885635359116,219.27132596685084,202.15723756906078,38,61,41,35,65,44
LU8,LU8_N18_24,LU8_2024,170.6,-10.788171270718232,17.366,-41.162,60.8,2956.2360000000003,0.5520662983425414,5.798,0,99.924,92.928,188.74544751381217,48.6,305,305,314,305,305,322,120,120,120,116,120,120,69.92723756906078,54.740828729281766,66.263591160221,20.070441988950275,35.692486187845304,67.32607734806629,129.96,84.09,109.41,41.66,64.74,113.54,181,181,172,177,159,164,-11.952513812154697,-10.746850828729281,-12.708232044198896,-11.579530386740332,-8.304116022099448,-10.602127071823205,17.25,16.29,12.51,20.52,17.59,19.92,-39.84,-44.74,-39.27,-39.09,-44.5,-38.21,65,62,81,62,39,60,3163.9,2974.8,3332.94,3092.86,2506.09,2874.4900000000002,0.6304972375690607,0.6065745856353592,0.7648618784530387,0.43955801104972375,0.35585635359116025,0.5934806629834254,5.48,6.16,4.9,4.5,6.99,6.44,0,0,0,0,0,0,114.12,109.79,138.44,79.56,64.41,107.42,131.13000000000002,87.35999999999999,117.25999999999999,72.82,72.52999999999999,114.67000000000002,178.5646408839779,181.03193370165747,184.29237569060774,159.42375690607736,217.62055248618785,201.3586187845304,38,60,40,35,65,43
LU8,LU8_N19_24,LU8_2024,170.6,-10.762497237569061,17.394,-41.14,60.8,2951.7599999999998,0.5509723756906078,5.816,0,99.726,92.97800000000001,189.33711602209945,49,305,305,314,305,305,322,120,120,120,116,120,120,69.85044198895028,54.157845303867404,66.19961325966851,19.98635359116022,35.28889502762431,68.06723756906078,129.82,83.21,109.38,41.62,64.64,114.65,181,181,172,177,159,164,-11.927348066298343,-10.716546961325967,-12.682569060773481,-11.55596685082873,-8.286381215469614,-10.571022099447514,17.26,16.33,12.54,20.55,17.58,19.97,-39.84,-44.71,-39.25,-39.06,-44.51,-38.17,65,62,81,62,39,60,3159.2599999999998,2969.41,3328.6,3088.91,2503.01,2868.87,0.6303867403314917,0.6062983425414364,0.7596132596685082,0.43939226519337016,0.3624309392265193,0.5871270718232044,5.49,6.18,4.89,4.48,7.07,6.46,0,0,0,0,0,0,114.1,109.74,137.49,79.53,65.6,106.27,131.01999999999998,87.32000000000001,116.5,72.74,72.51,115.82000000000001,178.87204419889503,181.1675138121547,184.63193370165746,159.6450276243094,219.28939226519336,201.9517127071823,38,61,40,35,65,44
LU8,LU8_N20_24,LU8_2024,169.8,-10.64493370165746,17.564,-41.038,60.2,2929.332,0.5309281767955801,5.676,0,96.098,89.388,189.75650828729283,49.4,305,305,317,305,305,322,120,120,120,115,120,120,65.97718232044198,49.61939226519337,63.624198895027625,19.354475138121547,33.103149171270715,65.75160220994475,123.12,76.54,107.05,40.71,61.27,110.85,181,181,169,176,159,164,-11.808729281767956,-10.574944751381215,-12.563922651933702,-11.448756906077348,-8.181850828729281,-10.455193370165746,17.46,16.56,12.58,20.74,17.75,20.19,-39.64,-44.5,-39.26,-38.9,-44.38,-38.15,65,61,81,62,38,59,3134.14,2940.85,3305.99,3068,2483.21,2848.61,0.6096685082872928,0.567292817679558,0.7400552486187846,0.43116022099447515,0.35209944751381217,0.5640331491712707,5.33,6.12,4.39,4.5,7.07,6.3,0,0,0,0,0,0,110.35,102.68,133.95,78.04,63.730000000000004,102.09,124.7,82.04000000000002,112.36999999999999,71.25,68.98,112.3,179.98414364640885,180.85513812154696,186.06022099447515,160.60546961325966,219.09060773480664,202.1711049723757,38,63,41,34,65,44
LU8,LU8_O20_24,LU8_2024,169.6,-10.54528729281768,17.718,-40.946,59,2909.71,0.5128397790055249,5.582,0,92.824,86.094,190.00614364640884,49.4,305,305,317,305,305,322,120,120,120,114,120,120,62.96795580110497,47.71729281767956,61.3178453038674,18.537790055248617,30.635580110497237,63.11690607734806,117.9,73.54,103.67,39.24,57.4,106.8,181,181,169,175,159,164,-11.70425414364641,-10.451436464088397,-12.46353591160221,-11.358259668508287,-8.084944751381215,-10.368259668508287,17.68,16.78,12.57,20.92,17.96,20.36,-39.41,-44.3,-39.3,-38.73,-44.22,-38.18,65,60,79,61,36,59,3110.86,2914.89,3286.25,3049.35,2464.6,2833.46,0.586353591160221,0.5466298342541437,0.7205524861878453,0.41839779005524863,0.33895027624309393,0.5396685082872928,5.11,6.12,4.12,4.49,7.07,6.11,0,0,0,0,0,0,106.13,98.94,130.42,75.73,61.35,97.68,119.96,79.05000000000001,108.91,69.03,64.98,108.49999999999999,180.81082872928178,181.1389502762431,187.12,161.2610497237569,218.4839226519337,202.0267955801105,37,64,40,34,65,44
LU8,LU8_S24_24,LU8_2024,164.4,-10.042453038674033,18.462,-40.472,56.6,2814.06,0.44310497237569063,5.332,0,80.202,72.44,192.3342099447514,50.6,305,305,317,306,305,327,120,120,120,112,117,120,51.41237569060773,39.755580110497235,51.62624309392265,14.95779005524862,19.288950276243092,51.01613259668508,97.5,60.44,89.69,32.56,39.98,89.53,181,181,169,172,141,159,-11.167900552486188,-9.838591160220995,-11.955276243093923,-10.904060773480662,-7.620939226519337,-9.893397790055248,18.65,17.79,12.83,21.7,18.77,21.22,-38.49,-43.41,-39.38,-37.8,-43.6,-38.17,57,56,76,57,35,59,2997.41,2791.16,3189.17,2959.64,2378.86,2751.47,0.4966850828729282,0.46552486187845304,0.6446408839779005,0.3674033149171271,0.29011049723756904,0.44784530386740334,4.31,6.19,3.54,4.42,7.11,5.4,0,0,0,0,0,0,89.9,84.26,116.67999999999999,66.5,52.51,81.06,102.23,67.92999999999999,95.04,60.38,46.72,92.13000000000001,186.1896132596685,182.10453038674032,192.24944751381216,165.1320994475138,219.71944751381216,202.46552486187846,45,66,44,35,58,50
LU8,LU8_S25_24,LU8_2024,164.4,-10.030812154696132,18.464,-40.464,56.6,2812.08,0.44408839779005527,5.33,0,80.38,72.608,192.5523093922652,50.6,305,305,317,306,305,327,120,120,120,112,117,120,51.417513812154695,39.86198895027624,51.78243093922652,15.014585635359117,19.32635359116022,51.040165745856356,97.51,60.63,89.95,32.69,40.11,89.59,181,181,169,172,141,159,-11.155303867403315,-9.823397790055248,-11.945165745856354,-10.895193370165746,-7.611436464088398,-9.878867403314917,18.66,17.81,12.83,21.7,18.76,21.22,-38.5,-43.41,-39.37,-37.8,-43.59,-38.15,57,56,76,57,35,59,2995.2,2788.55,3187.65,2958.23,2377.13,2748.84,0.4974033149171271,0.46640883977900555,0.6461878453038674,0.36856353591160224,0.29082872928176795,0.44845303867403313,4.33,6.2,3.54,4.44,7.14,5.33,0,0,0,0,0,0,90.03,84.42,116.96000000000001,66.71,52.64,81.17,102.26,68.08999999999999,95.29,60.58,46.89,92.19,186.3702762430939,182.43342541436465,192.38425414364642,165.2564640883978,219.98165745856355,202.7057458563536,46,66,44,35,58,50
LU8,LU8_T25_24,LU8_2024,164.2,-10.0286408839779,18.496,-40.461999999999996,56.6,2811.262,0.43920441988950276,5.314,0,79.496,71.49799999999999,192.33167955801105,50.4,305,305,317,306,305,327,120,120,120,112,116,120,50.86651933701658,39.3382320441989,50.47348066298343,14.645027624309392,18.8760773480663,50.432099447513814,96.56,59.76,87.96,31.25,39.31,88.61,181,181,169,172,140,159,-11.150745856353591,-9.8192817679558,-11.942541436464088,-10.890773480662983,-7.606933701657459,-9.883674033149171,18.7,17.83,12.87,21.73,18.81,21.24,-38.44,-43.38,-39.4,-37.76,-43.58,-38.19,57,56,76,57,35,59,2993.35,2787,3186.62,2956.82,2376.13,2749.74,0.49204419889502765,0.4611602209944751,0.6397790055248619,0.3650828729281768,0.28734806629834253,0.44265193370165745,4.3,6.18,3.53,4.42,7.1,5.34,0,0,0,0,0,0,89.06,83.47,115.8,66.08,52.01,80.12,101.44,67.34,93.86999999999998,58.96,46.07,91.25,186.38093922651933,181.98806629834255,192.32226519337016,165.31618784530386,219.75806629834256,202.27381215469615,46,66,44,35,57,50
LU9,LU9_100,LU9_2023,163.8,-8.433574585635359,19.046,-40.402,43.8,2495.916,0.5212375690607735,6.952,0,94.344,83.91000000000001,224.41950276243094,56.4,308,305,305,313,311,305,120,120,120,120,113,99,24.9721546961326,48.184530386740335,42.500055248618786,49.57734806629834,15.626408839779005,9.447016574585636,49.04,86.45,66.92,88.06,33.36,28.42,167,181,181,173,168,116,-8.923618784530387,-9.29132596685083,-7.794585635359116,-10.177790055248618,-9.417265193370167,-5.486906077348066,17.76,18.15,19.58,15.84,21.99,19.67,-39.97,-37.99,-41.53,-39.94,-37.54,-45.01,53,46,40,58,50,25,2547.56,2630.76,2361.37,2851.61,2662.75,1973.09,0.4818232044198895,0.47049723756906076,0.6880110497237569,0.7229281767955801,0.4739779005524862,0.25077348066298344,7,6.08,6.54,8.98,5.25,7.91,0,0,0,0,0,0,87.21,85.16,124.53,130.85,85.79,45.39,57.16,98.82,109.07000000000002,99.79,67.92,43.95,203.05911602209946,212.9639226519337,240.15850828729282,219.71049723756906,198.1353591160221,251.129226519337,47,54,73,56,51,48
LU9,LU9_102,LU9_2023,161.8,-8.138408839779006,19.362,-40.098,42,2458.506,0.5094364640883978,6.752,0,92.208,82.104,226.45067403314917,59.2,308,307,305,313,311,305,120,120,120,120,112,97,24.605027624309393,49.81651933701657,36.048563535911605,44.91497237569061,13.623701657458563,7.980165745856354,48.17,91.31,55.61,82.76,31.39,25.23,166,179,179,173,164,114,-8.594944751381215,-8.96513812154696,-7.523729281767956,-9.746795580110497,-9.08378453038674,-5.372596685082873,17.78,18.06,19.91,16.53,22.77,19.54,-39.01,-37.92,-40.85,-39.45,-37.42,-44.85,51,46,36,53,50,25,2502,2589.61,2329.2,2772.93,2630.6,1970.19,0.5250828729281768,0.5276243093922652,0.6771270718232044,0.6741988950276243,0.4221546961325967,0.24607734806629833,6.97,6.38,5.87,9.31,4.44,7.76,0,0,0,0,0,0,95.04,95.5,122.56,122.03,76.41,44.54,66.82000000000001,109.42000000000002,107.63,93.65,58.92,40.9,207.71187845303868,218.14983425414366,239.16983425414364,225.91022099447514,199.43403314917128,249.58944751381216,47,57,75,61,56,47
LU9,LU9_106,LU9_2023,165,-8.471569060773481,19.062,-40.462,43.8,2504.89,0.5290718232044199,7.048,0,95.762,85.176,224.37024309392265,56.6,308,305,305,313,305,305,120,120,120,120,113,99,25.934143646408838,49.42795580110497,43.72419889502763,51.33563535911602,16.251160220994475,9.870276243093922,50.74,88.06,69.21,90.74,33.45,28.85,167,181,181,173,174,116,-8.961077348066299,-9.326546961325967,-7.836353591160221,-10.224005524861878,-9.450110497237569,-5.520828729281768,17.7,18.17,19.63,15.85,21.94,19.72,-40.07,-38.02,-41.54,-40,-37.59,-45.16,53,46,40,58,50,25,2557.07,2639.12,2371.47,2861.67,2669.81,1982.38,0.48679558011049723,0.47519337016574587,0.7039226519337016,0.7330939226519337,0.4785635359116022,0.254585635359116,6.9,6.1,6.69,9.06,5.38,8.01,0,0,0,0,0,0,88.11,86.01,127.41,132.69,86.62,46.08,57.92,100.02000000000002,111.47,100.92999999999999,68.42,45.04,203.34745856353592,212.32276243093924,240.74055248618785,219.28160220994477,198.00127071823204,251.5050276243094,47,54,73,55,53,48
LU9,LU9_112,LU9_2023,165,-8.563635359116022,19.02,-40.572,44.4,2521.38,0.5286740331491713,7.098,0,95.69,85.518,222.11861878453038,56,308,305,305,313,305,305,120,120,120,120,112,100,26.69939226519337,50.5732044198895,43.392375690607736,53.61790055248619,16.03646408839779,10.565303867403316,51.94,90.34,67.65,94.67,33.67,29.64,168,181,181,173,173,117,-9.077044198895027,-9.440662983425414,-7.928011049723757,-10.346685082872929,-9.534696132596686,-5.568121546961326,17.74,18.22,19.56,15.75,21.77,19.8,-40.39,-38.2,-41.72,-40.07,-37.6,-45.27,53,47,40,60,50,25,2578.44,2662.65,2388.38,2886.56,2680.17,1989.14,0.5206629834254144,0.4908839779005525,0.6795027624309392,0.7500552486187845,0.4599447513812155,0.26298342541436465,6.81,6.06,6.85,8.6,5.5,8.48,0,0,0,0,0,0,94.24,88.85,122.99,135.76,83.25,47.6,58.339999999999996,101.39,107.56,102.97000000000001,68.84,46.83,206.05602209944752,210.91961325966852,236.80309392265193,217.42950276243093,192.7043093922652,252.73657458563537,47,53,73,54,52,48
LU9,LU9_113,LU9_2023,165.2,-8.584397790055249,18.998,-40.606,44.4,2523.888,0.5281988950276243,7.136,0,95.604,86.458,223.57177900552486,56.4,308,305,305,316,305,305,120,120,120,120,114,102,26.964088397790054,49.03049723756906,42.245027624309394,52.31232044198895,17.861104972375692,12.865082872928177,52.31,87.94,66.53,92.86,37.85,33.55,168,181,181,170,175,119,-9.10146408839779,-9.466961325966851,-7.944281767955801,-10.374613259668509,-9.5557182320442,-5.580414364640884,17.76,18.22,19.52,15.71,21.71,19.83,-40.47,-38.23,-41.78,-40.1,-37.62,-45.3,53,47,40,60,50,25,2581.13,2666.49,2389.46,2891.54,2681.2,1990.75,0.526353591160221,0.4919337016574586,0.6721546961325967,0.7160773480662983,0.4970718232044199,0.2637569060773481,6.85,6.03,6.87,8.41,5.64,8.73,0,0,0,0,0,0,95.27,89.04,121.66,129.61,89.97,47.74,59.02,98.89999999999999,106.39999999999998,100.45,75.43,51.11,206.48795580110496,210.48281767955802,237.91883977900554,215.09121546961325,198.5367955801105,255.82922651933703,47,53,73,54,53,49
LU9,LU9_12,LU9_2023,160.2,-7.821502762430939,19.27,-39.794,39.8,2382.062,0.4408950276243094,6.366,0,79.80199999999999,69.99,226.4694585635359,57.4,308,307,305,313,309,305,120,120,120,120,110,93,18.634475138121548,37.055359116022096,26.075801104972374,39.00828729281768,12.616132596685082,5.3234806629834255,39.15,71.24,38.41,73.06,28.57,20.64,158,179,178,173,165,106,-8.268756906077348,-8.677707182320441,-7.144558011049724,-9.34353591160221,-8.815414364640883,-5.126298342541436,18.32,18.39,19.31,16.31,23.07,19.27,-38.88,-38,-41,-38.81,-37.48,-43.68,49,45,32,51,47,24,2418.12,2516.03,2235.71,2684.38,2568.66,1905.53,0.4294475138121547,0.4596132596685083,0.5453591160220994,0.5800552486187845,0.39386740331491715,0.22558011049723756,7.37,6.12,4.71,8.37,4.47,8.16,0,0,0,0,0,0,77.73,83.19,98.71,104.99,71.29,40.83,54.6,92.33,86.88999999999999,82.95,55.33,32.45,205.6996685082873,222.9938674033149,234.21408839779005,227.024364640884,197.9218784530387,250.19309392265194,41,55,74,61,56,41
LU9,LU9_13,LU9_2023,161.8,-8.032066298342542,19.092,-39.961999999999996,40.8,2410.334,0.4621878453038674,6.312,0,83.656,73.94,225.81967955801105,54.8,308,307,305,313,309,305,120,120,120,120,112,94,16.581436464088398,37.936243093922656,29.68707182320442,41.37552486187845,14.37232044198895,7.18707182320442,35.94,73.47,43.3,74.96,31.94,24.88,157,179,178,173,167,112,-8.477679558011049,-8.882292817679557,-7.338977900552486,-9.66121546961326,-9.04414364640884,-5.233701657458563,18.2,18.31,19.2,15.96,22.55,19.44,-39.07,-37.83,-41.23,-39.27,-37.36,-44.12,50,45,34,51,48,26,2443.94,2540.46,2256.7,2741.69,2592.45,1920.37,0.4192265193370166,0.4438121546961326,0.5735911602209944,0.6019337016574585,0.4255801104972376,0.2660220994475138,7.59,5.99,5.03,8.37,4.79,7.38,0,0,0,0,0,0,75.88,80.33,103.82000000000001,108.95,77.03,48.15,49.88999999999999,94.75000000000001,90.72,86.17999999999999,60.26,37.79,202.68662983425415,221.46281767955801,234.210773480663,222.92121546961326,199.58077348066297,250.92281767955802,40,50,70,59,52,43
LU9,LU9_18,LU9_2023,160.2,-7.828629834254144,19.278,-39.794000000000004,39.8,2384.476,0.44133701657458563,6.3580000000000005,0,79.882,70.178,226.32110497237568,57.6,308,307,305,313,309,305,120,120,120,120,110,93,18.979392265193372,37.6039226519337,26.15977900552486,39.061546961325966,12.606022099447515,5.316077348066298,40.44,72.15,38.55,73.18,28.56,20.61,159,179,178,173,165,106,-8.279033149171271,-8.685414364640884,-7.155801104972376,-9.35182320441989,-8.818977900552486,-5.131132596685083,18.32,18.39,19.34,16.31,23.08,19.27,-38.89,-37.99,-40.99,-38.81,-37.48,-43.7,49,45,32,51,47,24,2421.7,2518.78,2239.46,2686.63,2570.47,1907.04,0.43767955801104974,0.4619889502762431,0.5449171270718232,0.5795580110497237,0.39430939226519335,0.22591160220994475,7.34,6.13,4.66,8.38,4.47,8.15,0,0,0,0,0,0,79.22,83.62,98.63,104.9,71.37,40.89,56.15,93.05,86.89,83.03000000000002,55.39,32.53,208.2474585635359,222.85265193370165,233.86662983425416,226.86895027624308,197.93441988950275,250.08287292817678,42,56,74,61,56,41
LU9,LU9_21,LU9_2023,160,-7.829265193370166,19.314,-39.79,40.2,2387.366,0.44317127071823204,6.352,0,80.214,70.654,226.4959779005525,57.6,308,307,305,313,309,305,120,120,120,120,109,93,18.8746408839779,37.70756906077348,26.717127071823203,39.12944751381215,12.503922651933701,5.235524861878453,40.23,72.32,39.92,73.42,28.38,20.36,159,179,178,173,164,106,-8.285773480662984,-8.685911602209945,-7.165165745856354,-9.345635359116022,-8.814226519337016,-5.135386740331492,18.33,18.4,19.41,16.36,23.13,19.27,-38.89,-38,-40.96,-38.79,-37.49,-43.71,49,45,33,51,47,25,2426.83,2522.51,2245.38,2687.12,2572.67,1909.15,0.4351381215469613,0.46281767955801106,0.5548618784530387,0.5788950276243093,0.3929281767955801,0.226353591160221,7.29,6.15,4.55,8.4,4.48,8.18,0,0,0,0,0,0,78.76,83.77,100.43,104.78,71.12,40.97,56.129999999999995,93.41,88.91,83.16000000000001,55.29,32.5,207.14723756906076,222.4617679558011,235.37817679558012,226.8818232044199,197.7886187845304,249.96950276243095,42,56,74,61,55,42
LU9,LU9_24,LU9_2023,160.4,-7.939259668508288,19.252,-39.886,40.4,2407.082,0.4612596685082873,6.46,0,83.488,74.744,226.12234254143647,57.6,308,307,305,313,309,305,120,120,120,120,110,93,20.066132596685083,42.560441988950274,29.063867403314916,40.52917127071823,12.849226519337016,6.045469613259669,42.08,79.69,41.78,75.52,29.03,22.25,160,179,178,173,165,107,-8.3857182320442,-8.781132596685083,-7.2785082872928175,-9.497044198895027,-8.93060773480663,-5.209005524861879,18.12,18.25,19.49,16.3,22.91,19.31,-38.89,-37.97,-40.93,-39.06,-37.47,-44,49,45,33,51,48,25,2444.63,2539.63,2265.39,2715.91,2591.33,1923.15,0.4706077348066298,0.47895027624309394,0.5967403314917127,0.5973480662983426,0.4007734806629834,0.23248618784530387,7.32,6.16,4.86,8.66,4.48,8.14,0,0,0,0,0,0,85.18,86.69,108.01,108.12,72.54,42.08,57.87,100.22,96.22999999999999,85.33999999999999,56.790000000000006,35.14,210.83270718232043,221.55475138121548,235.24558011049723,225.91469613259667,198.18099447513814,249.7156906077348,42,54,74,61,56,43
LU9,LU9_27,LU9_2023,162.4,-8.148922651933702,19.05,-40.02,41,2430.326,0.469414364640884,6.386,0,84.964,75.318,224.0864861878453,54.4,308,307,305,313,309,305,120,120,120,120,112,96,16.658839779005525,38.67895027624309,32.170110497237566,42.2239226519337,14.292099447513813,7.946298342541437,35.44,75.48,48.25,74.32,31.02,25.99,157,179,179,173,167,114,-8.615828729281768,-9.011740331491712,-7.459696132596685,-9.820303867403315,-9.156906077348067,-5.295966850828729,18.22,18.34,19.17,15.84,22.34,19.56,-39.19,-37.74,-41.29,-39.39,-37.36,-44.32,51,45,35,51,48,26,2467.44,2562.75,2276.74,2773.76,2607.67,1930.71,0.4341436464088398,0.44386740331491714,0.5992817679558011,0.6120441988950276,0.423646408839779,0.268232044198895,7.55,5.98,5.37,7.94,5.15,7.49,0,0,0,0,0,0,78.58,80.34,108.47,110.78,76.68,48.55,52.199999999999996,95.29,94.58000000000001,85.50999999999999,61.269999999999996,39.94,203.58441988950275,219.28497237569061,236.30889502762432,218.4246408839779,195.43541436464088,250.9785082872928,38,49,70,58,50,45
LU9,LU9_28,LU9_2023,160.2,-7.89839226519337,19.312,-39.848,40.2,2403.906,0.46038674033149174,6.468,0,83.33,74.174,226.23132596685082,58,308,307,305,313,309,305,120,120,120,120,109,93,19.828342541436463,42.259337016574584,28.74756906077348,40.646187845303864,12.534364640883977,5.717679558011049,41.79,79.22,41.59,76.14,28.47,21.35,160,179,178,173,164,107,-8.35046961325967,-8.738701657458563,-7.247762430939226,-9.431160220994474,-8.882154696132597,-5.192182320441989,18.15,18.28,19.56,16.4,23.05,19.27,-38.87,-38,-40.87,-38.96,-37.48,-43.93,49,45,33,51,48,24,2444.43,2537.68,2266.41,2705.1,2587.94,1922.4,0.4616022099447514,0.4932596685082873,0.5866850828729282,0.5967955801104973,0.3934254143646409,0.23176795580110496,7.24,6.21,4.73,8.66,4.53,8.21,0,0,0,0,0,0,83.55,89.28,106.19,108.02,71.21,41.95,57.54,99.46,94.84,85.91,56.18,34.480000000000004,209.6958011049724,221.6932596685083,234.73397790055247,227.22629834254144,197.88160220994476,249.62149171270718,42,56,74,61,55,44
LU9,LU9_29,LU9_2023,160.4,-7.945298342541436,19.26,-39.894,40.2,2409.732,0.46319337016574585,6.492,0,83.838,74.994,226.05881767955802,57.6,308,307,305,313,309,305,120,120,120,120,110,93,20.138121546961326,42.89265193370166,29.242154696132598,40.73602209944751,12.807955801104972,6.079668508287293,42.2,80.14,42.03,75.93,28.97,22.28,160,179,178,173,165,107,-8.39220994475138,-8.782790055248618,-7.288563535911602,-9.502099447513812,-8.93524861878453,-5.217790055248619,18.09,18.23,19.52,16.32,22.91,19.32,-38.87,-37.98,-40.9,-39.07,-37.46,-44.06,49,45,33,51,48,24,2447.56,2542.14,2269.15,2717.44,2593.51,1926.42,0.4707182320441989,0.48408839779005525,0.5976795580110498,0.5991160220994475,0.40171270718232044,0.23337016574585634,7.29,6.18,4.91,8.7,4.5,8.17,0,0,0,0,0,0,85.2,87.62,108.17999999999999,108.44,72.71,42.24,57.96000000000001,100.49,96.47000000000001,85.74,56.9,35.37,210.70403314917127,221.2932044198895,235.09414364640884,226.07580110497238,198.17524861878454,249.6556906077348,42,54,74,61,56,43
LU9,LU9_30,LU9_2023,162,-8.107414364640883,19.14,-40.04,41.2,2436.1620000000003,0.4883314917127072,6.67,0,88.388,78.93799999999999,225.60822099447515,57.8,308,307,305,313,309,305,120,120,120,120,112,95,21.843701657458563,46.62845303867403,31.455138121546963,42.60801104972376,13.439779005524862,7.520165745856354,44.82,85.8,45.93,78.57,30.16,25.32,162,179,178,173,167,113,-8.535524861878454,-8.92939226519337,-7.446243093922652,-9.731077348066298,-9.109696132596685,-5.320662983425414,17.8,18.02,19.58,16.18,22.54,19.38,-38.89,-37.9,-40.92,-39.48,-37.42,-44.48,51,45,35,52,49,25,2469.63,2564.32,2293.06,2760.23,2618.56,1944.64,0.5020994475138122,0.5151933701657458,0.6333701657458564,0.6255801104972376,0.4262430939226519,0.24127071823204418,7.35,6.16,5.61,9.06,4.45,8.07,0,0,0,0,0,0,90.88,93.25,114.64,113.23,77.15,43.67,60.22,105.63,102.12999999999998,88.58999999999999,59.19,39.15,212.1678453038674,220.31419889502763,235.21828729281768,224.37458563535913,198.66127071823203,249.4727624309392,43,54,72,60,57,46
LU9,LU9_31,LU9_2023,161.4,-8.044314917127071,19.176000000000002,-39.974,41,2424.334,0.47445303867403316,6.558,0,85.876,76.08,225.54374585635358,58,308,307,305,313,309,305,120,120,120,120,111,93,20.856850828729282,43.0053591160221,29.776685082872927,41.71911602209945,13.27049723756906,6.8486187845303865,43.19,80.41,43.5,77.17,29.8,24.08,161,179,178,173,166,111,-8.481740331491713,-8.879171270718231,-7.381574585635359,-9.646298342541437,-9.041740331491713,-5.272790055248619,17.95,18.13,19.53,16.2,22.67,19.35,-38.92,-37.9,-40.96,-39.32,-37.43,-44.26,51,45,35,51,49,25,2460.05,2554.57,2281.46,2744,2607.33,1934.31,0.488121546961326,0.5014917127071823,0.6037569060773481,0.6130386740331492,0.41685082872928175,0.23712707182320442,7.34,6.15,5.3,8.86,4.44,8.04,0,0,0,0,0,0,88.35,90.77,109.28,110.96,75.45,42.92,58.87,100.58,96.96000000000001,87.04,58.36,37.459999999999994,210.87900552486187,220.76204419889504,234.88806629834255,224.41801104972376,198.26342541436463,249.38718232044198,42,54,73,61,57,45
LU9,LU9_32,LU9_2023,162,-8.102635359116022,19.128,-40.025999999999996,41,2433.274,0.48262983425414363,6.63,0,87.356,77.464,225.36550276243094,57.6,308,307,305,313,309,305,120,120,120,120,112,95,20.735414364640885,44.18740331491713,30.582817679558012,42.40922651933702,13.534364640883977,7.411823204419889,41.83,82.2,44.42,78.12,30.27,25.19,160,179,178,173,167,113,-8.532762430939226,-8.932762430939226,-7.437265193370166,-9.729861878453038,-9.104944751381215,-5.308342541436464,17.85,18.05,19.54,16.14,22.53,19.38,-38.93,-37.86,-40.98,-39.47,-37.41,-44.41,51,45,35,51,49,25,2467.23,2561.82,2289.14,2759.27,2615.92,1940.22,0.4874585635359116,0.5074585635359116,0.6168508287292818,0.6227624309392266,0.426353591160221,0.23972375690607733,7.38,6.14,5.55,8.98,4.49,7.99,0,0,0,0,0,0,88.23,91.85,111.65,112.72,77.17,43.39,57.37,102.25000000000001,98.96000000000001,88.05000000000001,59.26,38.8,207.6353038674033,220.3946961325967,235.05016574585636,223.76342541436463,198.42044198895027,249.19878453038675,41,54,71,61,56,46
LU9,LU9_33,LU9_2023,162,-8.116812154696133,19.118,-40.034,41.2,2435.214,0.48420994475138124,6.646,0,87.642,77.61599999999999,225.7018453038674,57.4,308,307,305,313,309,305,120,120,120,120,112,95,20.793480662983427,44.21049723756906,30.71414364640884,42.55182320441989,13.628453038674033,7.493756906077348,41.86,82.24,44.65,78.29,30.41,25.36,160,179,178,173,167,113,-8.547486187845303,-8.948370165745857,-7.450524861878453,-9.75085635359116,-9.119475138121548,-5.314834254143646,17.85,18.04,19.54,16.12,22.5,19.39,-38.95,-37.84,-41,-39.5,-37.4,-44.43,51,45,35,52,49,25,2469.34,2563.56,2290.68,2763.23,2617.48,1941.12,0.48845303867403317,0.5081767955801105,0.6187292817679558,0.6246961325966851,0.42955801104972374,0.23988950276243093,7.39,6.12,5.59,8.98,4.59,7.95,0,0,0,0,0,0,88.41,91.98,111.99,113.07,77.75,43.42,57.26,102.23999999999998,99.11999999999998,88.17,59.56,38.989999999999995,207.88171270718232,220.52475138121548,235.5699447513812,223.76867403314918,199.00259668508286,249.64325966850828,41,54,71,60,56,46
LU9,LU9_39,LU9_2023,162.4,-8.13379005524862,19.104,-40.046,41,2433.61,0.4779779005524862,6.386,0,86.514,76.72,225.22567955801105,55.6,308,307,305,313,309,305,120,120,120,120,113,96,17.751381215469614,39.82088397790055,32.54027624309392,43.19635359116022,14.862541436464088,7.76,37.16,76.78,48.82,77.67,32.77,25.76,158,179,178,173,168,114,-8.600801104972376,-8.990386740331491,-7.459668508287293,-9.78939226519337,-9.132955801104972,-5.296546961325967,18.13,18.29,19.35,15.93,22.44,19.51,-39.32,-37.76,-41.34,-39.44,-37.36,-44.33,51,45,34,51,49,26,2475.2400000000002,2566.1,2287.52,2770.18,2610.39,1933.8600000000001,0.4449171270718232,0.4562983425414365,0.6050828729281768,0.6219337016574585,0.4358011049723757,0.27077348066298346,7.41,6.02,5.41,8.44,4.79,7.27,0,0,0,0,0,0,80.53,82.59,109.52,112.57,78.88,49.01,52.74,96.82,96.11999999999999,88.58,62.730000000000004,39.35,204.1482320441989,219.00138121546962,235.76436464088397,221.3457458563536,199.49298342541437,250.5239226519337,39,52,70,59,52,45
LU9,LU9_41,LU9_2023,161.4,-8.014364640883977,19.23,-39.954,40.8,2423.384,0.4767292817679558,6.604,0,86.288,77.05,225.82170165745856,58,308,307,305,313,309,305,120,120,120,120,111,93,21.10839779005525,44.97303867403315,30.338729281767957,42.008729281767955,12.956298342541437,6.682044198895028,43.74,83.27,43.74,78.1,29.3,23.55,162,179,178,173,166,111,-8.454171270718232,-8.841243093922651,-7.361850828729282,-9.594226519337017,-9.007237569060774,-5.267265193370166,17.93,18.12,19.61,16.31,22.79,19.32,-38.87,-37.96,-40.87,-39.25,-37.45,-44.24,50,45,35,51,48,25,2460.84,2554.16,2284.39,2735.83,2606.36,1936.18,0.4843646408839779,0.506243093922652,0.612707182320442,0.6160773480662983,0.41099447513812154,0.2376243093922652,7.27,6.2,5.25,8.91,4.51,8.15,0,0,0,0,0,0,87.67,91.63,110.9,111.51,74.39,43.01,59.37,103.15,99,88.03999999999999,57.78,37.28,211.11513812154695,220.63259668508286,234.72348066298343,226.05657458563536,198.11165745856354,249.5841988950276,43,54,73,61,57,45
LU9,LU9_44,LU9_2023,162.8,-8.1976408839779,19.08,-40.108000000000004,41.4,2446.64,0.4805303867403315,6.558,0,86.976,78.32399999999998,224.7435138121547,56,308,307,305,313,309,305,120,120,120,120,113,96,18.94524861878453,41.470165745856356,33.86696132596685,44.409723756906075,15.09707182320442,7.810110497237569,38.67,79.19,50.67,79.64,33.2,25.86,159,179,178,173,170,114,-8.660165745856354,-9.047348066298342,-7.529530386740332,-9.873259668508288,-9.197403314917127,-5.340662983425414,17.98,18.19,19.44,15.92,22.33,19.52,-39.4,-37.75,-41.35,-39.6,-37.34,-44.5,51,45,36,51,49,26,2488.75,2578.2,2302.77,2786.93,2622.42,1942.88,0.4601657458563536,0.46281767955801106,0.6201104972375691,0.6348618784530387,0.44624309392265193,0.23861878453038673,7.39,6.04,5.72,8.76,4.9,7.37,0,0,0,0,0,0,83.29,83.77,112.24,114.91,80.77,43.19,54.31,98.79999999999998,98.54999999999998,90.67999999999999,63.87,39.72,204.7799447513812,217.9696685082873,235.52591160220996,221.02226519337017,199.35397790055248,249.8457458563536,39,52,70,58,53,47
LU9,LU9_5,LU9_2023,159.8,-7.736414364640884,19.3,-39.726,39.6,2366.766,0.4303646408839779,6.378,0,77.896,68.388,227.159635359116,58.2,308,307,305,313,309,305,120,120,120,120,109,93,18.28436464088398,35.33961325966851,25.02646408839779,38.19292817679558,12.332983425414366,4.847900552486188,40.27,68.84,37.4,71.94,28.03,19.51,158,179,178,173,164,105,-8.188370165745857,-8.5996408839779,-7.056104972375691,-9.226077348066298,-8.728618784530386,-5.071629834254144,18.44,18.48,19.22,16.36,23.22,19.22,-38.86,-38.06,-40.99,-38.61,-37.5,-43.47,49,45,32,51,46,24,2403.57,2502.45,2219.76,2661.94,2554.62,1895.06,0.42922651933701655,0.4530386740331492,0.5323756906077348,0.5622099447513812,0.38226519337016573,0.22193370165745857,7.33,6.12,4.8,8.24,4.49,8.24,0,0,0,0,0,0,77.69,82,96.36,101.76,69.19,40.17,54.190000000000005,90.39,84.63,81.86000000000001,54.230000000000004,30.830000000000002,210.01585635359115,224.22187845303867,235.03828729281767,228.22265193370166,197.80812154696133,250.50723756906078,41,56,74,63,56,42
LU9,LU9_51,LU9_2023,163.6,-8.313756906077348,19.018,-40.226,42.8,2465.9,0.4932817679558011,6.716,0,89.284,80.216,223.22537016574586,55.6,308,307,305,313,309,305,120,120,120,120,112,98,18.11099447513812,42.645138121546964,36.19082872928177,45.97933701657458,15.2007182320442,8.668011049723757,37.82,80.79,54.81,81.05,32.08,27.12,159,179,181,173,169,116,-8.79196132596685,-9.173011049723756,-7.6464088397790055,-10.0303591160221,-9.312348066298343,-5.406657458563536,17.97,18.19,19.37,15.79,22.1,19.64,-39.59,-37.85,-41.44,-39.74,-37.37,-44.73,52,45,37,56,50,26,2509.95,2598.96,2320.79,2818.13,2637.32,1954.3,0.4552486187845304,0.44922651933701657,0.6442541436464089,0.6579005524861878,0.43558011049723755,0.2794475138121547,7.37,6.02,6.03,8.34,5.36,7.83,0,0,0,0,0,0,82.4,81.31,116.61,119.08,78.84,50.58,53.96,98.93,102.2,92.54999999999998,65.47,41.93,203.2735359116022,215.53458563535912,236.17640883977901,218.94110497237568,194.76801104972375,250.70674033149172,39,49,72,57,51,49
LU9,LU9_55,LU9_2023,163,-8.255690607734806,19.054,-40.176,42.2,2458.576,0.491767955801105,6.704,0,89.01,80.336,224.64941436464088,56.2,308,307,305,313,309,305,120,120,120,120,113,97,19.396906077348067,44.0867955801105,33.46287292817679,44.94066298342541,15.373812154696132,8.33303867403315,39.16,83.05,49.92,81.67,33.61,26.8,159,179,178,173,170,115,-8.713370165745856,-9.099281767955802,-7.59353591160221,-9.949668508287292,-9.255193370165745,-5.380773480662984,17.85,18.09,19.52,15.91,22.23,19.52,-39.46,-37.78,-41.33,-39.74,-37.38,-44.65,51,46,37,53,49,26,2500.87,2589.29,2316.71,2802.27,2633.5099999999998,1951.1,0.47569060773480665,0.46994475138121544,0.6435359116022099,0.6465193370165746,0.45624309392265194,0.24259668508287294,7.32,6.06,5.98,8.97,5.04,7.47,0,0,0,0,0,0,86.1,85.06,116.48,117.02,82.58,43.91,55.5,102.21,102.56,90.83999999999999,65.03,41.04,204.67397790055247,217.3856906077348,235.7613812154696,220.72558011049725,199.36441988950276,250.01,39,51,70,58,54,48
LU9,LU9_57,LU9_2023,163,-8.266309392265192,19.058,-40.182,42.2,2460.102,0.4904309392265193,6.644,0,88.768,80.216,224.40946961325966,55.8,308,307,305,313,309,305,120,120,120,120,113,97,18.934198895027624,43.154972375690605,35.32364640883978,45.73552486187845,15.440386740331492,8.255414364640885,38.94,82.13,53.35,81.64,33.54,26.54,159,179,178,173,170,115,-8.740469613259668,-9.121022099447513,-7.605580110497238,-9.96243093922652,-9.261988950276242,-5.380524861878453,17.95,18.18,19.45,15.87,22.22,19.57,-39.55,-37.82,-41.42,-39.69,-37.35,-44.63,51,45,37,54,49,26,2505.28,2592.88,2318.39,2805.6,2632.98,1950.66,0.46348066298342544,0.46640883977900555,0.6371270718232044,0.6487845303867403,0.4585635359116022,0.24127071823204418,7.31,6.03,5.93,8.7,5.07,7.49,0,0,0,0,0,0,83.89,84.42,115.32,117.43,83,43.67,53.94,101.13,101.37,92.24,65.46,40.88,204.94309392265194,217.14303867403314,235.46574585635358,219.90662983425415,199.4670718232044,250.06486187845303,39,51,70,57,53,48
LU9,LU9_6,LU9_2023,160,-7.742430939226519,19.284,-39.734,39.6,2365.7439999999997,0.43521546961325963,6.343999999999999,0,78.774,68.456,227.4821546961326,58,308,307,305,313,309,305,120,120,120,120,109,93,16.341381215469614,34.5875138121547,24.905801104972376,38.077734806629834,12.335414364640885,5.277237569060773,35.78,67.99,37.26,71.4,27.98,20.59,156,179,178,173,164,106,-8.192624309392265,-8.60707182320442,-7.055220994475138,-9.23975138121547,-8.740331491712707,-5.069779005524862,18.47,18.5,19.18,16.32,23.18,19.24,-38.89,-38.03,-41.05,-38.63,-37.49,-43.47,49,45,32,51,46,24,2401.71,2500.87,2216.62,2663.92,2553.74,1893.57,0.4107734806629834,0.44093922651933704,0.5332044198895027,0.564585635359116,0.38176795580110495,0.25558011049723756,7.35,6.09,4.88,8.19,4.44,8.12,0,0,0,0,0,0,74.35,79.81,96.51,102.19,69.1,46.26,51.75,89.82,84.63,82.01,53.97,31.85,204.38160220994476,224.5071270718232,235.47707182320443,228.34906077348066,197.8492817679558,251.2282320441989,39,56,73,63,56,42
LU9,LU9_62,LU9_2023,161.8,-8.072922651933702,19.253999999999998,-40.002,41.4,2438.004,0.48478453038674035,6.678,0,87.746,78.742,225.0267955801105,58.2,308,307,305,313,309,305,120,120,120,120,110,95,21.83475138121547,46.90281767955801,33.35646408839779,43.30745856353591,12.750718232044198,7.202320441988951,44.83,86.93,47.91,79.34,28.52,24.27,163,179,179,173,165,113,-8.515165745856354,-8.895939226519337,-7.431325966850829,-9.66853591160221,-9.0546408839779,-5.314171270718232,17.86,18.08,19.73,16.32,22.74,19.4,-38.91,-37.9,-40.85,-39.35,-37.42,-44.49,51,45,36,52,49,25,2477.06,2568.21,2302.01,2752.3,2617.63,1949.8700000000001,0.49265193370165744,0.5080110497237569,0.6279558011049724,0.6368508287292818,0.41154696132596685,0.23955801104972377,7.14,6.23,5.5,9.18,4.49,7.99,0,0,0,0,0,0,89.17,91.95,113.66,115.27,74.49,43.36,60.599999999999994,106.05,101.39999999999999,89.87,57.47,38.92,210.8131491712707,219.48513812154695,234.11878453038673,225.25232044198896,196.82325966850829,249.45447513812155,44,55,74,60,56,46
LU9,LU9_63,LU9_2023,162,-8.124397790055248,19.19,-40.046,41.6,2444.43,0.4922541436464088,6.7,0,89.098,79.60799999999999,225.2223093922652,57.8,308,307,305,313,309,305,120,120,120,120,111,95,24.029834254143648,47.64243093922652,33.97436464088398,43.85895027624309,13.284419889502763,7.630773480662983,48.52,87.07,48.65,79.96,29.9,25.24,165,179,179,173,166,113,-8.5628453038674035,-8.944309392265193,-7.4771823204419885,-9.74660220994475,-9.115773480662984,-5.338121546961326,17.78,18.03,19.69,16.24,22.59,19.4,-38.92,-37.9,-40.89,-39.48,-37.41,-44.55,51,46,36,52,49,25,2482.25,2574.22,2306.45,2766.1,2624.2,1951.18,0.502707182320442,0.5127624309392265,0.6333149171270718,0.6470165745856353,0.42629834254143645,0.24187845303867403,7.19,6.2,5.7,9.13,4.47,8,0,0,0,0,0,0,90.99,92.81,114.63,117.11,77.16,43.78,61.03,106.29999999999998,101.95,90.72,59.279999999999994,39.79,210.96806629834253,219.1235359116022,234.4693370165746,224.5513812154696,198.2714917127072,249.6958011049724,46,54,73,60,56,46
LU9,LU9_64,LU9_2023,161.8,-8.105629834254144,19.227999999999998,-40.028,41.6,2442.81,0.48844198895027624,6.668,0,88.408,79.25,225.02349171270717,58,308,307,305,313,309,305,120,120,120,120,110,95,21.848397790055248,47.15469613259668,33.764972375690604,43.619447513812155,12.943370165745856,7.394585635359116,44.77,87.39,48.56,79.68,28.83,24.71,163,179,179,173,165,113,-8.550193370165745,-8.929585635359116,-7.46232044198895,-9.717790055248619,-9.090773480662984,-5.32767955801105,17.84,18.08,19.72,16.27,22.66,19.41,-38.95,-37.89,-40.9,-39.42,-37.41,-44.52,51,46,36,52,49,25,2482.59,2573.56,2306.56,2761.45,2621.76,1950.72,0.4960220994475138,0.5086187845303868,0.6332596685082873,0.6421546961325967,0.41756906077348066,0.24060773480662984,7.14,6.2,5.61,9.1,4.47,7.96,0,0,0,0,0,0,89.78,92.06,114.62,116.23,75.58,43.55,60.53,106.42999999999999,102.1,90.26,58.14,39.32,210.7507182320442,219.17325966850828,234.27259668508287,224.6914364640884,197.27193370165745,249.7082320441989,44,55,74,60,55,46
LU9,LU9_65,LU9_2023,163,-8.251486187845304,19.104,-40.160000000000004,42,2462.302,0.4941988950276243,6.718,0,89.45,79.694,224.27162430939228,56.6,308,307,305,313,309,305,120,120,120,120,112,97,22.99414364640884,45.806795580110496,33.46447513812155,44.80220994475138,13.922983425414365,8.259779005524862,45.62,83.76,49.84,81.81,30.11,26.54,163,179,179,173,169,115,-8.707127071823205,-9.092154696132596,-7.598867403314917,-9.934585635359117,-9.242209944751382,-5.389613259668508,17.81,18.06,19.63,15.99,22.31,19.53,-39.38,-37.81,-41.19,-39.71,-37.38,-44.71,51,46,36,54,49,25,2505.33,2592.92,2323.74,2801.36,2636.86,1956.63,0.4824309392265193,0.4935911602209945,0.6411602209944751,0.6467955801104972,0.44574585635359115,0.24370165745856354,7.18,6.09,6.01,9.07,4.82,7.6,0,0,0,0,0,0,87.32,89.34,116.05,117.07000000000001,80.68,44.11,54.190000000000005,102.44000000000001,102.58000000000001,91.04000000000002,61.29,41.12,206.20762430939226,216.95033149171272,235.1628729281768,221.22917127071824,198.00226519337016,250.01348066298343,44,53,71,58,53,48
LU9,LU9_67,LU9_2023,163.6,-8.311325966850829,19.038,-40.238,43.4,2468.578,0.494353591160221,6.74,0,89.478,81.452,224.08660773480662,56,308,307,305,313,309,305,120,120,120,120,113,97,18.839226519337018,44.76121546961326,37.03022099447514,46.63121546961326,15.876353591160221,8.621436464088397,38.51,83.4,54.91,82.56,33.78,27.16,159,179,181,173,170,115,-8.78743093922652,-9.16585635359116,-7.653563535911602,-10.022016574585635,-9.306823204419889,-5.408370165745857,17.9,18.14,19.46,15.85,22.14,19.6,-39.63,-37.85,-41.44,-39.77,-37.39,-44.74,51,46,39,56,50,26,2514.44,2601.45,2327.65,2817.7,2640.21,1955.88,0.45370165745856356,0.4580662983425414,0.6456353591160221,0.6581767955801104,0.466353591160221,0.24353591160220994,7.29,6.04,6.1,8.74,5.18,7.64,0,0,0,0,0,0,82.12,82.91,116.86,119.13,84.41,44.08,53.629999999999995,102.11,102.65,93.35,67.37,41.78,202.21027624309392,215.1635359116022,235.56254143646407,219.68491712707183,199.63685082872928,250.38519337016575,39,51,72,57,52,48
LU9,LU9_68,LU9_2023,163.8,-8.352226519337016,19.016000000000002,-40.29,43.4,2475.1,0.4899116022099448,6.788,0,88.67399999999999,81.41799999999999,222.76707182320442,55.8,308,307,305,313,309,305,120,120,120,120,113,98,18.21475138121547,45.02138121546961,37.953756906077345,46.68110497237569,15.397790055248619,8.929613259668509,37.9,84.46,56.54,82.58,32.35,27.56,159,179,181,173,170,116,-8.836270718232043,-9.211629834254143,-7.693480662983426,-10.07732044198895,-9.346767955801106,-5.431933701657458,17.91,18.16,19.42,15.8,22.05,19.65,-39.74,-37.89,-41.51,-39.81,-37.43,-44.81,52,46,38,57,50,26,2522.13,2608.73,2333.42,2828.64,2644.79,1959.92,0.45298342541436465,0.45314917127071824,0.6513259668508288,0.6595580110497238,0.4413812154696133,0.2441436464088398,7.28,6.03,6.19,8.49,5.36,7.87,0,0,0,0,0,0,81.99,82.02,117.89,119.38,79.89,44.19,53.059999999999995,102.13,103.41,92.589999999999975,66.4,42.56,202.21375690607735,214.636408839779,235.83767955801105,218.3428729281768,194.39845303867403,250.6199447513812,39,50,72,57,51,49
LU9,LU9_7,LU9_2023,159.8,-7.79696132596685,19.274,-39.774,39.6,2376.7219999999998,0.43741436464088396,6.342,0,79.172,69.31,226.8157900552486,57.4,308,307,305,313,309,305,120,120,120,120,109,93,17.922983425414365,36.249060773480664,25.654419889502762,38.55066298342541,12.575082872928176,5.176353591160221,38.49,70.07,38.02,72.31,28.48,20.31,158,179,178,173,164,105,-8.246491712707183,-8.656906077348067,-7.115939226519337,-9.312292817679557,-8.79243093922652,-5.107237569060773,18.39,18.43,19.26,16.31,23.1,19.27,-38.9,-38,-41.03,-38.75,-37.48,-43.61,49,45,32,51,46,24,2413.05,2511.12,2229.29,2678.33,2563.59,1901.28,0.4239779005524862,0.45646408839779007,0.5412707182320442,0.5754696132596685,0.39005524861878454,0.22381215469613258,7.36,6.1,4.77,8.29,4.44,8.11,0,0,0,0,0,0,76.74,82.62,97.97,104.16,70.6,40.51,52.2,91.41999999999999,86.07000000000001,82.19,54.940000000000005,31.929999999999996,205.4938674033149,223.4790055248619,234.69657458563535,227.12182320441988,198.21254143646408,250.5690055248619,41,56,73,62,55,41
LU9,LU9_72,LU9_2023,161.6,-8.107546961325967,19.262,-40.022,41.6,2445.604,0.4841767955801105,6.638,0,87.636,78.39999999999999,224.8345414364641,58,308,307,305,313,309,305,120,120,120,120,110,95,21.566906077348065,45.54011049723757,33.71574585635359,43.6024861878453,12.876243093922652,7.280662983425414,44.26,85.06,50.16,79.73,28.67,24.36,163,179,179,173,165,112,-8.561629834254143,-8.936850828729282,-7.470828729281768,-9.718618784530387,-9.081988950276243,-5.329447513812155,17.89,18.12,19.75,16.28,22.71,19.45,-38.99,-37.87,-40.92,-39.38,-37.4,-44.54,51,46,36,52,49,25,2488.2,2577.72,2311.59,2762.95,2622.55,1953.21,0.490939226519337,0.5001104972375691,0.6249171270718232,0.6402209944751381,0.41602209944751384,0.23961325966850827,7.05,6.21,5.59,9.07,4.44,7.88,0,0,0,0,0,0,88.86,90.52,113.11,115.88,75.3,43.37,60.09,103.81000000000002,100.75999999999998,90.1,58.13,39.199999999999996,209.725635359116,218.27088397790055,234.8282872928177,224.35298342541438,197.02668508287292,249.69386740331493,44,55,75,60,55,45
LU9,LU9_73,LU9_2023,163.4,-8.245911602209944,19.13,-40.153999999999996,41.8,2462.944,0.492121546961326,6.6899999999999995,0,89.074,79.734,224.11472928176795,57,308,307,305,313,309,305,120,120,120,120,112,97,22.626408839779007,46.48718232044199,33.991546961325966,44.71403314917127,13.837237569060774,8.12513812154696,44.93,85.04,50.02,81.74,29.98,26.22,163,179,181,173,169,115,-8.706049723756905,-9.088618784530386,-7.596988950276243,-9.922845303867403,-9.231629834254143,-5.389475138121547,17.84,18.08,19.65,16.02,22.35,19.55,-39.4,-37.83,-41.19,-39.68,-37.35,-44.72,51,46,36,53,49,25,2507.2,2594.05,2325.65,2800.04,2636.69,1958.29,0.48535911602209947,0.48961325966850827,0.6380110497237569,0.6456353591160221,0.4439779005524862,0.24337016574585635,7.12,6.1,5.98,9.04,4.73,7.6,0,0,0,0,0,0,87.85,88.62,115.48,116.86,80.36,44.05,55.18000000000001,103.56,102.18,90.89999999999999,61.169999999999995,40.86,205.93215469613259,216.70850828729283,234.92585635359117,221.2482320441989,197.85486187845305,249.83618784530387,44,53,72,59,53,48
LU9,LU9_75,LU9_2023,163.6,-8.270408839779005,19.094,-40.178,42.4,2464.872,0.4911049723756906,6.658,0,88.89,80.472,224.01681767955802,56.4,308,307,305,313,309,305,120,120,120,120,113,97,19.562872928176795,45.27,34.676187845303865,45.25585635359116,15.054364640883978,8.22475138121547,39.4,85.02,51.3,82.27,32.57,26.46,160,179,181,173,170,115,-8.743397790055248,-9.121906077348067,-7.620524861878453,-9.961933701657458,-9.259088397790055,-5.388591160220995,17.89,18.13,19.57,15.94,22.28,19.55,-39.55,-37.85,-41.35,-39.7,-37.33,-44.66,51,46,38,54,49,25,2511.87,2597.96,2327.53,2807.18,2637.48,1954.21,0.4758011049723757,0.4704419889502762,0.6408839779005525,0.6504419889502763,0.45060773480662986,0.24314917127071825,7.16,6.07,6.01,8.91,4.89,7.41,0,0,0,0,0,0,86.12,85.15,116,117.73,81.56,44.01,55.379999999999995,103.55999999999999,102.21,91.22999999999999,64.36,41,204.1418784530387,216.372817679558,235.13806629834255,220.4299447513812,197.92165745856354,250.22160220994476,40,52,71,57,54,48
LU9,LU9_76,LU9_2023,163.6,-8.320906077348067,19.067999999999998,-40.248,43.2,2474.094,0.49920441988950276,6.756,0,90.356,82.208,223.87804419889503,56.2,308,307,305,313,309,305,120,120,120,120,113,97,21.299447513812154,46.75828729281768,37.55370165745856,47.00618784530387,15.54817679558011,8.607016574585636,42.98,86.55,55.87,83.44,32.82,27.09,163,179,181,173,170,115,-8.799171270718231,-9.174337016574585,-7.673950276243094,-10.02914364640884,-9.308950276243094,-5.418149171270718,17.85,18.11,19.57,15.9,22.18,19.58,-39.66,-37.89,-41.4,-39.78,-37.4,-44.77,51,46,39,56,50,25,2522.42,2607.67,2337.4,2820.75,2645.04,1959.61,0.4562983425414365,0.477292817679558,0.6517679558011049,0.6614364640883977,0.4601657458563536,0.24535911602209945,7.13,6.07,6.18,8.93,5.03,7.57,0,0,0,0,0,0,82.59,86.39,117.97,119.72,83.29,44.410000000000004,53.81999999999999,104.83999999999999,103.72999999999999,94.05999999999999,66.49,41.92,201.7578453038674,215.75839779005526,235.30767955801105,219.9003867403315,197.9545856353591,250.46917127071822,43,52,71,57,53,48
LU9,LU9_77,LU9_2023,163.6,-8.330160220994475,19.052,-40.258,43.4,2474.222,0.4951712707182321,6.756,0,89.626,81.59,223.48082872928177,56,308,307,305,313,309,305,120,120,120,120,113,97,19.174585635359115,45.2710497237569,37.689447513812155,47.0828729281768,15.687845303867404,8.681270718232044,39.14,84.28,56.15,83.71,32.88,27.22,160,179,181,173,170,115,-8.811740331491713,-9.18671270718232,-7.679834254143646,-10.043093922651934,-9.320027624309393,-5.421132596685083,17.88,18.14,19.51,15.86,22.14,19.61,-39.69,-37.89,-41.45,-39.78,-37.4,-44.77,51,46,39,57,50,25,2522.37,2608.04,2336.01,2823.13,2644.62,1959.31,0.4571270718232044,0.46099447513812153,0.6485082872928177,0.657182320441989,0.46397790055248617,0.24519337016574586,7.18,6.05,6.17,8.84,5.1,7.62,0,0,0,0,0,0,82.74,83.44,117.38,118.95,83.98,44.38,54.05,102.60999999999999,103.25,93.15999999999998,66.94000000000001,41.99,202.13878453038674,214.53149171270718,235.3375138121547,218.92546961325968,198.13596685082874,250.47370165745855,40,52,71,57,52,48
LU9,LU9_79,LU9_2023,161.4,-8.086187845303867,19.322,-40.016,41.8,2445.2799999999997,0.49281767955801103,6.64,0,89.2,79.388,226.07039779005524,58.8,308,307,305,313,311,305,120,120,120,120,112,95,21.752872928176796,46.8743093922652,33.92972375690608,44.11243093922652,13.579668508287293,7.318453038674033,44.37,86.96,51.08,81.55,31.16,24.06,163,179,179,173,164,112,-8.54243093922652,-8.916657458563536,-7.459033149171271,-9.681022099447514,-9.046767955801105,-5.327458563535911,17.91,18.13,19.81,16.38,22.82,19.47,-38.98,-37.88,-40.87,-39.31,-37.44,-44.58,51,46,36,52,50,25,2488.0099999999998,2577.04,2313.16,2757.96,2621.5,1956.74,0.4862430939226519,0.5101657458563535,0.6360773480662983,0.6596685082872928,0.415414364640884,0.24276243093922653,7.02,6.28,5.56,9.11,4.45,7.8,0,0,0,0,0,0,88.01,92.34,115.13,119.4,75.19,43.94,60.50999999999999,105.54,101.89,91.82,58.28,39.41,208.02955801104972,218.34668508287294,236.8553038674033,226.1957458563536,199.21265193370166,249.74160220994474,44,57,75,60,57,45
LU9,LU9_8,LU9_2023,160.2,-7.816386740331492,19.244,-39.8,39.6,2378.074,0.44316022099447516,6.3420000000000005,0,80.212,69.938,226.930773480663,57.2,308,307,305,313,309,305,120,120,120,120,110,93,16.80414364640884,36.17574585635359,25.823977900552485,38.690441988950276,12.717182320441989,5.7569060773480665,36.29,70.4,38.12,72.38,28.74,21.74,156,179,178,173,165,106,-8.260055248618784,-8.674254143646408,-7.129502762430939,-9.343011049723756,-8.818922651933702,-5.116243093922652,18.36,18.41,19.23,16.27,23.03,19.28,-38.91,-37.99,-41.06,-38.82,-37.48,-43.65,49,45,32,51,46,24,2412.57,2511.39,2228.51,2683.18,2565.37,1901.92,0.41928176795580113,0.4470718232044199,0.5455801104972375,0.5699447513812155,0.393646408839779,0.25955801104972376,7.42,6.09,4.84,8.31,4.42,8.05,0,0,0,0,0,0,75.89,80.92,98.75,103.16,71.25,46.980000000000004,52,91.96000000000001,86.72,82.36,55.25,33.4,204.0053038674033,223.62187845303868,234.88198895027625,226.82093922651933,198.22580110497236,251.1032596685083,39,55,73,61,56,41
LU9,LU9_80,LU9_2023,161.4,-8.090756906077349,19.298000000000002,-40.012,41.8,2444.506,0.4902099447513812,6.636,0,88.72800000000001,78.972,225.96462983425414,58.4,308,307,305,313,311,305,120,120,120,120,112,95,21.745580110497237,45.419944751381216,34.0875138121547,44.17756906077348,13.672651933701658,7.236132596685083,44.63,84.8,51.59,81.52,31.27,24.05,163,179,179,173,164,112,-8.546574585635359,-8.921519337016575,-7.458674033149172,-9.691491712707183,-9.057486187845305,-5.324613259668508,17.91,18.14,19.78,16.33,22.78,19.46,-38.99,-37.88,-40.89,-39.33,-37.41,-44.55,51,46,36,52,50,25,2487.33,2576.66,2311.45,2758.8,2621.09,1954.53,0.4878453038674033,0.5000552486187845,0.6312154696132597,0.6602762430939226,0.4165745856353591,0.24292817679558013,7.02,6.24,5.54,9.1,4.45,7.85,0,0,0,0,0,0,88.3,90.51,114.25,119.51,75.4,43.97,60.09,103.46,101.98000000000002,91.83999999999999,58.48,39.1,209.73635359116022,218.19309392265194,236.6717127071823,225.9788397790055,199.3279005524862,249.65160220994474,44,56,74,60,57,45
LU9,LU9_81,LU9_2023,163.4,-8.257381215469614,19.118,-40.17,42,2464.45,0.49188950276243093,6.672,0,89.03200000000001,79.926,224.06867403314916,56.4,308,307,305,313,309,305,120,120,120,120,112,97,19.980662983425415,45.55182320441989,34.474530386740334,45.03204419889503,13.960497237569061,8.137569060773481,40.25,85.28,50.95,82.11,30.06,26.25,161,179,181,173,169,115,-8.726132596685083,-9.105331491712708,-7.609613259668508,-9.940690607734807,-9.241933701657459,-5.3893370165745855,17.87,18.11,19.62,15.98,22.33,19.55,-39.5,-37.85,-41.29,-39.68,-37.33,-44.7,51,46,37,53,49,25,2511.05,2596.91,2328.03,2803.45,2637,1956.86,0.4877900552486188,0.4808839779005525,0.6397237569060773,0.6484530386740331,0.44712707182320444,0.24325966850828729,7.11,6.09,6,8.97,4.79,7.51,0,0,0,0,0,0,88.29,87.04,115.79,117.37,80.93,44.03,55.6,103.72,102.32000000000001,91.13000000000001,61.599999999999994,40.86,206.73386740331492,216.56955801104974,235.01917127071823,220.84812154696132,197.93790055248618,249.96861878453038,41,52,72,57,53,48
LU9,LU9_82,LU9_2023,163.4,-8.313486187845303,19.09,-40.238,43.2,2474.402,0.4964088397790055,6.728,0,89.85,81.62,223.67395580110497,56,308,307,305,313,309,305,120,120,120,120,113,97,21.39353591160221,46.73624309392265,35.75016574585636,45.96574585635359,15.434696132596684,8.515966850828729,43.21,86.44,53.18,83.28,32.74,26.88,163,179,181,173,170,114,-8.791767955801104,-9.165939226519336,-7.669944751381215,-10.015662983425415,-9.297430939226519,-5.418453038674033,17.85,18.11,19.6,15.93,22.22,19.59,-39.65,-37.9,-41.37,-39.76,-37.38,-44.78,51,46,39,56,50,25,2523.23,2607.87,2338.98,2818.77,2645.01,1961.38,0.47033149171270716,0.4775138121546961,0.6488397790055249,0.6532596685082873,0.4571270718232044,0.24530386740331492,7.07,6.08,6.16,8.95,4.94,7.51,0,0,0,0,0,0,85.13,86.42999999999999,117.44,118.24,82.74,44.4,53.78,104.62000000000002,103.42,92.11,66.19,41.76,203.78685082872929,215.60055248618784,235.07961325966852,219.53132596685083,197.8132044198895,250.34508287292817,43,52,71,57,53,47
LU9,LU9_85,LU9_2023,161.4,-8.072243093922651,19.36,-40.012,41.8,2444.626,0.4959889502762431,6.644,0,89.774,79.832,226.52870718232043,59.2,308,307,305,313,311,305,120,120,120,120,112,95,21.93353591160221,47.02701657458564,34.60447513812154,44.009171270718234,13.44171270718232,7.245193370165746,44.23,87.27,53.57,81.39,30.94,23.88,163,179,179,173,164,112,-8.53196132596685,-8.903674033149171,-7.451104972375691,-9.658232044198895,-9.025055248618784,-5.323149171270718,17.92,18.14,19.84,16.45,22.88,19.49,-38.97,-37.9,-40.84,-39.26,-37.45,-44.61,51,46,36,52,50,25,2487.91,2576.66,2313.78,2754.66,2619.82,1958.21,0.494475138121547,0.5107734806629834,0.6553038674033149,0.6588950276243094,0.4126519337016575,0.24232044198895028,7.01,6.33,5.54,9.11,4.45,7.79,0,0,0,0,0,0,89.5,92.45,118.61,119.26,74.69,43.86,62.199999999999996,105.74999999999999,104.3,91.86,58.01,39.239999999999995,207.89906077348067,218.42878453038674,239.00591160220995,226.46265193370166,199.1060220994475,249.64016574585636,44,57,75,61,57,46
LU9,LU9_86,LU9_2023,162.4,-8.317585635359116,19.132,-40.262,42.8,2478.3940000000002,0.5078121546961326,6.742,0,91.914,81.628,224.5932044198895,55.8,308,307,305,313,311,305,120,120,120,120,112,97,22.376132596685082,45.93911602209945,38.57756906077348,46.59220994475138,13.85121546961326,8.56596685082873,44.33,85.09,60.04,84.45,30.16,26.83,163,179,181,173,165,114,-8.791878453038674,-9.164447513812155,-7.678066298342541,-10.014198895027624,-9.293839779005525,-5.437375690607735,17.8,18.1,19.68,15.98,22.26,19.64,-39.66,-37.91,-41.33,-39.77,-37.39,-44.91,51,46,38,55,50,25,2527.11,2610.65,2344.46,2819.37,2647.84,1969.65,0.49464088397790057,0.48569060773480666,0.6607182320441989,0.6986187845303867,0.44795580110497235,0.24607734806629833,6.98,6.11,6.22,9.04,4.87,7.47,0,0,0,0,0,0,89.53,87.91,119.59,126.45,81.08,44.54,56.32,103.08000000000001,105.48,95.42,62.19,41.97,206.26668508287293,215.4592817679558,238.54149171270717,221.31519337016576,197.7339226519337,249.9161325966851,43,52,73,58,50,46
LU9,LU9_87,LU9_2023,164,-8.381867403314917,19.064,-40.334,43.6,2486.54,0.5140110497237569,6.886,0,93.036,82.718,224.17251933701658,56.4,308,305,305,313,309,305,120,120,120,120,113,98,24.323867403314917,47.695635359116025,40.99414364640884,48.53436464088398,15.802044198895027,9.099944751381216,48.02,85.01,64.05,85.61,33.1,27.88,166,181,181,173,170,115,-8.861657458563537,-9.234033149171271,-7.740082872928177,-10.108121546961327,-9.367348066298343,-5.45975138121547,17.77,18.12,19.6,15.89,22.08,19.63,-39.8,-37.93,-41.44,-39.88,-37.49,-44.93,52,46,40,57,50,25,2535.91,2619.9900000000002,2351.22,2837.21,2655.49,1968.79,0.4667403314917127,0.4738121546961326,0.6783977900552486,0.6975690607734807,0.471767955801105,0.24850828729281768,7.05,6.09,6.41,9.03,5.15,7.75,0,0,0,0,0,0,84.48,85.76,122.79,126.26,85.39,44.980000000000004,55.59000000000001,98.61,107.63999999999999,96.22,67.99000000000001,43.13,201.3778453038674,213.9403867403315,239.6114364640884,218.64629834254143,197.94591160220995,250.7185635359116,46,54,72,56,53,47
LU9,LU9_90,LU9_2023,164.2,-8.456292817679557,19.018,-40.422,44,2498.3940000000002,0.5057790055248619,6.928,0,91.546,82.688,222.19439779005523,55.8,308,305,305,313,309,305,120,120,120,120,112,99,24.64436464088398,48.1928729281768,39.24022099447514,50.21618784530387,15.629834254143645,9.592541436464089,49.12,86.95,60.42,88.92,31.88,28.47,167,181,181,173,169,117,-8.957458563535912,-9.324585635359115,-7.8128729281767955,-10.208701657458564,-9.4384254143646409,-5.496878453038674,17.83,18.16,19.5,15.78,21.93,19.72,-40.06,-38.04,-41.61,-39.93,-37.51,-45.02,53,46,40,59,50,25,2551.43,2635.33,2362.3,2857.66,2662.94,1973.74,0.47602209944751384,0.4761325966850829,0.6593370165745857,0.691878453038674,0.45160220994475136,0.24994475138121547,6.98,6.05,6.52,8.56,5.36,8.15,0,0,0,0,0,0,86.16,86.18,119.34,125.23,81.74,45.24,56.43,99.27,104.59,97.35,67.87,44.36,203.063591160221,212.99883977900552,235.58414364640885,217.82055248618784,193.2374585635359,251.3309944751381,47,53,72,55,50,49
LU9,LU9_93,LU9_2023,161.6,-8.12875690607735,19.342,-40.08,41.8,2455.384,0.5066961325966851,6.736,0,91.71199999999999,81.598,226.39939226519337,58.8,308,307,305,313,311,305,120,120,120,120,112,96,24.288287292817678,49.254530386740335,35.66900552486188,44.778950276243094,13.631160220994476,7.889447513812154,48.03,89.84,54.93,82.55,31.38,25.09,166,179,179,173,164,113,-8.583729281767956,-8.954944751381216,-7.510524861878453,-9.735331491712707,-9.07986187845304,-5.3631215469613265,17.8,18.06,19.88,16.48,22.77,19.52,-38.98,-37.91,-40.84,-39.42,-37.43,-44.8,51,46,36,52,50,25,2497.93,2586.45,2324.75,2769.94,2628.79,1966.99,0.5056906077348067,0.5224861878453039,0.6726519337016574,0.6716574585635359,0.4210497237569061,0.2456353591160221,6.99,6.36,5.81,9.29,4.44,7.78,0,0,0,0,0,0,91.53,94.57,121.75,121.57,76.21,44.46,63.33,108.12,106.99,93.34,58.82,40.72,207.73635359116022,217.83812154696133,239.10917127071824,225.99519337016574,199.3564640883978,249.69801104972376,47,57,74,61,56,46
LU9,LU9_94,LU9_2023,162.2,-8.179508287292817,19.334,-40.136,42.2,2464.9139999999998,0.5143867403314917,6.786,0,93.104,83.488,226.337226519337,58.8,308,307,305,313,311,305,120,120,120,120,112,97,24.749889502762432,52.07966850828729,37.470883977900556,45.60983425414365,13.825524861878453,8.36878453038674,48.64,94.14,56.2,84.07,31.79,25.95,166,179,181,173,164,114,-8.633370165745857,-9.003563535911603,-7.562983425414364,-9.80475138121547,-9.129696132596685,-5.396546961325967,17.72,18.07,19.91,16.47,22.67,19.55,-39.03,-37.93,-40.85,-39.54,-37.43,-44.93,52,46,36,54,50,25,2507.46,2595.55,2334.54,2783.91,2636.96,1973.61,0.5140883977900552,0.5253591160220994,0.6847513812154696,0.684585635359116,0.4292817679558011,0.24795580110497237,6.95,6.35,6.02,9.39,4.42,7.75,0,0,0,0,0,0,93.05,95.09,123.94,123.91,77.7,44.88,64.04,112.26,108.83000000000001,94.93999999999998,59.59,41.82,208.49585635359117,217.05082872928176,239.30082872928176,225.79806629834255,199.67265193370164,249.86375690607736,47,56,74,61,56,47
LU9,LU9_96,LU9_2023,163,-8.338823204419889,19.152,-40.286,43.4,2484.468,0.509646408839779,6.752,0,92.24600000000001,80.856,224.34634254143646,56.2,308,305,305,313,311,305,120,120,120,120,112,98,25.299834254143647,47.58790055248619,38.668342541436466,46.71640883977901,13.864475138121547,8.639723756906077,50.14,85.27,60.54,84.95,30.14,26.81,167,181,181,173,165,115,-8.819613259668508,-9.1884254143646409,-7.7048342541436465,-10.037486187845303,-9.306988950276244,-5.456381215469613,17.82,18.12,19.7,15.99,22.26,19.69,-39.74,-37.96,-41.35,-39.76,-37.37,-44.99,52,46,39,57,50,25,2534.95,2617.25,2352.17,2825.28,2651.93,1975.71,0.4840331491712707,0.4886740331491713,0.6633701657458564,0.6986187845303867,0.45060773480662986,0.24696132596685083,6.88,6.12,6.25,9.01,4.91,7.47,0,0,0,0,0,0,87.61,88.45,120.07000000000001,126.45,81.56,44.7,57.71,98.52999999999999,105.88000000000001,95.03,62.61,42.23,206.56839779005526,214.5303867403315,238.50662983425414,220.99187845303868,197.74917127071822,249.95364640883977,47,54,73,57,50,47
LU9,LU9_98,LU9_2023,163.8,-8.4052817679558,19.092,-40.38,43.6,2493.382,0.5179226519337017,6.938,0,93.744,83.46000000000001,224.3197237569061,56.6,308,305,305,313,311,305,120,120,120,120,113,99,24.73718232044199,48.3960773480663,41.41265193370166,48.6332044198895,15.299116022099447,9.307790055248619,48.7,86.37,64.75,86.84,33.16,28.12,167,181,181,173,168,116,-8.88317679558011,-9.252596685082873,-7.767209944751381,-10.133839779005525,-9.3846408839779,-5.488121546961326,17.71,18.14,19.66,15.91,22.07,19.68,-39.85,-37.95,-41.42,-39.92,-37.53,-45.08,52,46,40,57,50,25,2542.97,2625.77,2359.38,2843.07,2660.76,1977.93,0.4802209944751381,0.47878453038674035,0.682596685082873,0.7135911602209944,0.46447513812154695,0.2501657458563536,6.96,6.1,6.52,9.13,5.15,7.79,0,0,0,0,0,0,86.92,86.66,123.55,129.16,84.07000000000001,45.28,56.239999999999995,99.62000000000002,108.48999999999998,98.9,66.61,43.68000000000001,203.85447513812156,213.6443093922652,239.3742541436464,220.11569060773482,197.89403314917126,250.5703314917127,47,54,73,56,52,48
